click_id,impression_id,timestamp,customer_id,merchant_id,ad_placement
clk_0003276,imp_00031193,2026-08-01 00:05:40,usr_004932,merch_0060,search_sponsored_item
clk_0003404,imp_00032353,2026-08-01 00:08:30,usr_001596,merch_0131,search_sponsored_item
clk_0000543,imp_00004946,2026-08-01 00:09:58,usr_004713,merch_0163,feed_banner_top
clk_0002862,imp_00027183,2026-08-01 00:12:21,usr_004593,merch_0041,feed_banner_top
clk_0006300,imp_00059824,2026-08-01 00:53:28,usr_000616,merch_0085,search_sponsored_item
clk_0004640,imp_00043799,2026-08-01 01:10:19,usr_000580,merch_0110,search_sponsored_item
clk_0003627,imp_00034548,2026-08-01 01:19:42,usr_001482,merch_0032,search_sponsored_item
clk_0003780,imp_00035891,2026-08-01 01:21:42,usr_001081,merch_0097,feed_banner_top
clk_0003510,imp_00033381,2026-08-01 01:24:58,usr_002288,merch_0039,category_highlight
clk_0001289,imp_00011929,2026-08-01 01:26:11,usr_001876,merch_0178,search_sponsored_item
clk_0004602,imp_00043508,2026-08-01 02:05:07,usr_002786,merch_0025,search_sponsored_item
clk_0000792,imp_00007441,2026-08-01 02:16:36,usr_000171,merch_0092,category_highlight
clk_0004893,imp_00045964,2026-08-01 02:31:24,usr_004019,merch_0104,search_sponsored_item
clk_0001016,imp_00009389,2026-08-01 02:33:32,usr_000175,merch_0104,post_order_carousel
clk_0000594,imp_00005456,2026-08-01 03:02:46,usr_004081,merch_0083,search_sponsored_item
clk_0006216,imp_00058990,2026-08-01 03:14:12,usr_001030,merch_0047,search_sponsored_item
clk_0002365,imp_00022205,2026-08-01 03:25:55,usr_000008,merch_0052,search_sponsored_item
clk_0005838,imp_00055079,2026-08-01 03:32:37,usr_004915,merch_0111,post_order_carousel
clk_0005588,imp_00052750,2026-08-01 03:36:05,usr_004002,merch_0163,search_sponsored_item
clk_0002461,imp_00023130,2026-08-01 03:40:01,usr_000943,merch_0019,post_order_carousel
clk_0003805,imp_00036082,2026-08-01 03:44:48,usr_001521,merch_0089,search_sponsored_item
clk_0002869,imp_00027254,2026-08-01 03:50:36,usr_003891,merch_0086,post_order_carousel
clk_0002663,imp_00025134,2026-08-01 04:11:31,usr_000947,merch_0135,category_highlight
clk_0000868,imp_00008148,2026-08-01 04:11:56,usr_001959,merch_0170,feed_banner_top
clk_0003618,imp_00034462,2026-08-01 04:42:33,usr_000599,merch_0162,search_sponsored_item
clk_0000191,imp_00001829,2026-08-01 04:52:48,usr_003845,merch_0052,search_sponsored_item
clk_0002172,imp_00020356,2026-08-01 04:55:14,usr_001680,merch_0041,feed_banner_top
clk_0006295,imp_00059766,2026-08-01 05:02:16,usr_004166,merch_0033,search_sponsored_item
clk_0003146,imp_00029918,2026-08-01 05:08:44,usr_002512,merch_0001,feed_banner_top
clk_0003343,imp_00031748,2026-08-01 05:33:05,usr_004556,merch_0062,feed_banner_top
clk_0002028,imp_00018809,2026-08-01 05:44:30,usr_001480,merch_0112,search_sponsored_item
clk_0003215,imp_00030583,2026-08-01 06:00:12,usr_000660,merch_0072,search_sponsored_item
clk_0004001,imp_00037767,2026-08-01 06:01:16,usr_003819,merch_0037,post_order_carousel
clk_0006294,imp_00059765,2026-08-01 06:32:50,usr_004063,merch_0104,search_sponsored_item
clk_0001265,imp_00011706,2026-08-01 06:43:07,usr_000544,merch_0200,feed_banner_top
clk_0000983,imp_00009057,2026-08-01 06:43:32,usr_001258,merch_0128,feed_banner_top
clk_0004333,imp_00040954,2026-08-01 07:08:39,usr_000500,merch_0025,search_sponsored_item
clk_0000991,imp_00009118,2026-08-01 07:24:22,usr_004642,merch_0030,post_order_carousel
clk_0000685,imp_00006356,2026-08-01 07:40:43,usr_001507,merch_0044,category_highlight
clk_0005758,imp_00054215,2026-08-01 08:06:25,usr_000049,merch_0069,search_sponsored_item
clk_0006234,imp_00059195,2026-08-01 08:08:24,usr_002695,merch_0183,search_sponsored_item
clk_0000646,imp_00005962,2026-08-01 08:30:38,usr_000873,merch_0181,search_sponsored_item
clk_0005535,imp_00052194,2026-08-01 08:44:44,usr_000090,merch_0036,search_sponsored_item
clk_0001326,imp_00012309,2026-08-01 08:48:29,usr_002760,merch_0072,search_sponsored_item
clk_0003041,imp_00028906,2026-08-01 08:58:11,usr_003913,merch_0017,feed_banner_top
clk_0001397,imp_00012889,2026-08-01 09:02:40,usr_002453,merch_0077,search_sponsored_item
clk_0002218,imp_00020805,2026-08-01 09:04:00,usr_000932,merch_0178,feed_banner_top
clk_0003819,imp_00036217,2026-08-01 09:12:12,usr_004197,merch_0004,search_sponsored_item
clk_0001179,imp_00011103,2026-08-01 09:40:05,usr_002908,merch_0186,search_sponsored_item
clk_0005122,imp_00048183,2026-08-01 09:56:16,usr_004887,merch_0030,feed_banner_top
clk_0005916,imp_00055676,2026-08-01 10:00:23,usr_004283,merch_0178,search_sponsored_item
clk_0003978,imp_00037599,2026-08-01 10:02:04,usr_000104,merch_0150,search_sponsored_item
clk_0002785,imp_00026399,2026-08-01 10:15:06,usr_001930,merch_0111,search_sponsored_item
clk_0000095,imp_00000852,2026-08-01 10:15:49,usr_003891,merch_0199,search_sponsored_item
clk_0004047,imp_00038146,2026-08-01 10:18:56,usr_001301,merch_0149,post_order_carousel
clk_0005082,imp_00047796,2026-08-01 10:21:23,usr_004071,merch_0188,post_order_carousel
clk_0001874,imp_00017291,2026-08-01 10:36:48,usr_001266,merch_0097,search_sponsored_item
clk_0005409,imp_00051008,2026-08-01 10:41:46,usr_000776,merch_0147,post_order_carousel
clk_0003641,imp_00034692,2026-08-01 10:47:04,usr_002772,merch_0196,category_highlight
clk_0005019,imp_00047161,2026-08-01 10:56:51,usr_003037,merch_0045,search_sponsored_item
clk_0002570,imp_00024127,2026-08-01 11:14:07,usr_004165,merch_0188,category_highlight
clk_0004611,imp_00043567,2026-08-01 11:18:32,usr_004148,merch_0181,search_sponsored_item
clk_0005733,imp_00054038,2026-08-01 11:38:09,usr_004225,merch_0092,feed_banner_top
clk_0005068,imp_00047649,2026-08-01 11:38:15,usr_002056,merch_0004,feed_banner_top
clk_0001734,imp_00015988,2026-08-01 11:49:50,usr_002196,merch_0032,category_highlight
clk_0004334,imp_00040983,2026-08-01 11:51:17,usr_004560,merch_0186,search_sponsored_item
clk_0000522,imp_00004705,2026-08-01 12:02:01,usr_002306,merch_0150,search_sponsored_item
clk_0000109,imp_00000999,2026-08-01 12:18:04,usr_003377,merch_0034,post_order_carousel
clk_0004229,imp_00039784,2026-08-01 12:22:05,usr_000691,merch_0097,search_sponsored_item
clk_0000970,imp_00008976,2026-08-01 12:22:16,usr_004416,merch_0117,feed_banner_top
clk_0005097,imp_00047967,2026-08-01 12:29:14,usr_004237,merch_0092,post_order_carousel
clk_0001858,imp_00017119,2026-08-01 12:35:44,usr_001707,merch_0178,feed_banner_top
clk_0001740,imp_00016065,2026-08-01 12:38:39,usr_004609,merch_0144,search_sponsored_item
clk_0005536,imp_00052200,2026-08-01 12:41:16,usr_000156,merch_0001,search_sponsored_item
clk_0005035,imp_00047325,2026-08-01 13:09:16,usr_000200,merch_0170,search_sponsored_item
clk_0006198,imp_00058815,2026-08-01 13:13:03,usr_003185,merch_0017,search_sponsored_item
clk_0002909,imp_00027591,2026-08-01 13:23:29,usr_000323,merch_0072,feed_banner_top
clk_0000736,imp_00006880,2026-08-01 13:28:16,usr_003948,merch_0144,search_sponsored_item
clk_0002863,imp_00027195,2026-08-01 13:40:34,usr_000811,merch_0130,search_sponsored_item
clk_0004983,imp_00046799,2026-08-01 13:45:25,usr_003260,merch_0168,feed_banner_top
clk_0002992,imp_00028368,2026-08-01 13:45:29,usr_002171,merch_0117,search_sponsored_item
clk_0000409,imp_00003808,2026-08-01 13:46:38,usr_002712,merch_0086,post_order_carousel
clk_0002540,imp_00023814,2026-08-01 13:50:35,usr_003345,merch_0169,feed_banner_top
clk_0005438,imp_00051304,2026-08-01 13:57:15,usr_003634,merch_0140,feed_banner_top
clk_0002045,imp_00019002,2026-08-01 14:02:25,usr_004967,merch_0036,post_order_carousel
clk_0003247,imp_00030905,2026-08-01 14:07:59,usr_001648,merch_0044,search_sponsored_item
clk_0001705,imp_00015749,2026-08-01 14:10:56,usr_003843,merch_0124,search_sponsored_item
clk_0000481,imp_00004431,2026-08-01 14:22:02,usr_002733,merch_0165,feed_banner_top
clk_0005071,imp_00047664,2026-08-01 14:26:05,usr_002946,merch_0112,category_highlight
clk_0001750,imp_00016156,2026-08-01 14:27:16,usr_000133,merch_0149,search_sponsored_item
clk_0000299,imp_00002823,2026-08-01 14:39:43,usr_000783,merch_0140,feed_banner_top
clk_0002176,imp_00020385,2026-08-01 14:40:09,usr_002626,merch_0071,search_sponsored_item
clk_0000830,imp_00007796,2026-08-01 14:42:47,usr_000928,merch_0117,feed_banner_top
clk_0006160,imp_00058336,2026-08-01 14:43:01,usr_004586,merch_0034,search_sponsored_item
clk_0003102,imp_00029495,2026-08-01 14:47:18,usr_002764,merch_0016,post_order_carousel
clk_0006081,imp_00057493,2026-08-01 14:52:45,usr_000353,merch_0089,search_sponsored_item
clk_0003479,imp_00033102,2026-08-01 15:37:21,usr_003853,merch_0128,search_sponsored_item
clk_0000952,imp_00008830,2026-08-01 15:47:38,usr_004253,merch_0036,post_order_carousel
clk_0000263,imp_00002430,2026-08-01 15:53:37,usr_003387,merch_0103,feed_banner_top
clk_0002243,imp_00021051,2026-08-01 16:05:50,usr_004430,merch_0086,feed_banner_top
clk_0004052,imp_00038213,2026-08-01 16:16:51,usr_004425,merch_0047,search_sponsored_item
clk_0001380,imp_00012768,2026-08-01 16:21:54,usr_001093,merch_0040,feed_banner_top
clk_0002329,imp_00021891,2026-08-01 16:26:52,usr_001476,merch_0104,search_sponsored_item
clk_0005994,imp_00056541,2026-08-01 16:27:20,usr_003086,merch_0058,search_sponsored_item
clk_0004804,imp_00045229,2026-08-01 16:32:33,usr_003907,merch_0062,category_highlight
clk_0003911,imp_00037026,2026-08-01 17:00:54,usr_004276,merch_0056,search_sponsored_item
clk_0002494,imp_00023411,2026-08-01 17:09:03,usr_000215,merch_0144,category_highlight
clk_0003258,imp_00031011,2026-08-01 17:10:44,usr_004762,merch_0128,search_sponsored_item
clk_0000974,imp_00009022,2026-08-01 17:12:15,usr_001988,merch_0183,search_sponsored_item
clk_0004850,imp_00045575,2026-08-01 17:27:47,usr_001560,merch_0196,search_sponsored_item
clk_0004626,imp_00043712,2026-08-01 17:52:29,usr_002377,merch_0040,search_sponsored_item
clk_0002594,imp_00024336,2026-08-01 17:56:04,usr_001366,merch_0023,feed_banner_top
clk_0000679,imp_00006295,2026-08-01 18:09:08,usr_004384,merch_0135,search_sponsored_item
clk_0001107,imp_00010293,2026-08-01 18:15:03,usr_002299,merch_0060,search_sponsored_item
clk_0000296,imp_00002785,2026-08-01 18:34:03,usr_001305,merch_0092,search_sponsored_item
clk_0001998,imp_00018533,2026-08-01 18:38:02,usr_003825,merch_0017,search_sponsored_item
clk_0005537,imp_00052239,2026-08-01 18:44:28,usr_002447,merch_0186,search_sponsored_item
clk_0004627,imp_00043715,2026-08-01 18:46:35,usr_004751,merch_0019,search_sponsored_item
clk_0000137,imp_00001277,2026-08-01 19:07:48,usr_004375,merch_0135,feed_banner_top
clk_0001257,imp_00011671,2026-08-01 19:15:39,usr_002099,merch_0149,search_sponsored_item
clk_0003020,imp_00028637,2026-08-01 19:15:46,usr_002095,merch_0033,feed_banner_top
clk_0003686,imp_00035151,2026-08-01 19:20:04,usr_000710,merch_0015,feed_banner_top
clk_0005515,imp_00052090,2026-08-01 19:25:21,usr_004576,merch_0104,search_sponsored_item
clk_0005783,imp_00054540,2026-08-01 19:40:22,usr_002750,merch_0092,search_sponsored_item
clk_0003216,imp_00030591,2026-08-01 19:45:11,usr_001394,merch_0130,search_sponsored_item
clk_0004268,imp_00040223,2026-08-01 19:48:52,usr_000676,merch_0148,search_sponsored_item
clk_0003661,imp_00034932,2026-08-01 20:06:07,usr_002532,merch_0023,feed_banner_top
clk_0001421,imp_00013140,2026-08-01 20:07:49,usr_000545,merch_0135,search_sponsored_item
clk_0005973,imp_00056323,2026-08-01 20:27:19,usr_000089,merch_0023,search_sponsored_item
clk_0004716,imp_00044491,2026-08-01 20:35:21,usr_001053,merch_0147,feed_banner_top
clk_0002066,imp_00019156,2026-08-01 20:40:12,usr_003632,merch_0033,search_sponsored_item
clk_0003581,imp_00034100,2026-08-01 20:47:12,usr_001032,merch_0169,feed_banner_top
clk_0001771,imp_00016338,2026-08-01 20:51:02,usr_003438,merch_0154,feed_banner_top
clk_0004572,imp_00043192,2026-08-01 20:52:45,usr_000201,merch_0052,search_sponsored_item
clk_0001822,imp_00016868,2026-08-01 21:11:04,usr_001529,merch_0015,category_highlight
clk_0006250,imp_00059353,2026-08-01 21:23:46,usr_001439,merch_0161,search_sponsored_item
clk_0001795,imp_00016613,2026-08-01 21:30:52,usr_000517,merch_0170,feed_banner_top
clk_0004812,imp_00045291,2026-08-01 21:38:48,usr_003776,merch_0144,search_sponsored_item
clk_0002965,imp_00028140,2026-08-01 21:41:42,usr_004159,merch_0089,post_order_carousel
clk_0005369,imp_00050626,2026-08-01 21:50:34,usr_000043,merch_0041,search_sponsored_item
clk_0004653,imp_00043878,2026-08-01 22:02:25,usr_001516,merch_0044,feed_banner_top
clk_0000395,imp_00003683,2026-08-01 22:07:09,usr_001133,merch_0141,feed_banner_top
clk_0002036,imp_00018875,2026-08-01 22:07:29,usr_004738,merch_0004,post_order_carousel
clk_0002056,imp_00019087,2026-08-01 22:13:18,usr_001866,merch_0076,search_sponsored_item
clk_0002644,imp_00024896,2026-08-01 22:15:04,usr_001066,merch_0149,search_sponsored_item
clk_0004124,imp_00038795,2026-08-01 22:25:31,usr_004615,merch_0034,feed_banner_top
clk_0002563,imp_00024082,2026-08-01 22:45:20,usr_001176,merch_0086,search_sponsored_item
clk_0005389,imp_00050851,2026-08-01 22:53:48,usr_004308,merch_0131,search_sponsored_item
clk_0002805,imp_00026593,2026-08-01 22:59:19,usr_002047,merch_0076,search_sponsored_item
clk_0001364,imp_00012631,2026-08-01 23:26:07,usr_001170,merch_0062,search_sponsored_item
clk_0002360,imp_00022191,2026-08-01 23:36:18,usr_004061,merch_0140,feed_banner_top
clk_0000617,imp_00005639,2026-08-01 23:47:46,usr_003931,merch_0052,feed_banner_top
clk_0002721,imp_00025742,2026-08-01 23:50:53,usr_002877,merch_0165,feed_banner_top
clk_0001760,imp_00016248,2026-08-01 23:55:37,usr_001896,merch_0169,search_sponsored_item
clk_0001056,imp_00009824,2026-08-02 00:05:00,usr_000185,merch_0186,search_sponsored_item
clk_0001809,imp_00016735,2026-08-02 00:07:13,usr_000711,merch_0060,search_sponsored_item
clk_0003312,imp_00031426,2026-08-02 00:11:06,usr_001129,merch_0150,search_sponsored_item
clk_0004832,imp_00045434,2026-08-02 00:14:34,usr_002872,merch_0069,category_highlight
clk_0002779,imp_00026328,2026-08-02 00:17:05,usr_002900,merch_0168,post_order_carousel
clk_0004456,imp_00042141,2026-08-02 00:18:29,usr_001464,merch_0147,feed_banner_top
clk_0006171,imp_00058459,2026-08-02 00:25:46,usr_002184,merch_0056,feed_banner_top
clk_0000717,imp_00006623,2026-08-02 00:41:00,usr_001620,merch_0097,search_sponsored_item
clk_0001895,imp_00017466,2026-08-02 00:45:29,usr_004461,merch_0016,feed_banner_top
clk_0001323,imp_00012279,2026-08-02 00:59:29,usr_000719,merch_0001,search_sponsored_item
clk_0005761,imp_00054250,2026-08-02 01:01:16,usr_003782,merch_0165,category_highlight
clk_0006202,imp_00058894,2026-08-02 01:06:19,usr_003588,merch_0196,category_highlight
clk_0005520,imp_00052113,2026-08-02 01:16:53,usr_000617,merch_0142,search_sponsored_item
clk_0004031,imp_00037996,2026-08-02 01:18:03,usr_002290,merch_0199,search_sponsored_item
clk_0005348,imp_00050366,2026-08-02 01:30:17,usr_001437,merch_0163,search_sponsored_item
clk_0003923,imp_00037145,2026-08-02 01:48:24,usr_002679,merch_0178,post_order_carousel
clk_0003975,imp_00037534,2026-08-02 01:50:39,usr_001518,merch_0142,feed_banner_top
clk_0005234,imp_00049222,2026-08-02 02:17:39,usr_003237,merch_0069,search_sponsored_item
clk_0003583,imp_00034113,2026-08-02 02:49:19,usr_000800,merch_0094,search_sponsored_item
clk_0001995,imp_00018487,2026-08-02 03:01:26,usr_003072,merch_0144,feed_banner_top
clk_0004929,imp_00046361,2026-08-02 03:18:38,usr_004297,merch_0059,search_sponsored_item
clk_0002695,imp_00025489,2026-08-02 03:53:11,usr_002270,merch_0181,category_highlight
clk_0003189,imp_00030360,2026-08-02 04:13:16,usr_002275,merch_0045,search_sponsored_item
clk_0002440,imp_00023001,2026-08-02 04:21:42,usr_000883,merch_0071,category_highlight
clk_0002873,imp_00027302,2026-08-02 04:34:10,usr_001235,merch_0140,search_sponsored_item
clk_0001848,imp_00017055,2026-08-02 04:37:01,usr_002373,merch_0041,feed_banner_top
clk_0004584,imp_00043319,2026-08-02 05:01:10,usr_003495,merch_0071,search_sponsored_item
clk_0005802,imp_00054725,2026-08-02 05:17:08,usr_001121,merch_0094,search_sponsored_item
clk_0001120,imp_00010409,2026-08-02 05:24:52,usr_003417,merch_0019,post_order_carousel
clk_0006310,imp_00059924,2026-08-02 05:27:06,usr_004818,merch_0056,search_sponsored_item
clk_0002688,imp_00025421,2026-08-02 06:00:21,usr_003737,merch_0058,feed_banner_top
clk_0005398,imp_00050951,2026-08-02 06:08:48,usr_003000,merch_0150,post_order_carousel
clk_0002088,imp_00019419,2026-08-02 06:12:51,usr_002729,merch_0144,search_sponsored_item
clk_0004080,imp_00038403,2026-08-02 06:13:03,usr_004495,merch_0039,search_sponsored_item
clk_0003065,imp_00029138,2026-08-02 06:18:57,usr_003019,merch_0131,feed_banner_top
clk_0002853,imp_00027135,2026-08-02 06:19:12,usr_001891,merch_0052,search_sponsored_item
clk_0001880,imp_00017340,2026-08-02 06:19:48,usr_001845,merch_0044,category_highlight
clk_0000053,imp_00000515,2026-08-02 06:36:27,usr_004545,merch_0015,feed_banner_top
clk_0001322,imp_00012269,2026-08-02 06:53:43,usr_001031,merch_0062,feed_banner_top
clk_0003922,imp_00037144,2026-08-02 07:03:16,usr_001281,merch_0112,post_order_carousel
clk_0005072,imp_00047672,2026-08-02 07:09:29,usr_004831,merch_0154,search_sponsored_item
clk_0004684,imp_00044195,2026-08-02 07:51:35,usr_000732,merch_0083,search_sponsored_item
clk_0005908,imp_00055577,2026-08-02 07:53:54,usr_003569,merch_0110,feed_banner_top
clk_0000753,imp_00007023,2026-08-02 08:07:16,usr_003327,merch_0174,post_order_carousel
clk_0001856,imp_00017112,2026-08-02 08:08:23,usr_004014,merch_0188,feed_banner_top
clk_0000300,imp_00002845,2026-08-02 08:35:06,usr_002570,merch_0154,feed_banner_top
clk_0004133,imp_00038936,2026-08-02 09:19:02,usr_002441,merch_0152,feed_banner_top
clk_0003079,imp_00029268,2026-08-02 09:34:44,usr_000871,merch_0016,feed_banner_top
clk_0002274,imp_00021315,2026-08-02 09:44:51,usr_002104,merch_0092,feed_banner_top
clk_0004148,imp_00039075,2026-08-02 09:45:02,usr_004764,merch_0060,search_sponsored_item
clk_0005574,imp_00052618,2026-08-02 09:58:58,usr_004189,merch_0094,search_sponsored_item
clk_0005607,imp_00052909,2026-08-02 10:03:57,usr_002877,merch_0181,search_sponsored_item
clk_0001243,imp_00011527,2026-08-02 10:04:09,usr_000180,merch_0097,category_highlight
clk_0002089,imp_00019428,2026-08-02 10:13:06,usr_002104,merch_0045,search_sponsored_item
clk_0001163,imp_00010931,2026-08-02 10:33:45,usr_002523,merch_0056,feed_banner_top
clk_0000358,imp_00003370,2026-08-02 10:54:23,usr_002264,merch_0097,feed_banner_top
clk_0003757,imp_00035674,2026-08-02 10:55:19,usr_004742,merch_0039,search_sponsored_item
clk_0005434,imp_00051242,2026-08-02 10:59:30,usr_003445,merch_0004,feed_banner_top
clk_0003451,imp_00032871,2026-08-02 11:38:06,usr_003721,merch_0183,search_sponsored_item
clk_0005928,imp_00055877,2026-08-02 11:38:42,usr_001106,merch_0033,category_highlight
clk_0005518,imp_00052098,2026-08-02 11:47:57,usr_004164,merch_0183,feed_banner_top
clk_0002235,imp_00020981,2026-08-02 12:05:29,usr_001957,merch_0069,search_sponsored_item
clk_0005847,imp_00055120,2026-08-02 12:12:28,usr_001486,merch_0092,feed_banner_top
clk_0000480,imp_00004429,2026-08-02 12:19:57,usr_003353,merch_0169,feed_banner_top
clk_0002342,imp_00022006,2026-08-02 12:27:44,usr_002341,merch_0103,feed_banner_top
clk_0001189,imp_00011171,2026-08-02 12:33:38,usr_002734,merch_0017,feed_banner_top
clk_0002518,imp_00023560,2026-08-02 12:36:12,usr_004248,merch_0188,post_order_carousel
clk_0000989,imp_00009116,2026-08-02 12:38:56,usr_002996,merch_0086,search_sponsored_item
clk_0000501,imp_00004557,2026-08-02 12:41:10,usr_002883,merch_0140,search_sponsored_item
clk_0002293,imp_00021476,2026-08-02 12:49:08,usr_001789,merch_0188,feed_banner_top
clk_0002743,imp_00025949,2026-08-02 13:02:12,usr_002012,merch_0008,feed_banner_top
clk_0004918,imp_00046261,2026-08-02 13:05:12,usr_002807,merch_0138,search_sponsored_item
clk_0005144,imp_00048325,2026-08-02 13:24:31,usr_002319,merch_0144,category_highlight
clk_0001958,imp_00018101,2026-08-02 13:38:42,usr_000805,merch_0110,feed_banner_top
clk_0005466,imp_00051587,2026-08-02 13:42:25,usr_004992,merch_0104,search_sponsored_item
clk_0006221,imp_00059060,2026-08-02 13:43:21,usr_003035,merch_0103,category_highlight
clk_0004324,imp_00040825,2026-08-02 13:52:16,usr_003426,merch_0017,search_sponsored_item
clk_0002450,imp_00023060,2026-08-02 14:01:59,usr_000901,merch_0196,feed_banner_top
clk_0001718,imp_00015839,2026-08-02 14:32:40,usr_001570,merch_0089,category_highlight
clk_0004820,imp_00045364,2026-08-02 14:33:05,usr_002482,merch_0183,feed_banner_top
clk_0002929,imp_00027805,2026-08-02 14:45:22,usr_004459,merch_0200,search_sponsored_item
clk_0002189,imp_00020562,2026-08-02 14:45:23,usr_002616,merch_0079,search_sponsored_item
clk_0004278,imp_00040291,2026-08-02 15:04:29,usr_003869,merch_0036,feed_banner_top
clk_0004374,imp_00041350,2026-08-02 15:09:37,usr_000705,merch_0163,search_sponsored_item
clk_0004000,imp_00037766,2026-08-02 15:11:03,usr_004187,merch_0078,feed_banner_top
clk_0001145,imp_00010736,2026-08-02 15:11:20,usr_003862,merch_0004,feed_banner_top
clk_0004648,imp_00043855,2026-08-02 15:19:40,usr_004142,merch_0112,category_highlight
clk_0002619,imp_00024596,2026-08-02 15:23:59,usr_002426,merch_0025,feed_banner_top
clk_0005962,imp_00056233,2026-08-02 15:28:50,usr_000813,merch_0083,search_sponsored_item
clk_0002703,imp_00025559,2026-08-02 15:42:20,usr_000099,merch_0178,feed_banner_top
clk_0001865,imp_00017195,2026-08-02 15:46:18,usr_001112,merch_0033,feed_banner_top
clk_0002706,imp_00025579,2026-08-02 15:57:15,usr_003181,merch_0086,feed_banner_top
clk_0006144,imp_00058207,2026-08-02 16:13:36,usr_001569,merch_0154,search_sponsored_item
clk_0000815,imp_00007650,2026-08-02 16:26:18,usr_004311,merch_0128,search_sponsored_item
clk_0003517,imp_00033437,2026-08-02 16:34:50,usr_000304,merch_0016,search_sponsored_item
clk_0000413,imp_00003839,2026-08-02 16:37:35,usr_004823,merch_0047,feed_banner_top
clk_0000699,imp_00006461,2026-08-02 17:12:27,usr_000506,merch_0092,feed_banner_top
clk_0004270,imp_00040234,2026-08-02 17:13:44,usr_001901,merch_0092,search_sponsored_item
clk_0002775,imp_00026318,2026-08-02 17:16:09,usr_002483,merch_0144,feed_banner_top
clk_0006084,imp_00057526,2026-08-02 17:36:21,usr_003821,merch_0034,post_order_carousel
clk_0001151,imp_00010810,2026-08-02 17:39:48,usr_000343,merch_0154,search_sponsored_item
clk_0006298,imp_00059821,2026-08-02 18:06:25,usr_002884,merch_0004,search_sponsored_item
clk_0004243,imp_00039955,2026-08-02 18:26:04,usr_000855,merch_0083,search_sponsored_item
clk_0004440,imp_00041984,2026-08-02 18:27:04,usr_004985,merch_0119,search_sponsored_item
clk_0002108,imp_00019646,2026-08-02 18:28:49,usr_001607,merch_0041,feed_banner_top
clk_0003023,imp_00028650,2026-08-02 18:47:31,usr_004938,merch_0030,search_sponsored_item
clk_0000698,imp_00006446,2026-08-02 18:49:00,usr_000344,merch_0041,feed_banner_top
clk_0003784,imp_00035923,2026-08-02 18:57:59,usr_003970,merch_0154,search_sponsored_item
clk_0002597,imp_00024356,2026-08-02 19:00:42,usr_001703,merch_0001,feed_banner_top
clk_0001484,imp_00013652,2026-08-02 19:05:12,usr_002160,merch_0144,category_highlight
clk_0006280,imp_00059615,2026-08-02 19:09:32,usr_003099,merch_0199,search_sponsored_item
clk_0001345,imp_00012478,2026-08-02 19:09:46,usr_000716,merch_0041,post_order_carousel
clk_0004839,imp_00045485,2026-08-02 19:11:26,usr_002011,merch_0124,feed_banner_top
clk_0005344,imp_00050277,2026-08-02 19:15:31,usr_002125,merch_0030,search_sponsored_item
clk_0000396,imp_00003686,2026-08-02 19:31:43,usr_003829,merch_0034,feed_banner_top
clk_0000570,imp_00005153,2026-08-02 19:31:53,usr_001112,merch_0078,feed_banner_top
clk_0004194,imp_00039494,2026-08-02 19:40:03,usr_004767,merch_0186,category_highlight
clk_0000025,imp_00000292,2026-08-02 19:49:16,usr_000608,merch_0169,feed_banner_top
clk_0002601,imp_00024408,2026-08-02 19:54:50,usr_002064,merch_0058,feed_banner_top
clk_0000971,imp_00008980,2026-08-02 20:00:04,usr_003761,merch_0092,search_sponsored_item
clk_0004282,imp_00040336,2026-08-02 20:02:23,usr_001053,merch_0036,search_sponsored_item
clk_0000096,imp_00000861,2026-08-02 20:08:31,usr_000195,merch_0071,search_sponsored_item
clk_0005462,imp_00051542,2026-08-02 20:23:57,usr_002398,merch_0033,feed_banner_top
clk_0003530,imp_00033563,2026-08-02 20:36:11,usr_002771,merch_0147,post_order_carousel
clk_0000378,imp_00003543,2026-08-02 20:38:37,usr_002719,merch_0165,search_sponsored_item
clk_0005339,imp_00050234,2026-08-02 21:01:40,usr_003701,merch_0152,search_sponsored_item
clk_0000992,imp_00009120,2026-08-02 21:08:55,usr_002784,merch_0071,search_sponsored_item
clk_0005848,imp_00055128,2026-08-02 21:23:14,usr_003295,merch_0019,search_sponsored_item
clk_0001553,imp_00014339,2026-08-02 21:41:46,usr_000562,merch_0041,search_sponsored_item
clk_0003772,imp_00035818,2026-08-02 22:29:44,usr_002292,merch_0103,search_sponsored_item
clk_0004617,imp_00043608,2026-08-02 22:53:56,usr_001973,merch_0103,search_sponsored_item
clk_0000039,imp_00000394,2026-08-02 22:54:11,usr_004936,merch_0085,feed_banner_top
clk_0001432,imp_00013204,2026-08-02 22:55:16,usr_000736,merch_0130,category_highlight
clk_0004399,imp_00041611,2026-08-02 22:55:50,usr_002869,merch_0148,category_highlight
clk_0003377,imp_00032110,2026-08-02 23:00:52,usr_001765,merch_0149,category_highlight
clk_0002906,imp_00027570,2026-08-02 23:30:26,usr_002069,merch_0125,search_sponsored_item
clk_0002653,imp_00025026,2026-08-02 23:53:03,usr_002893,merch_0178,search_sponsored_item
clk_0005428,imp_00051146,2026-08-03 00:05:39,usr_000568,merch_0125,feed_banner_top
clk_0004671,imp_00044084,2026-08-03 00:06:38,usr_001279,merch_0001,search_sponsored_item
clk_0002401,imp_00022663,2026-08-03 00:11:29,usr_001164,merch_0200,feed_banner_top
clk_0006052,imp_00057148,2026-08-03 00:15:58,usr_003179,merch_0037,search_sponsored_item
clk_0001804,imp_00016693,2026-08-03 00:47:04,usr_004995,merch_0163,feed_banner_top
clk_0001591,imp_00014744,2026-08-03 00:49:12,usr_003465,merch_0097,category_highlight
clk_0004801,imp_00045213,2026-08-03 00:55:35,usr_001088,merch_0036,search_sponsored_item
clk_0003522,imp_00033474,2026-08-03 01:01:08,usr_000253,merch_0110,feed_banner_top
clk_0005678,imp_00053553,2026-08-03 01:20:03,usr_004690,merch_0131,post_order_carousel
clk_0001031,imp_00009539,2026-08-03 01:52:49,usr_002384,merch_0199,search_sponsored_item
clk_0000576,imp_00005250,2026-08-03 01:54:59,usr_000066,merch_0162,feed_banner_top
clk_0004509,imp_00042551,2026-08-03 02:01:57,usr_003518,merch_0181,search_sponsored_item
clk_0005189,imp_00048788,2026-08-03 02:04:13,usr_000241,merch_0083,search_sponsored_item
clk_0003919,imp_00037125,2026-08-03 02:17:39,usr_002937,merch_0111,search_sponsored_item
clk_0005069,imp_00047654,2026-08-03 02:18:50,usr_003540,merch_0168,search_sponsored_item
clk_0004984,imp_00046810,2026-08-03 02:34:08,usr_000645,merch_0135,feed_banner_top
clk_0002759,imp_00026092,2026-08-03 02:43:17,usr_001634,merch_0186,post_order_carousel
clk_0002955,imp_00028068,2026-08-03 02:45:48,usr_004959,merch_0076,search_sponsored_item
clk_0005910,imp_00055618,2026-08-03 02:51:18,usr_003454,merch_0117,post_order_carousel
clk_0005095,imp_00047940,2026-08-03 03:06:15,usr_001129,merch_0103,search_sponsored_item
clk_0000811,imp_00007617,2026-08-03 03:14:30,usr_004083,merch_0128,search_sponsored_item
clk_0003714,imp_00035330,2026-08-03 03:19:37,usr_000835,merch_0170,feed_banner_top
clk_0005769,imp_00054402,2026-08-03 03:23:17,usr_004385,merch_0178,search_sponsored_item
clk_0002072,imp_00019230,2026-08-03 03:29:09,usr_000761,merch_0089,search_sponsored_item
clk_0004861,imp_00045648,2026-08-03 03:30:26,usr_000406,merch_0174,search_sponsored_item
clk_0002905,imp_00027556,2026-08-03 03:32:06,usr_004520,merch_0117,post_order_carousel
clk_0003845,imp_00036493,2026-08-03 04:02:16,usr_004350,merch_0119,post_order_carousel
clk_0005670,imp_00053480,2026-08-03 04:11:56,usr_001727,merch_0181,search_sponsored_item
clk_0006199,imp_00058833,2026-08-03 04:20:23,usr_004497,merch_0161,feed_banner_top
clk_0005883,imp_00055368,2026-08-03 04:21:29,usr_002193,merch_0071,search_sponsored_item
clk_0000154,imp_00001440,2026-08-03 04:34:25,usr_002626,merch_0111,search_sponsored_item
clk_0001279,imp_00011849,2026-08-03 04:56:40,usr_004180,merch_0092,post_order_carousel
clk_0003745,imp_00035607,2026-08-03 04:59:04,usr_004379,merch_0062,search_sponsored_item
clk_0004457,imp_00042173,2026-08-03 05:10:35,usr_001560,merch_0083,feed_banner_top
clk_0003677,imp_00035112,2026-08-03 05:30:50,usr_000982,merch_0199,search_sponsored_item
clk_0005971,imp_00056319,2026-08-03 05:35:39,usr_003415,merch_0119,search_sponsored_item
clk_0000961,imp_00008900,2026-08-03 05:41:23,usr_001706,merch_0148,post_order_carousel
clk_0000613,imp_00005606,2026-08-03 05:48:07,usr_003983,merch_0030,search_sponsored_item
clk_0004578,imp_00043285,2026-08-03 06:00:56,usr_004524,merch_0142,feed_banner_top
clk_0005580,imp_00052668,2026-08-03 06:09:45,usr_001805,merch_0165,search_sponsored_item
clk_0002669,imp_00025192,2026-08-03 06:11:28,usr_001669,merch_0165,feed_banner_top
clk_0006225,imp_00059106,2026-08-03 06:26:54,usr_004801,merch_0045,search_sponsored_item
clk_0001045,imp_00009684,2026-08-03 06:28:40,usr_002708,merch_0142,feed_banner_top
clk_0000459,imp_00004176,2026-08-03 06:56:16,usr_000817,merch_0037,search_sponsored_item
clk_0004030,imp_00037992,2026-08-03 07:51:50,usr_001772,merch_0044,search_sponsored_item
clk_0001906,imp_00017557,2026-08-03 08:00:17,usr_002446,merch_0161,feed_banner_top
clk_0000426,imp_00003921,2026-08-03 08:05:59,usr_000230,merch_0024,post_order_carousel
clk_0004018,imp_00037903,2026-08-03 08:07:35,usr_001052,merch_0079,post_order_carousel
clk_0006291,imp_00059707,2026-08-03 08:19:59,usr_004025,merch_0124,post_order_carousel
clk_0002614,imp_00024563,2026-08-03 08:21:44,usr_002036,merch_0089,feed_banner_top
clk_0004135,imp_00038956,2026-08-03 08:37:40,usr_004069,merch_0181,search_sponsored_item
clk_0005023,imp_00047199,2026-08-03 08:41:36,usr_001194,merch_0092,post_order_carousel
clk_0000037,imp_00000387,2026-08-03 08:42:00,usr_001973,merch_0152,search_sponsored_item
clk_0002414,imp_00022784,2026-08-03 09:01:48,usr_004392,merch_0110,search_sponsored_item
clk_0005873,imp_00055302,2026-08-03 09:28:50,usr_003007,merch_0149,feed_banner_top
clk_0001164,imp_00010947,2026-08-03 10:21:13,usr_001724,merch_0161,feed_banner_top
clk_0004206,imp_00039617,2026-08-03 10:42:54,usr_001354,merch_0135,search_sponsored_item
clk_0005767,imp_00054354,2026-08-03 10:58:54,usr_001488,merch_0086,search_sponsored_item
clk_0000488,imp_00004474,2026-08-03 11:02:12,usr_002114,merch_0036,post_order_carousel
clk_0005528,imp_00052173,2026-08-03 11:11:06,usr_001796,merch_0124,feed_banner_top
clk_0004879,imp_00045810,2026-08-03 11:38:52,usr_000675,merch_0036,post_order_carousel
clk_0001058,imp_00009850,2026-08-03 11:44:32,usr_003875,merch_0036,search_sponsored_item
clk_0002456,imp_00023107,2026-08-03 11:49:52,usr_000911,merch_0044,post_order_carousel
clk_0000845,imp_00007923,2026-08-03 11:52:09,usr_003752,merch_0188,search_sponsored_item
clk_0005314,imp_00049949,2026-08-03 12:24:14,usr_001340,merch_0039,feed_banner_top
clk_0003833,imp_00036393,2026-08-03 12:51:58,usr_000942,merch_0001,feed_banner_top
clk_0004342,imp_00041023,2026-08-03 12:54:03,usr_000116,merch_0150,feed_banner_top
clk_0004739,imp_00044691,2026-08-03 12:56:33,usr_004189,merch_0128,category_highlight
clk_0000808,imp_00007597,2026-08-03 13:02:10,usr_002598,merch_0196,search_sponsored_item
clk_0003536,imp_00033613,2026-08-03 13:11:17,usr_004677,merch_0001,feed_banner_top
clk_0004398,imp_00041609,2026-08-03 13:27:57,usr_004515,merch_0168,search_sponsored_item
clk_0001196,imp_00011231,2026-08-03 13:28:41,usr_004205,merch_0025,category_highlight
clk_0004532,imp_00042782,2026-08-03 13:53:05,usr_004614,merch_0037,post_order_carousel
clk_0001724,imp_00015905,2026-08-03 13:59:35,usr_005000,merch_0117,category_highlight
clk_0000939,imp_00008732,2026-08-03 14:21:24,usr_002632,merch_0092,search_sponsored_item
clk_0004106,imp_00038591,2026-08-03 14:24:49,usr_002037,merch_0032,post_order_carousel
clk_0004239,imp_00039875,2026-08-03 14:33:16,usr_003012,merch_0040,feed_banner_top
clk_0000052,imp_00000506,2026-08-03 14:33:55,usr_000643,merch_0039,feed_banner_top
clk_0003305,imp_00031366,2026-08-03 14:48:33,usr_002163,merch_0072,search_sponsored_item
clk_0001459,imp_00013478,2026-08-03 14:48:49,usr_004232,merch_0154,search_sponsored_item
clk_0005939,imp_00055947,2026-08-03 15:05:39,usr_003684,merch_0130,post_order_carousel
clk_0004827,imp_00045396,2026-08-03 15:12:37,usr_003372,merch_0104,search_sponsored_item
clk_0001261,imp_00011694,2026-08-03 15:28:10,usr_002811,merch_0045,search_sponsored_item
clk_0000086,imp_00000806,2026-08-03 15:34:38,usr_004574,merch_0181,search_sponsored_item
clk_0003639,imp_00034669,2026-08-03 15:38:09,usr_002097,merch_0044,feed_banner_top
clk_0005376,imp_00050674,2026-08-03 15:46:00,usr_001481,merch_0144,feed_banner_top
clk_0002165,imp_00020303,2026-08-03 15:47:49,usr_002097,merch_0154,search_sponsored_item
clk_0005690,imp_00053673,2026-08-03 15:52:45,usr_004144,merch_0036,feed_banner_top
clk_0002226,imp_00020851,2026-08-03 15:59:21,usr_001692,merch_0165,search_sponsored_item
clk_0004769,imp_00044936,2026-08-03 16:48:50,usr_000673,merch_0079,search_sponsored_item
clk_0002361,imp_00022193,2026-08-03 16:49:27,usr_000124,merch_0092,post_order_carousel
clk_0002381,imp_00022389,2026-08-03 17:04:11,usr_002097,merch_0058,feed_banner_top
clk_0001568,imp_00014479,2026-08-03 17:08:36,usr_004676,merch_0058,search_sponsored_item
clk_0002733,imp_00025841,2026-08-03 17:15:32,usr_001657,merch_0119,post_order_carousel
clk_0002814,imp_00026733,2026-08-03 17:24:07,usr_004691,merch_0124,search_sponsored_item
clk_0003632,imp_00034574,2026-08-03 17:26:47,usr_004273,merch_0147,feed_banner_top
clk_0001638,imp_00015129,2026-08-03 17:36:35,usr_003279,merch_0154,feed_banner_top
clk_0000465,imp_00004308,2026-08-03 17:39:53,usr_001362,merch_0174,feed_banner_top
clk_0005988,imp_00056501,2026-08-03 17:41:47,usr_000041,merch_0165,feed_banner_top
clk_0003852,imp_00036558,2026-08-03 18:08:28,usr_003185,merch_0071,search_sponsored_item
clk_0004305,imp_00040569,2026-08-03 18:27:10,usr_004507,merch_0111,category_highlight
clk_0002857,imp_00027158,2026-08-03 18:39:01,usr_000282,merch_0174,search_sponsored_item
clk_0005857,imp_00055179,2026-08-03 18:39:07,usr_002998,merch_0163,post_order_carousel
clk_0002522,imp_00023617,2026-08-03 18:39:40,usr_002919,merch_0142,search_sponsored_item
clk_0003963,imp_00037466,2026-08-03 18:54:46,usr_002945,merch_0033,category_highlight
clk_0005534,imp_00052193,2026-08-03 18:57:12,usr_002179,merch_0015,feed_banner_top
clk_0001818,imp_00016854,2026-08-03 19:09:33,usr_004691,merch_0124,post_order_carousel
clk_0004714,imp_00044475,2026-08-03 19:26:21,usr_003959,merch_0089,category_highlight
clk_0002766,imp_00026156,2026-08-03 19:37:35,usr_004255,merch_0023,post_order_carousel
clk_0001314,imp_00012212,2026-08-03 20:00:39,usr_002907,merch_0037,search_sponsored_item
clk_0001928,imp_00017770,2026-08-03 20:05:00,usr_004600,merch_0045,feed_banner_top
clk_0006264,imp_00059512,2026-08-03 20:27:41,usr_003499,merch_0111,search_sponsored_item
clk_0000882,imp_00008277,2026-08-03 20:35:37,usr_001293,merch_0170,feed_banner_top
clk_0005267,imp_00049547,2026-08-03 20:38:53,usr_000340,merch_0199,feed_banner_top
clk_0004713,imp_00044472,2026-08-03 20:51:37,usr_004498,merch_0037,search_sponsored_item
clk_0002871,imp_00027264,2026-08-03 20:54:19,usr_000953,merch_0152,search_sponsored_item
clk_0003054,imp_00029030,2026-08-03 20:56:21,usr_001102,merch_0169,search_sponsored_item
clk_0005400,imp_00050971,2026-08-03 21:02:26,usr_004069,merch_0030,feed_banner_top
clk_0000283,imp_00002666,2026-08-03 21:07:14,usr_003990,merch_0161,feed_banner_top
clk_0003131,imp_00029792,2026-08-03 21:27:59,usr_000398,merch_0089,search_sponsored_item
clk_0001889,imp_00017425,2026-08-03 21:57:23,usr_004051,merch_0135,search_sponsored_item
clk_0003230,imp_00030730,2026-08-03 22:20:30,usr_000835,merch_0163,search_sponsored_item
clk_0003759,imp_00035699,2026-08-03 22:24:58,usr_004618,merch_0024,search_sponsored_item
clk_0003659,imp_00034882,2026-08-03 22:54:14,usr_003316,merch_0178,search_sponsored_item
clk_0005494,imp_00051833,2026-08-03 22:54:59,usr_001554,merch_0104,feed_banner_top
clk_0001621,imp_00015018,2026-08-03 23:04:07,usr_000073,merch_0071,search_sponsored_item
clk_0002008,imp_00018602,2026-08-03 23:13:27,usr_002683,merch_0140,search_sponsored_item
clk_0001369,imp_00012687,2026-08-03 23:40:31,usr_001295,merch_0142,feed_banner_top
clk_0002076,imp_00019260,2026-08-03 23:48:37,usr_003312,merch_0168,feed_banner_top
clk_0001154,imp_00010833,2026-08-03 23:59:09,usr_004088,merch_0181,search_sponsored_item
clk_0001475,imp_00013586,2026-08-04 00:17:30,usr_004277,merch_0130,search_sponsored_item
clk_0003906,imp_00036978,2026-08-04 00:18:04,usr_001811,merch_0078,search_sponsored_item
clk_0004814,imp_00045303,2026-08-04 00:26:20,usr_001484,merch_0031,search_sponsored_item
clk_0001837,imp_00016976,2026-08-04 00:36:11,usr_001636,merch_0152,search_sponsored_item
clk_0002411,imp_00022754,2026-08-04 00:55:15,usr_003412,merch_0097,search_sponsored_item
clk_0004885,imp_00045903,2026-08-04 00:57:06,usr_004455,merch_0058,search_sponsored_item
clk_0001167,imp_00010963,2026-08-04 00:57:17,usr_004030,merch_0083,feed_banner_top
clk_0000440,imp_00004040,2026-08-04 01:16:10,usr_001250,merch_0154,search_sponsored_item
clk_0004859,imp_00045634,2026-08-04 01:22:47,usr_002178,merch_0015,post_order_carousel
clk_0000313,imp_00002966,2026-08-04 01:33:10,usr_001050,merch_0077,feed_banner_top
clk_0005980,imp_00056422,2026-08-04 01:36:42,usr_000348,merch_0111,search_sponsored_item
clk_0003657,imp_00034847,2026-08-04 01:41:37,usr_004496,merch_0037,search_sponsored_item
clk_0005513,imp_00052032,2026-08-04 01:55:02,usr_004128,merch_0058,search_sponsored_item
clk_0004790,imp_00045104,2026-08-04 01:57:14,usr_001400,merch_0085,search_sponsored_item
clk_0003324,imp_00031527,2026-08-04 02:03:30,usr_002967,merch_0130,search_sponsored_item
clk_0003930,imp_00037173,2026-08-04 02:18:41,usr_004354,merch_0199,feed_banner_top
clk_0005387,imp_00050831,2026-08-04 02:24:09,usr_000502,merch_0178,feed_banner_top
clk_0002419,imp_00022822,2026-08-04 02:30:21,usr_002302,merch_0154,category_highlight
clk_0001158,imp_00010868,2026-08-04 02:59:20,usr_001124,merch_0152,feed_banner_top
clk_0003366,imp_00032012,2026-08-04 03:19:53,usr_001265,merch_0044,feed_banner_top
clk_0004130,imp_00038862,2026-08-04 03:23:54,usr_000749,merch_0025,search_sponsored_item
clk_0000856,imp_00008014,2026-08-04 03:36:04,usr_004981,merch_0170,feed_banner_top
clk_0002966,imp_00028147,2026-08-04 03:43:26,usr_002846,merch_0056,search_sponsored_item
clk_0001182,imp_00011131,2026-08-04 03:55:53,usr_003567,merch_0163,search_sponsored_item
clk_0000329,imp_00003080,2026-08-04 03:56:49,usr_004566,merch_0024,search_sponsored_item
clk_0005789,imp_00054600,2026-08-04 04:05:45,usr_001836,merch_0125,search_sponsored_item
clk_0005209,imp_00048989,2026-08-04 04:10:19,usr_004595,merch_0144,category_highlight
clk_0003115,imp_00029565,2026-08-04 04:51:10,usr_000456,merch_0196,category_highlight
clk_0005791,imp_00054616,2026-08-04 04:53:28,usr_000313,merch_0119,search_sponsored_item
clk_0003679,imp_00035119,2026-08-04 04:56:26,usr_002517,merch_0128,feed_banner_top
clk_0006214,imp_00058978,2026-08-04 05:32:35,usr_002913,merch_0178,post_order_carousel
clk_0000466,imp_00004316,2026-08-04 05:32:58,usr_003017,merch_0135,search_sponsored_item
clk_0005397,imp_00050950,2026-08-04 05:36:51,usr_002951,merch_0147,feed_banner_top
clk_0001386,imp_00012802,2026-08-04 06:11:15,usr_004395,merch_0150,post_order_carousel
clk_0005229,imp_00049183,2026-08-04 06:16:32,usr_002985,merch_0144,category_highlight
clk_0001467,imp_00013526,2026-08-04 06:27:00,usr_003642,merch_0142,feed_banner_top
clk_0002396,imp_00022600,2026-08-04 07:20:48,usr_001063,merch_0130,category_highlight
clk_0002383,imp_00022392,2026-08-04 07:31:07,usr_000090,merch_0052,feed_banner_top
clk_0001780,imp_00016443,2026-08-04 07:50:24,usr_003816,merch_0186,feed_banner_top
clk_0006118,imp_00057954,2026-08-04 07:51:20,usr_004620,merch_0174,post_order_carousel
clk_0001584,imp_00014657,2026-08-04 07:57:18,usr_004220,merch_0138,feed_banner_top
clk_0001689,imp_00015563,2026-08-04 08:37:14,usr_001040,merch_0100,feed_banner_top
clk_0000673,imp_00006249,2026-08-04 08:38:11,usr_004124,merch_0045,feed_banner_top
clk_0003696,imp_00035203,2026-08-04 08:59:36,usr_004855,merch_0033,search_sponsored_item
clk_0000001,imp_00000010,2026-08-04 09:02:31,usr_002963,merch_0124,post_order_carousel
clk_0002527,imp_00023715,2026-08-04 09:06:25,usr_004551,merch_0135,search_sponsored_item
clk_0002893,imp_00027477,2026-08-04 09:11:42,usr_002319,merch_0045,feed_banner_top
clk_0002598,imp_00024367,2026-08-04 09:20:20,usr_003921,merch_0196,search_sponsored_item
clk_0002532,imp_00023752,2026-08-04 09:22:10,usr_004992,merch_0049,search_sponsored_item
clk_0000277,imp_00002604,2026-08-04 09:22:23,usr_001305,merch_0154,feed_banner_top
clk_0000630,imp_00005777,2026-08-04 09:43:23,usr_002132,merch_0040,feed_banner_top
clk_0005664,imp_00053403,2026-08-04 09:45:18,usr_000150,merch_0078,search_sponsored_item
clk_0001365,imp_00012632,2026-08-04 09:49:52,usr_000061,merch_0037,search_sponsored_item
clk_0001699,imp_00015688,2026-08-04 10:39:46,usr_002893,merch_0150,search_sponsored_item
clk_0003832,imp_00036384,2026-08-04 10:41:53,usr_003960,merch_0149,post_order_carousel
clk_0000621,imp_00005651,2026-08-04 10:45:38,usr_001786,merch_0200,feed_banner_top
clk_0003070,imp_00029158,2026-08-04 10:56:07,usr_003075,merch_0163,feed_banner_top
clk_0003704,imp_00035254,2026-08-04 10:56:10,usr_003042,merch_0031,feed_banner_top
clk_0005300,imp_00049858,2026-08-04 10:56:49,usr_002809,merch_0112,feed_banner_top
clk_0002266,imp_00021266,2026-08-04 11:00:15,usr_000468,merch_0142,post_order_carousel
clk_0003994,imp_00037740,2026-08-04 11:01:46,usr_004677,merch_0112,search_sponsored_item
clk_0006196,imp_00058787,2026-08-04 11:18:28,usr_000094,merch_0071,search_sponsored_item
clk_0002227,imp_00020862,2026-08-04 11:18:52,usr_004506,merch_0077,feed_banner_top
clk_0001990,imp_00018444,2026-08-04 11:26:47,usr_002512,merch_0044,category_highlight
clk_0006085,imp_00057529,2026-08-04 11:33:30,usr_003926,merch_0112,post_order_carousel
clk_0004163,imp_00039214,2026-08-04 11:34:59,usr_004925,merch_0025,feed_banner_top
clk_0004786,imp_00045063,2026-08-04 11:52:12,usr_002538,merch_0001,feed_banner_top
clk_0003364,imp_00031999,2026-08-04 12:03:53,usr_002755,merch_0169,search_sponsored_item
clk_0005065,imp_00047608,2026-08-04 12:12:45,usr_002785,merch_0047,feed_banner_top
clk_0002410,imp_00022753,2026-08-04 12:13:19,usr_003418,merch_0045,search_sponsored_item
clk_0003803,imp_00036077,2026-08-04 12:34:54,usr_004984,merch_0092,post_order_carousel
clk_0003585,imp_00034160,2026-08-04 12:41:54,usr_004987,merch_0017,category_highlight
clk_0005653,imp_00053322,2026-08-04 12:50:43,usr_001431,merch_0034,search_sponsored_item
clk_0001114,imp_00010349,2026-08-04 12:52:30,usr_001515,merch_0034,feed_banner_top
clk_0001135,imp_00010565,2026-08-04 13:33:01,usr_002714,merch_0015,search_sponsored_item
clk_0000649,imp_00006024,2026-08-04 13:53:24,usr_000467,merch_0085,search_sponsored_item
clk_0005324,imp_00050047,2026-08-04 13:55:48,usr_001422,merch_0148,category_highlight
clk_0000415,imp_00003843,2026-08-04 14:01:30,usr_003195,merch_0040,search_sponsored_item
clk_0003646,imp_00034729,2026-08-04 14:09:41,usr_004145,merch_0174,post_order_carousel
clk_0003387,imp_00032217,2026-08-04 14:17:19,usr_003570,merch_0152,search_sponsored_item
clk_0002012,imp_00018650,2026-08-04 14:28:58,usr_004465,merch_0125,post_order_carousel
clk_0005854,imp_00055168,2026-08-04 14:47:12,usr_002329,merch_0142,feed_banner_top
clk_0002810,imp_00026665,2026-08-04 14:50:05,usr_002845,merch_0169,search_sponsored_item
clk_0003221,imp_00030622,2026-08-04 14:51:34,usr_003105,merch_0037,search_sponsored_item
clk_0002247,imp_00021095,2026-08-04 14:53:39,usr_002888,merch_0049,feed_banner_top
clk_0004925,imp_00046347,2026-08-04 14:53:39,usr_001856,merch_0161,feed_banner_top
clk_0001354,imp_00012538,2026-08-04 15:07:08,usr_000883,merch_0162,search_sponsored_item
clk_0000519,imp_00004699,2026-08-04 15:13:59,usr_000154,merch_0181,feed_banner_top
clk_0001313,imp_00012207,2026-08-04 15:20:47,usr_000915,merch_0077,feed_banner_top
clk_0002246,imp_00021094,2026-08-04 15:38:13,usr_003596,merch_0040,feed_banner_top
clk_0005755,imp_00054211,2026-08-04 15:49:12,usr_001663,merch_0037,category_highlight
clk_0005845,imp_00055118,2026-08-04 15:54:19,usr_004398,merch_0196,feed_banner_top
clk_0001556,imp_00014365,2026-08-04 16:42:42,usr_001075,merch_0135,post_order_carousel
clk_0000848,imp_00007936,2026-08-04 16:49:30,usr_001676,merch_0049,post_order_carousel
clk_0002792,imp_00026460,2026-08-04 17:05:29,usr_002764,merch_0094,post_order_carousel
clk_0001481,imp_00013635,2026-08-04 17:15:10,usr_001244,merch_0047,feed_banner_top
clk_0005582,imp_00052698,2026-08-04 17:15:41,usr_002193,merch_0183,search_sponsored_item
clk_0002202,imp_00020684,2026-08-04 17:16:58,usr_002343,merch_0196,search_sponsored_item
clk_0001922,imp_00017736,2026-08-04 17:19:28,usr_004123,merch_0169,search_sponsored_item
clk_0001965,imp_00018181,2026-08-04 17:23:05,usr_003595,merch_0039,feed_banner_top
clk_0002007,imp_00018600,2026-08-04 17:27:06,usr_000227,merch_0165,feed_banner_top
clk_0003597,imp_00034291,2026-08-04 17:29:17,usr_001257,merch_0147,search_sponsored_item
clk_0002063,imp_00019131,2026-08-04 17:42:16,usr_004936,merch_0019,post_order_carousel
clk_0001811,imp_00016765,2026-08-04 17:46:56,usr_001096,merch_0138,search_sponsored_item
clk_0005482,imp_00051733,2026-08-04 17:52:38,usr_000517,merch_0086,feed_banner_top
clk_0003992,imp_00037727,2026-08-04 18:23:23,usr_003122,merch_0047,post_order_carousel
clk_0000147,imp_00001399,2026-08-04 18:34:37,usr_003481,merch_0034,search_sponsored_item
clk_0002104,imp_00019593,2026-08-04 18:37:53,usr_003815,merch_0079,feed_banner_top
clk_0002978,imp_00028240,2026-08-04 19:01:21,usr_004687,merch_0069,search_sponsored_item
clk_0002444,imp_00023036,2026-08-04 19:24:45,usr_003335,merch_0100,search_sponsored_item
clk_0001255,imp_00011660,2026-08-04 19:28:45,usr_003454,merch_0130,search_sponsored_item
clk_0001627,imp_00015061,2026-08-04 19:45:30,usr_001312,merch_0076,search_sponsored_item
clk_0002980,imp_00028262,2026-08-04 20:02:54,usr_001221,merch_0036,search_sponsored_item
clk_0003818,imp_00036215,2026-08-04 20:06:35,usr_000397,merch_0154,post_order_carousel
clk_0005953,imp_00056168,2026-08-04 20:34:59,usr_001778,merch_0200,category_highlight
clk_0004747,imp_00044744,2026-08-04 20:39:07,usr_004379,merch_0015,search_sponsored_item
clk_0001945,imp_00017904,2026-08-04 20:39:58,usr_002644,merch_0092,search_sponsored_item
clk_0001266,imp_00011709,2026-08-04 20:50:57,usr_000151,merch_0036,search_sponsored_item
clk_0004271,imp_00040235,2026-08-04 20:56:42,usr_000314,merch_0152,post_order_carousel
clk_0000496,imp_00004539,2026-08-04 21:25:26,usr_004952,merch_0019,search_sponsored_item
clk_0003846,imp_00036515,2026-08-04 21:26:21,usr_000988,merch_0034,feed_banner_top
clk_0003982,imp_00037644,2026-08-04 21:46:09,usr_004021,merch_0196,feed_banner_top
clk_0003524,imp_00033488,2026-08-04 21:50:39,usr_002072,merch_0178,search_sponsored_item
clk_0001956,imp_00018081,2026-08-04 22:01:06,usr_000948,merch_0186,category_highlight
clk_0002085,imp_00019412,2026-08-04 22:01:48,usr_000058,merch_0017,feed_banner_top
clk_0004564,imp_00043120,2026-08-04 22:31:13,usr_002422,merch_0147,post_order_carousel
clk_0005922,imp_00055722,2026-08-04 22:41:37,usr_000449,merch_0130,feed_banner_top
clk_0001358,imp_00012551,2026-08-04 23:03:54,usr_004783,merch_0125,feed_banner_top
clk_0003288,imp_00031276,2026-08-04 23:12:42,usr_002473,merch_0041,search_sponsored_item
clk_0001297,imp_00012076,2026-08-04 23:24:57,usr_000720,merch_0174,search_sponsored_item
clk_0002786,imp_00026411,2026-08-04 23:28:48,usr_003422,merch_0154,feed_banner_top
clk_0005974,imp_00056333,2026-08-04 23:46:27,usr_004350,merch_0023,category_highlight
clk_0005902,imp_00055544,2026-08-04 23:58:46,usr_001060,merch_0077,search_sponsored_item
clk_0003382,imp_00032166,2026-08-05 00:48:54,usr_002442,merch_0052,category_highlight
clk_0001572,imp_00014508,2026-08-05 01:05:57,usr_003544,merch_0162,search_sponsored_item
clk_0004258,imp_00040133,2026-08-05 01:11:57,usr_000726,merch_0060,search_sponsored_item
clk_0005054,imp_00047518,2026-08-05 01:32:11,usr_004899,merch_0148,feed_banner_top
clk_0005357,imp_00050489,2026-08-05 01:38:10,usr_000224,merch_0154,post_order_carousel
clk_0006181,imp_00058523,2026-08-05 01:49:09,usr_000715,merch_0128,search_sponsored_item
clk_0004715,imp_00044489,2026-08-05 02:03:18,usr_002541,merch_0015,search_sponsored_item
clk_0005685,imp_00053613,2026-08-05 02:03:19,usr_000488,merch_0196,feed_banner_top
clk_0001499,imp_00013839,2026-08-05 02:08:57,usr_003212,merch_0024,search_sponsored_item
clk_0004652,imp_00043877,2026-08-05 02:10:26,usr_000285,merch_0183,feed_banner_top
clk_0005866,imp_00055237,2026-08-05 02:12:50,usr_001360,merch_0181,search_sponsored_item
clk_0001148,imp_00010803,2026-08-05 02:15:56,usr_004017,merch_0016,feed_banner_top
clk_0002519,imp_00023563,2026-08-05 02:26:37,usr_000021,merch_0147,feed_banner_top
clk_0000239,imp_00002259,2026-08-05 02:38:48,usr_004244,merch_0016,search_sponsored_item
clk_0004737,imp_00044686,2026-08-05 02:44:08,usr_002534,merch_0162,search_sponsored_item
clk_0001298,imp_00012078,2026-08-05 02:50:47,usr_000554,merch_0032,search_sponsored_item
clk_0004191,imp_00039454,2026-08-05 03:05:32,usr_003660,merch_0178,search_sponsored_item
clk_0001789,imp_00016510,2026-08-05 03:12:11,usr_003722,merch_0023,search_sponsored_item
clk_0004944,imp_00046450,2026-08-05 03:25:52,usr_004685,merch_0071,category_highlight
clk_0003080,imp_00029282,2026-08-05 03:53:48,usr_001290,merch_0019,post_order_carousel
clk_0000823,imp_00007688,2026-08-05 04:15:14,usr_002211,merch_0125,post_order_carousel
clk_0002358,imp_00022174,2026-08-05 04:32:42,usr_003976,merch_0138,feed_banner_top
clk_0004577,imp_00043274,2026-08-05 04:45:31,usr_002485,merch_0168,feed_banner_top
clk_0005295,imp_00049812,2026-08-05 04:45:52,usr_002468,merch_0047,feed_banner_top
clk_0003106,imp_00029510,2026-08-05 04:48:27,usr_000761,merch_0016,feed_banner_top
clk_0004250,imp_00040006,2026-08-05 04:50:23,usr_003645,merch_0125,search_sponsored_item
clk_0001730,imp_00015956,2026-08-05 04:59:35,usr_002705,merch_0181,feed_banner_top
clk_0005627,imp_00053052,2026-08-05 05:10:36,usr_002476,merch_0045,search_sponsored_item
clk_0000987,imp_00009112,2026-08-05 05:13:31,usr_004613,merch_0168,post_order_carousel
clk_0004894,imp_00045967,2026-08-05 05:29:00,usr_004712,merch_0015,search_sponsored_item
clk_0005041,imp_00047402,2026-08-05 05:29:58,usr_003802,merch_0163,post_order_carousel
clk_0003398,imp_00032306,2026-08-05 05:36:01,usr_002160,merch_0030,search_sponsored_item
clk_0000143,imp_00001337,2026-08-05 05:43:32,usr_000538,merch_0110,search_sponsored_item
clk_0003180,imp_00030197,2026-08-05 06:12:48,usr_004371,merch_0147,search_sponsored_item
clk_0002182,imp_00020475,2026-08-05 06:20:51,usr_001168,merch_0138,feed_banner_top
clk_0004844,imp_00045528,2026-08-05 06:36:26,usr_004478,merch_0044,category_highlight
clk_0002526,imp_00023689,2026-08-05 06:50:29,usr_003261,merch_0047,category_highlight
clk_0006230,imp_00059175,2026-08-05 06:52:14,usr_001927,merch_0045,search_sponsored_item
clk_0001978,imp_00018296,2026-08-05 06:56:20,usr_004066,merch_0183,feed_banner_top
clk_0001328,imp_00012323,2026-08-05 07:07:37,usr_002321,merch_0138,search_sponsored_item
clk_0001228,imp_00011433,2026-08-05 07:22:15,usr_003635,merch_0100,feed_banner_top
clk_0001706,imp_00015758,2026-08-05 07:24:00,usr_000432,merch_0056,search_sponsored_item
clk_0003192,imp_00030398,2026-08-05 08:11:52,usr_002709,merch_0174,search_sponsored_item
clk_0005805,imp_00054776,2026-08-05 08:24:20,usr_004083,merch_0097,post_order_carousel
clk_0003218,imp_00030608,2026-08-05 08:30:13,usr_003008,merch_0040,feed_banner_top
clk_0001460,imp_00013484,2026-08-05 08:43:07,usr_000086,merch_0058,search_sponsored_item
clk_0005714,imp_00053858,2026-08-05 09:03:27,usr_001145,merch_0023,search_sponsored_item
clk_0005917,imp_00055685,2026-08-05 09:31:51,usr_004447,merch_0196,category_highlight
clk_0000504,imp_00004575,2026-08-05 09:41:49,usr_002704,merch_0140,search_sponsored_item
clk_0000174,imp_00001644,2026-08-05 10:03:14,usr_004325,merch_0069,search_sponsored_item
clk_0001640,imp_00015132,2026-08-05 10:05:15,usr_004415,merch_0004,post_order_carousel
clk_0002875,imp_00027324,2026-08-05 10:31:33,usr_001971,merch_0110,feed_banner_top
clk_0000751,imp_00007006,2026-08-05 10:41:57,usr_004738,merch_0163,post_order_carousel
clk_0001919,imp_00017683,2026-08-05 10:58:48,usr_001236,merch_0183,feed_banner_top
clk_0005654,imp_00053332,2026-08-05 11:09:29,usr_001152,merch_0161,feed_banner_top
clk_0002471,imp_00023179,2026-08-05 11:10:25,usr_004426,merch_0148,feed_banner_top
clk_0000325,imp_00003064,2026-08-05 11:15:22,usr_000712,merch_0144,category_highlight
clk_0000577,imp_00005261,2026-08-05 11:30:43,usr_002435,merch_0069,search_sponsored_item
clk_0003226,imp_00030679,2026-08-05 11:52:45,usr_004015,merch_0069,search_sponsored_item
clk_0000382,imp_00003595,2026-08-05 11:53:31,usr_000059,merch_0183,search_sponsored_item
clk_0000770,imp_00007167,2026-08-05 12:09:51,usr_004521,merch_0015,post_order_carousel
clk_0005696,imp_00053732,2026-08-05 12:14:41,usr_003830,merch_0039,feed_banner_top
clk_0003808,imp_00036105,2026-08-05 12:29:00,usr_003889,merch_0086,search_sponsored_item
clk_0003291,imp_00031302,2026-08-05 12:32:51,usr_003665,merch_0040,search_sponsored_item
clk_0002577,imp_00024170,2026-08-05 12:37:23,usr_003760,merch_0092,post_order_carousel
clk_0001862,imp_00017165,2026-08-05 12:40:13,usr_000026,merch_0196,post_order_carousel
clk_0000520,imp_00004701,2026-08-05 13:06:59,usr_001102,merch_0169,search_sponsored_item
clk_0001589,imp_00014725,2026-08-05 13:11:02,usr_003039,merch_0103,search_sponsored_item
clk_0000605,imp_00005551,2026-08-05 13:15:31,usr_000663,merch_0083,category_highlight
clk_0002420,imp_00022838,2026-08-05 13:44:21,usr_001704,merch_0025,feed_banner_top
clk_0005615,imp_00052981,2026-08-05 13:57:04,usr_004057,merch_0142,search_sponsored_item
clk_0005106,imp_00048015,2026-08-05 14:20:24,usr_001849,merch_0052,feed_banner_top
clk_0000326,imp_00003067,2026-08-05 14:37:54,usr_003697,merch_0168,post_order_carousel
clk_0001448,imp_00013366,2026-08-05 14:47:15,usr_001092,merch_0092,search_sponsored_item
clk_0002661,imp_00025110,2026-08-05 14:47:39,usr_000647,merch_0044,search_sponsored_item
clk_0002865,imp_00027215,2026-08-05 14:54:18,usr_004252,merch_0092,post_order_carousel
clk_0005650,imp_00053279,2026-08-05 15:00:31,usr_004233,merch_0181,search_sponsored_item
clk_0003372,imp_00032070,2026-08-05 15:07:37,usr_004226,merch_0069,feed_banner_top
clk_0000490,imp_00004484,2026-08-05 15:15:26,usr_003618,merch_0004,category_highlight
clk_0000569,imp_00005149,2026-08-05 15:21:27,usr_001132,merch_0124,search_sponsored_item
clk_0002924,imp_00027726,2026-08-05 16:02:39,usr_000249,merch_0165,feed_banner_top
clk_0003884,imp_00036815,2026-08-05 16:22:04,usr_000199,merch_0058,feed_banner_top
clk_0005279,imp_00049701,2026-08-05 16:41:05,usr_004646,merch_0138,feed_banner_top
clk_0001349,imp_00012519,2026-08-05 16:50:04,usr_000477,merch_0049,feed_banner_top
clk_0003635,imp_00034611,2026-08-05 17:31:45,usr_000096,merch_0128,search_sponsored_item
clk_0003402,imp_00032347,2026-08-05 17:38:19,usr_000867,merch_0094,feed_banner_top
clk_0003363,imp_00031997,2026-08-05 17:48:18,usr_004458,merch_0148,feed_banner_top
clk_0003317,imp_00031498,2026-08-05 17:58:40,usr_001786,merch_0089,post_order_carousel
clk_0003842,imp_00036470,2026-08-05 18:07:06,usr_001489,merch_0059,feed_banner_top
clk_0003498,imp_00033283,2026-08-05 18:22:44,usr_000666,merch_0148,search_sponsored_item
clk_0005677,imp_00053541,2026-08-05 18:41:38,usr_002194,merch_0079,post_order_carousel
clk_0006173,imp_00058485,2026-08-05 18:46:41,usr_002657,merch_0178,post_order_carousel
clk_0001716,imp_00015835,2026-08-05 18:48:11,usr_003302,merch_0044,search_sponsored_item
clk_0004227,imp_00039765,2026-08-05 18:54:27,usr_004037,merch_0094,feed_banner_top
clk_0000115,imp_00001038,2026-08-05 19:04:05,usr_001656,merch_0125,search_sponsored_item
clk_0003831,imp_00036359,2026-08-05 19:04:23,usr_002986,merch_0083,feed_banner_top
clk_0001916,imp_00017668,2026-08-05 19:19:30,usr_002709,merch_0140,category_highlight
clk_0004336,imp_00040988,2026-08-05 19:25:23,usr_000263,merch_0131,category_highlight
clk_0004496,imp_00042462,2026-08-05 19:28:03,usr_003609,merch_0044,post_order_carousel
clk_0002650,imp_00024952,2026-08-05 19:31:26,usr_000010,merch_0117,feed_banner_top
clk_0005191,imp_00048807,2026-08-05 19:34:06,usr_003281,merch_0111,search_sponsored_item
clk_0000803,imp_00007546,2026-08-05 19:42:07,usr_003191,merch_0083,feed_banner_top
clk_0005116,imp_00048146,2026-08-05 19:52:26,usr_000565,merch_0072,feed_banner_top
clk_0003299,imp_00031344,2026-08-05 19:56:32,usr_004450,merch_0125,post_order_carousel
clk_0005560,imp_00052441,2026-08-05 20:04:27,usr_002999,merch_0154,search_sponsored_item
clk_0004519,imp_00042657,2026-08-05 20:19:53,usr_001967,merch_0111,feed_banner_top
clk_0002052,imp_00019059,2026-08-05 21:03:11,usr_004706,merch_0056,post_order_carousel
clk_0005423,imp_00051102,2026-08-05 21:10:26,usr_001181,merch_0148,category_highlight
clk_0002903,imp_00027537,2026-08-05 21:17:57,usr_004274,merch_0165,search_sponsored_item
clk_0004687,imp_00044215,2026-08-05 21:19:07,usr_004246,merch_0092,search_sponsored_item
clk_0001846,imp_00017051,2026-08-05 21:29:34,usr_000024,merch_0199,search_sponsored_item
clk_0003194,imp_00030404,2026-08-05 21:30:02,usr_005000,merch_0019,search_sponsored_item
clk_0000286,imp_00002690,2026-08-05 21:33:50,usr_001215,merch_0104,search_sponsored_item
clk_0004097,imp_00038545,2026-08-05 21:57:11,usr_002539,merch_0119,feed_banner_top
clk_0002970,imp_00028165,2026-08-05 22:16:52,usr_001278,merch_0032,feed_banner_top
clk_0005363,imp_00050568,2026-08-05 22:19:34,usr_004731,merch_0040,category_highlight
clk_0003864,imp_00036674,2026-08-05 22:34:01,usr_003373,merch_0119,search_sponsored_item
clk_0001541,imp_00014215,2026-08-05 22:41:12,usr_003126,merch_0103,feed_banner_top
clk_0002474,imp_00023187,2026-08-05 22:44:17,usr_003464,merch_0071,search_sponsored_item
clk_0001672,imp_00015460,2026-08-05 22:45:10,usr_001884,merch_0200,search_sponsored_item
clk_0004863,imp_00045669,2026-08-05 22:57:59,usr_000398,merch_0062,feed_banner_top
clk_0005337,imp_00050213,2026-08-05 22:58:29,usr_000209,merch_0138,feed_banner_top
clk_0005241,imp_00049297,2026-08-05 23:09:59,usr_000015,merch_0025,search_sponsored_item
clk_0000032,imp_00000345,2026-08-05 23:32:50,usr_001479,merch_0149,category_highlight
clk_0000231,imp_00002186,2026-08-05 23:42:22,usr_000995,merch_0183,search_sponsored_item
clk_0006067,imp_00057377,2026-08-05 23:42:43,usr_001106,merch_0034,search_sponsored_item
clk_0002054,imp_00019070,2026-08-05 23:46:41,usr_004213,merch_0196,search_sponsored_item
clk_0001337,imp_00012415,2026-08-05 23:49:32,usr_002419,merch_0183,category_highlight
clk_0004683,imp_00044190,2026-08-06 00:05:47,usr_000385,merch_0142,feed_banner_top
clk_0000135,imp_00001263,2026-08-06 00:20:23,usr_000871,merch_0076,feed_banner_top
clk_0002517,imp_00023558,2026-08-06 00:39:24,usr_004288,merch_0130,search_sponsored_item
clk_0000860,imp_00008091,2026-08-06 00:40:20,usr_001435,merch_0040,post_order_carousel
clk_0002665,imp_00025143,2026-08-06 00:41:08,usr_003586,merch_0131,search_sponsored_item
clk_0001899,imp_00017475,2026-08-06 00:59:50,usr_003894,merch_0062,search_sponsored_item
clk_0004211,imp_00039687,2026-08-06 01:03:25,usr_000355,merch_0047,search_sponsored_item
clk_0006015,imp_00056763,2026-08-06 01:08:30,usr_000944,merch_0163,search_sponsored_item
clk_0003572,imp_00033978,2026-08-06 01:17:49,usr_000042,merch_0015,feed_banner_top
clk_0004318,imp_00040713,2026-08-06 01:17:56,usr_004577,merch_0104,search_sponsored_item
clk_0000249,imp_00002328,2026-08-06 01:37:01,usr_002613,merch_0148,search_sponsored_item
clk_0000218,imp_00002066,2026-08-06 01:38:45,usr_003476,merch_0037,search_sponsored_item
clk_0003152,imp_00029947,2026-08-06 01:39:36,usr_001136,merch_0147,feed_banner_top
clk_0005719,imp_00053922,2026-08-06 02:07:20,usr_003444,merch_0186,feed_banner_top
clk_0003074,imp_00029193,2026-08-06 02:09:49,usr_003766,merch_0125,category_highlight
clk_0002151,imp_00020077,2026-08-06 02:33:41,usr_003407,merch_0001,feed_banner_top
clk_0003133,imp_00029813,2026-08-06 02:47:05,usr_002964,merch_0089,category_highlight
clk_0002086,imp_00019414,2026-08-06 03:19:09,usr_003756,merch_0004,search_sponsored_item
clk_0002528,imp_00023727,2026-08-06 03:22:14,usr_001127,merch_0086,feed_banner_top
clk_0000515,imp_00004670,2026-08-06 03:22:50,usr_000501,merch_0154,post_order_carousel
clk_0006129,imp_00058050,2026-08-06 03:23:01,usr_001973,merch_0103,feed_banner_top
clk_0004247,imp_00039971,2026-08-06 03:42:27,usr_003478,merch_0152,category_highlight
clk_0002198,imp_00020650,2026-08-06 03:47:22,usr_001176,merch_0125,feed_banner_top
clk_0005260,imp_00049500,2026-08-06 03:53:22,usr_001142,merch_0148,feed_banner_top
clk_0000090,imp_00000836,2026-08-06 04:03:00,usr_003461,merch_0150,search_sponsored_item
clk_0002324,imp_00021844,2026-08-06 04:15:13,usr_000718,merch_0077,post_order_carousel
clk_0000282,imp_00002664,2026-08-06 04:28:28,usr_004121,merch_0128,feed_banner_top
clk_0005610,imp_00052926,2026-08-06 04:33:30,usr_000676,merch_0147,feed_banner_top
clk_0005473,imp_00051643,2026-08-06 04:35:26,usr_003995,merch_0183,search_sponsored_item
clk_0004816,imp_00045313,2026-08-06 04:56:40,usr_004175,merch_0119,search_sponsored_item
clk_0005353,imp_00050441,2026-08-06 04:58:30,usr_003024,merch_0183,search_sponsored_item
clk_0000733,imp_00006851,2026-08-06 05:11:09,usr_002997,merch_0163,search_sponsored_item
clk_0003860,imp_00036645,2026-08-06 05:16:36,usr_002984,merch_0041,search_sponsored_item
clk_0001816,imp_00016814,2026-08-06 05:18:33,usr_002309,merch_0058,search_sponsored_item
clk_0005459,imp_00051517,2026-08-06 05:36:09,usr_002421,merch_0062,search_sponsored_item
clk_0003315,imp_00031452,2026-08-06 05:42:02,usr_004157,merch_0058,feed_banner_top
clk_0005393,imp_00050873,2026-08-06 05:50:07,usr_003442,merch_0138,search_sponsored_item
clk_0000357,imp_00003352,2026-08-06 06:26:36,usr_004367,merch_0178,search_sponsored_item
clk_0001378,imp_00012741,2026-08-06 06:32:25,usr_003289,merch_0148,search_sponsored_item
clk_0001745,imp_00016128,2026-08-06 07:00:45,usr_000287,merch_0152,search_sponsored_item
clk_0005561,imp_00052454,2026-08-06 07:02:13,usr_001004,merch_0079,feed_banner_top
clk_0004712,imp_00044469,2026-08-06 07:17:13,usr_000354,merch_0186,feed_banner_top
clk_0001807,imp_00016699,2026-08-06 07:26:18,usr_001786,merch_0040,feed_banner_top
clk_0002020,imp_00018703,2026-08-06 07:30:21,usr_001932,merch_0040,search_sponsored_item
clk_0003314,imp_00031437,2026-08-06 07:33:51,usr_000174,merch_0069,post_order_carousel
clk_0004593,imp_00043439,2026-08-06 08:03:14,usr_002842,merch_0056,post_order_carousel
clk_0002572,imp_00024139,2026-08-06 08:26:08,usr_001833,merch_0196,category_highlight
clk_0000616,imp_00005624,2026-08-06 08:41:31,usr_001790,merch_0117,search_sponsored_item
clk_0001504,imp_00013899,2026-08-06 08:45:19,usr_003560,merch_0150,search_sponsored_item
clk_0003492,imp_00033237,2026-08-06 08:48:15,usr_004655,merch_0097,feed_banner_top
clk_0000232,imp_00002190,2026-08-06 09:06:04,usr_000431,merch_0008,search_sponsored_item
clk_0003836,imp_00036436,2026-08-06 09:12:06,usr_002742,merch_0178,search_sponsored_item
clk_0001404,imp_00013003,2026-08-06 09:24:01,usr_002866,merch_0103,search_sponsored_item
clk_0001464,imp_00013495,2026-08-06 09:37:15,usr_001871,merch_0045,feed_banner_top
clk_0003271,imp_00031144,2026-08-06 09:37:44,usr_001568,merch_0196,feed_banner_top
clk_0002621,imp_00024611,2026-08-06 09:42:51,usr_001540,merch_0131,category_highlight
clk_0002828,imp_00026882,2026-08-06 09:56:39,usr_001129,merch_0094,category_highlight
clk_0005333,imp_00050161,2026-08-06 10:17:04,usr_004911,merch_0154,search_sponsored_item
clk_0002308,imp_00021718,2026-08-06 10:46:13,usr_004413,merch_0030,search_sponsored_item
clk_0002270,imp_00021283,2026-08-06 10:54:26,usr_003004,merch_0037,category_highlight
clk_0005508,imp_00052015,2026-08-06 11:03:09,usr_004538,merch_0140,search_sponsored_item
clk_0002485,imp_00023313,2026-08-06 11:05:12,usr_001834,merch_0181,feed_banner_top
clk_0001468,imp_00013528,2026-08-06 11:07:21,usr_001795,merch_0016,post_order_carousel
clk_0005377,imp_00050684,2026-08-06 11:27:00,usr_003100,merch_0162,category_highlight
clk_0005086,imp_00047879,2026-08-06 11:29:54,usr_002851,merch_0148,feed_banner_top
clk_0004360,imp_00041205,2026-08-06 11:38:49,usr_002878,merch_0060,search_sponsored_item
clk_0003877,imp_00036783,2026-08-06 11:38:57,usr_002449,merch_0004,feed_banner_top
clk_0002496,imp_00023415,2026-08-06 12:08:45,usr_002311,merch_0033,feed_banner_top
clk_0003392,imp_00032280,2026-08-06 12:14:45,usr_002379,merch_0165,post_order_carousel
clk_0000264,imp_00002456,2026-08-06 12:26:12,usr_001362,merch_0131,feed_banner_top
clk_0004675,imp_00044129,2026-08-06 12:27:04,usr_004665,merch_0015,feed_banner_top
clk_0002206,imp_00020718,2026-08-06 12:46:46,usr_003740,merch_0030,feed_banner_top
clk_0004897,imp_00045996,2026-08-06 12:47:09,usr_000971,merch_0025,search_sponsored_item
clk_0000251,imp_00002331,2026-08-06 13:05:55,usr_003607,merch_0138,post_order_carousel
clk_0001111,imp_00010313,2026-08-06 13:22:58,usr_004770,merch_0196,category_highlight
clk_0002126,imp_00019819,2026-08-06 13:23:32,usr_004643,merch_0024,search_sponsored_item
clk_0003421,imp_00032593,2026-08-06 13:27:02,usr_004216,merch_0148,feed_banner_top
clk_0006257,imp_00059439,2026-08-06 13:37:23,usr_004126,merch_0059,feed_banner_top
clk_0003640,imp_00034690,2026-08-06 14:03:23,usr_004850,merch_0086,search_sponsored_item
clk_0000057,imp_00000544,2026-08-06 14:05:25,usr_002460,merch_0163,feed_banner_top
clk_0006025,imp_00056875,2026-08-06 14:10:45,usr_002716,merch_0130,post_order_carousel
clk_0003547,imp_00033785,2026-08-06 14:13:15,usr_004134,merch_0144,search_sponsored_item
clk_0002949,imp_00028014,2026-08-06 14:18:32,usr_002814,merch_0170,search_sponsored_item
clk_0004441,imp_00041988,2026-08-06 14:20:51,usr_000528,merch_0152,feed_banner_top
clk_0003783,imp_00035898,2026-08-06 14:27:47,usr_002050,merch_0032,feed_banner_top
clk_0000929,imp_00008675,2026-08-06 14:36:36,usr_004757,merch_0032,post_order_carousel
clk_0003870,imp_00036704,2026-08-06 14:43:10,usr_000867,merch_0016,feed_banner_top
clk_0004741,imp_00044730,2026-08-06 14:53:46,usr_002929,merch_0039,category_highlight
clk_0001032,imp_00009544,2026-08-06 14:55:18,usr_004288,merch_0079,search_sponsored_item
clk_0003273,imp_00031177,2026-08-06 14:57:11,usr_001722,merch_0036,post_order_carousel
clk_0000125,imp_00001176,2026-08-06 14:57:35,usr_003764,merch_0144,post_order_carousel
clk_0005073,imp_00047709,2026-08-06 15:14:56,usr_004742,merch_0112,feed_banner_top
clk_0005358,imp_00050494,2026-08-06 15:47:42,usr_002537,merch_0056,category_highlight
clk_0000201,imp_00001905,2026-08-06 15:53:24,usr_003647,merch_0015,feed_banner_top
clk_0002823,imp_00026813,2026-08-06 16:01:53,usr_002011,merch_0188,search_sponsored_item
clk_0003112,imp_00029537,2026-08-06 16:12:37,usr_001275,merch_0103,category_highlight
clk_0000410,imp_00003830,2026-08-06 16:17:16,usr_001194,merch_0181,feed_banner_top
clk_0002210,imp_00020751,2026-08-06 16:30:42,usr_003455,merch_0069,search_sponsored_item
clk_0002322,imp_00021797,2026-08-06 16:48:25,usr_002878,merch_0178,search_sponsored_item
clk_0003347,imp_00031785,2026-08-06 16:49:24,usr_001329,merch_0125,feed_banner_top
clk_0000767,imp_00007139,2026-08-06 16:52:27,usr_001474,merch_0124,search_sponsored_item
clk_0005080,imp_00047771,2026-08-06 17:20:10,usr_000447,merch_0161,search_sponsored_item
clk_0003747,imp_00035626,2026-08-06 17:21:05,usr_000504,merch_0015,search_sponsored_item
clk_0001240,imp_00011518,2026-08-06 17:36:00,usr_000559,merch_0152,search_sponsored_item
clk_0003294,imp_00031316,2026-08-06 17:43:01,usr_002075,merch_0025,search_sponsored_item
clk_0000122,imp_00001155,2026-08-06 17:43:58,usr_002380,merch_0001,feed_banner_top
clk_0001651,imp_00015211,2026-08-06 18:01:05,usr_000315,merch_0117,post_order_carousel
clk_0003130,imp_00029786,2026-08-06 18:07:57,usr_000345,merch_0016,feed_banner_top
clk_0000184,imp_00001744,2026-08-06 18:09:57,usr_002265,merch_0032,search_sponsored_item
clk_0002817,imp_00026750,2026-08-06 18:14:45,usr_003438,merch_0150,search_sponsored_item
clk_0003304,imp_00031360,2026-08-06 18:21:23,usr_004986,merch_0037,search_sponsored_item
clk_0005303,imp_00049879,2026-08-06 18:34:52,usr_002329,merch_0163,search_sponsored_item
clk_0001972,imp_00018244,2026-08-06 18:40:17,usr_002940,merch_0092,feed_banner_top
clk_0001982,imp_00018325,2026-08-06 18:49:27,usr_004072,merch_0045,feed_banner_top
clk_0001264,imp_00011703,2026-08-06 18:53:25,usr_004023,merch_0037,category_highlight
clk_0001836,imp_00016973,2026-08-06 19:08:33,usr_004861,merch_0161,search_sponsored_item
clk_0000268,imp_00002494,2026-08-06 19:09:14,usr_000679,merch_0181,category_highlight
clk_0001294,imp_00012033,2026-08-06 19:15:25,usr_002195,merch_0030,search_sponsored_item
clk_0005763,imp_00054281,2026-08-06 19:16:09,usr_003859,merch_0128,search_sponsored_item
clk_0000804,imp_00007556,2026-08-06 19:27:21,usr_004739,merch_0152,post_order_carousel
clk_0002880,imp_00027372,2026-08-06 19:41:48,usr_001426,merch_0078,search_sponsored_item
clk_0002634,imp_00024793,2026-08-06 20:10:07,usr_002115,merch_0141,search_sponsored_item
clk_0005556,imp_00052425,2026-08-06 20:20:16,usr_000422,merch_0144,search_sponsored_item
clk_0003086,imp_00029322,2026-08-06 20:35:37,usr_002469,merch_0037,feed_banner_top
clk_0001044,imp_00009674,2026-08-06 20:44:05,usr_004436,merch_0001,search_sponsored_item
clk_0005408,imp_00051004,2026-08-06 21:32:40,usr_002686,merch_0141,feed_banner_top
clk_0002856,imp_00027157,2026-08-06 21:40:53,usr_002681,merch_0144,search_sponsored_item
clk_0006045,imp_00057047,2026-08-06 21:50:48,usr_002007,merch_0104,search_sponsored_item
clk_0006094,imp_00057639,2026-08-06 22:05:04,usr_002673,merch_0150,post_order_carousel
clk_0004494,imp_00042460,2026-08-06 22:15:42,usr_004326,merch_0058,post_order_carousel
clk_0004479,imp_00042354,2026-08-06 22:17:46,usr_003943,merch_0047,search_sponsored_item
clk_0005721,imp_00053943,2026-08-06 22:24:35,usr_004337,merch_0130,search_sponsored_item
clk_0002236,imp_00020991,2026-08-06 22:26:41,usr_004239,merch_0015,search_sponsored_item
clk_0000229,imp_00002172,2026-08-06 22:29:40,usr_003048,merch_0083,feed_banner_top
clk_0002275,imp_00021320,2026-08-06 22:43:28,usr_001543,merch_0041,feed_banner_top
clk_0000069,imp_00000656,2026-08-06 22:45:49,usr_000754,merch_0094,feed_banner_top
clk_0001610,imp_00014927,2026-08-06 22:54:07,usr_003341,merch_0149,search_sponsored_item
clk_0000225,imp_00002149,2026-08-06 22:56:35,usr_000909,merch_0147,search_sponsored_item
clk_0004698,imp_00044361,2026-08-06 22:56:54,usr_001567,merch_0135,search_sponsored_item
clk_0005430,imp_00051189,2026-08-06 23:40:02,usr_002807,merch_0181,search_sponsored_item
clk_0003584,imp_00034151,2026-08-07 00:00:56,usr_003806,merch_0071,post_order_carousel
clk_0002325,imp_00021850,2026-08-07 00:03:48,usr_003551,merch_0015,search_sponsored_item
clk_0002701,imp_00025538,2026-08-07 00:13:22,usr_002581,merch_0072,feed_banner_top
clk_0002544,imp_00023879,2026-08-07 00:13:34,usr_003079,merch_0154,search_sponsored_item
clk_0002452,imp_00023088,2026-08-07 00:19:55,usr_001153,merch_0154,feed_banner_top
clk_0000315,imp_00002988,2026-08-07 00:22:38,usr_001053,merch_0036,search_sponsored_item
clk_0003206,imp_00030501,2026-08-07 00:30:11,usr_000477,merch_0161,search_sponsored_item
clk_0004129,imp_00038838,2026-08-07 00:31:36,usr_000033,merch_0131,feed_banner_top
clk_0002991,imp_00028364,2026-08-07 00:36:42,usr_003484,merch_0089,search_sponsored_item
clk_0003261,imp_00031047,2026-08-07 00:36:43,usr_003533,merch_0040,search_sponsored_item
clk_0004808,imp_00045274,2026-08-07 00:37:45,usr_002117,merch_0033,post_order_carousel
clk_0001566,imp_00014455,2026-08-07 00:55:02,usr_000767,merch_0128,search_sponsored_item
clk_0002122,imp_00019779,2026-08-07 01:22:57,usr_004686,merch_0069,search_sponsored_item
clk_0000492,imp_00004500,2026-08-07 01:44:57,usr_003500,merch_0040,post_order_carousel
clk_0003669,imp_00035057,2026-08-07 01:51:51,usr_002876,merch_0079,feed_banner_top
clk_0005390,imp_00050858,2026-08-07 02:06:16,usr_003528,merch_0112,search_sponsored_item
clk_0004783,imp_00045041,2026-08-07 02:26:00,usr_001589,merch_0092,search_sponsored_item
clk_0002455,imp_00023101,2026-08-07 02:31:27,usr_001679,merch_0147,feed_banner_top
clk_0001777,imp_00016400,2026-08-07 02:32:37,usr_002877,merch_0040,post_order_carousel
clk_0004225,imp_00039761,2026-08-07 02:40:15,usr_004413,merch_0047,search_sponsored_item
clk_0003460,imp_00032949,2026-08-07 02:42:41,usr_001339,merch_0144,feed_banner_top
clk_0000342,imp_00003227,2026-08-07 02:55:48,usr_001210,merch_0196,search_sponsored_item
clk_0003488,imp_00033181,2026-08-07 03:00:14,usr_001585,merch_0092,feed_banner_top
clk_0006095,imp_00057677,2026-08-07 03:05:46,usr_002413,merch_0036,category_highlight
clk_0001458,imp_00013474,2026-08-07 03:06:42,usr_000979,merch_0086,search_sponsored_item
clk_0000419,imp_00003854,2026-08-07 03:23:24,usr_003089,merch_0103,feed_banner_top
clk_0002486,imp_00023322,2026-08-07 03:27:25,usr_002349,merch_0200,feed_banner_top
clk_0004074,imp_00038377,2026-08-07 03:44:09,usr_000149,merch_0092,feed_banner_top
clk_0003891,imp_00036885,2026-08-07 04:07:39,usr_003805,merch_0092,search_sponsored_item
clk_0000978,imp_00009036,2026-08-07 04:10:14,usr_000759,merch_0033,category_highlight
clk_0004481,imp_00042376,2026-08-07 04:13:32,usr_000328,merch_0092,post_order_carousel
clk_0001797,imp_00016617,2026-08-07 04:15:34,usr_004860,merch_0062,search_sponsored_item
clk_0003250,imp_00030932,2026-08-07 04:23:13,usr_001180,merch_0077,search_sponsored_item
clk_0000431,imp_00003975,2026-08-07 04:38:47,usr_001037,merch_0004,search_sponsored_item
clk_0003155,imp_00029964,2026-08-07 04:46:30,usr_003376,merch_0072,feed_banner_top
clk_0005257,imp_00049448,2026-08-07 04:48:07,usr_000128,merch_0058,search_sponsored_item
clk_0003202,imp_00030480,2026-08-07 04:50:30,usr_002069,merch_0041,search_sponsored_item
clk_0002378,imp_00022349,2026-08-07 04:56:15,usr_001951,merch_0144,feed_banner_top
clk_0002201,imp_00020665,2026-08-07 05:13:36,usr_002907,merch_0030,search_sponsored_item
clk_0005806,imp_00054779,2026-08-07 05:35:35,usr_004012,merch_0036,category_highlight
clk_0005098,imp_00047968,2026-08-07 05:56:27,usr_000810,merch_0100,category_highlight
clk_0006207,imp_00058929,2026-08-07 05:56:37,usr_003950,merch_0154,search_sponsored_item
clk_0003778,imp_00035889,2026-08-07 05:59:44,usr_002219,merch_0024,post_order_carousel
clk_0003901,imp_00036960,2026-08-07 06:02:14,usr_000954,merch_0037,feed_banner_top
clk_0004789,imp_00045102,2026-08-07 06:17:23,usr_003016,merch_0124,post_order_carousel
clk_0005433,imp_00051229,2026-08-07 07:18:33,usr_000557,merch_0104,search_sponsored_item
clk_0003484,imp_00033143,2026-08-07 07:21:12,usr_000156,merch_0062,search_sponsored_item
clk_0000126,imp_00001185,2026-08-07 07:33:34,usr_002775,merch_0019,feed_banner_top
clk_0001153,imp_00010830,2026-08-07 07:45:51,usr_001691,merch_0188,search_sponsored_item
clk_0004212,imp_00039697,2026-08-07 07:49:28,usr_004856,merch_0165,feed_banner_top
clk_0004869,imp_00045722,2026-08-07 08:20:35,usr_003280,merch_0039,category_highlight
clk_0003856,imp_00036602,2026-08-07 08:31:11,usr_000391,merch_0016,feed_banner_top
clk_0003057,imp_00029073,2026-08-07 08:40:45,usr_000909,merch_0147,category_highlight
clk_0002777,imp_00026326,2026-08-07 08:41:44,usr_001404,merch_0089,feed_banner_top
clk_0001373,imp_00012715,2026-08-07 08:42:12,usr_001223,merch_0196,category_highlight
clk_0001696,imp_00015629,2026-08-07 08:42:22,usr_004118,merch_0097,feed_banner_top
clk_0001756,imp_00016215,2026-08-07 08:43:33,usr_000079,merch_0162,search_sponsored_item
clk_0001342,imp_00012465,2026-08-07 08:48:31,usr_004307,merch_0056,search_sponsored_item
clk_0004180,imp_00039357,2026-08-07 09:36:16,usr_004647,merch_0045,feed_banner_top
clk_0004889,imp_00045913,2026-08-07 10:01:52,usr_001853,merch_0015,search_sponsored_item
clk_0002774,imp_00026287,2026-08-07 10:08:13,usr_004313,merch_0199,search_sponsored_item
clk_0002712,imp_00025638,2026-08-07 10:17:36,usr_000166,merch_0186,search_sponsored_item
clk_0001247,imp_00011555,2026-08-07 10:32:15,usr_000929,merch_0040,search_sponsored_item
clk_0003252,imp_00030951,2026-08-07 10:33:26,usr_001810,merch_0052,search_sponsored_item
clk_0003841,imp_00036461,2026-08-07 10:36:48,usr_001925,merch_0072,search_sponsored_item
clk_0001241,imp_00011519,2026-08-07 10:57:42,usr_001336,merch_0161,post_order_carousel
clk_0002711,imp_00025634,2026-08-07 11:05:51,usr_002986,merch_0140,post_order_carousel
clk_0000030,imp_00000335,2026-08-07 11:26:36,usr_000850,merch_0094,post_order_carousel
clk_0002127,imp_00019847,2026-08-07 11:41:32,usr_000136,merch_0138,feed_banner_top
clk_0005750,imp_00054173,2026-08-07 11:42:38,usr_000600,merch_0039,feed_banner_top
clk_0003970,imp_00037492,2026-08-07 11:49:41,usr_003664,merch_0147,search_sponsored_item
clk_0001469,imp_00013531,2026-08-07 11:58:30,usr_001099,merch_0183,search_sponsored_item
clk_0005546,imp_00052345,2026-08-07 12:18:28,usr_003771,merch_0178,feed_banner_top
clk_0001631,imp_00015091,2026-08-07 12:18:58,usr_001409,merch_0077,search_sponsored_item
clk_0001487,imp_00013689,2026-08-07 12:39:01,usr_000263,merch_0056,category_highlight
clk_0000121,imp_00001149,2026-08-07 12:45:44,usr_004510,merch_0183,category_highlight
clk_0002495,imp_00023414,2026-08-07 12:47:13,usr_000569,merch_0001,search_sponsored_item
clk_0003881,imp_00036810,2026-08-07 12:47:34,usr_004878,merch_0124,search_sponsored_item
clk_0000738,imp_00006892,2026-08-07 13:01:20,usr_002290,merch_0017,feed_banner_top
clk_0006092,imp_00057620,2026-08-07 13:20:51,usr_000676,merch_0036,feed_banner_top
clk_0002776,imp_00026319,2026-08-07 13:24:08,usr_001766,merch_0039,search_sponsored_item
clk_0004470,imp_00042241,2026-08-07 13:30:03,usr_000726,merch_0036,category_highlight
clk_0001271,imp_00011736,2026-08-07 13:38:17,usr_003768,merch_0058,post_order_carousel
clk_0003942,imp_00037299,2026-08-07 13:51:39,usr_001092,merch_0083,category_highlight
clk_0001698,imp_00015657,2026-08-07 14:00:27,usr_003128,merch_0083,feed_banner_top
clk_0000858,imp_00008062,2026-08-07 14:14:07,usr_000341,merch_0131,search_sponsored_item
clk_0000336,imp_00003164,2026-08-07 14:20:54,usr_000347,merch_0161,post_order_carousel
clk_0005585,imp_00052718,2026-08-07 14:24:42,usr_000281,merch_0056,feed_banner_top
clk_0001620,imp_00015015,2026-08-07 14:28:15,usr_003852,merch_0128,feed_banner_top
clk_0000158,imp_00001494,2026-08-07 14:33:46,usr_001506,merch_0196,feed_banner_top
clk_0004060,imp_00038278,2026-08-07 14:38:36,usr_003006,merch_0037,feed_banner_top
clk_0000156,imp_00001467,2026-08-07 14:57:30,usr_000304,merch_0128,search_sponsored_item
clk_0005440,imp_00051325,2026-08-07 15:14:46,usr_000486,merch_0124,feed_banner_top
clk_0002465,imp_00023144,2026-08-07 15:20:43,usr_000794,merch_0019,search_sponsored_item
clk_0004647,imp_00043854,2026-08-07 15:51:25,usr_000956,merch_0047,feed_banner_top
clk_0000042,imp_00000418,2026-08-07 16:10:15,usr_003870,merch_0170,feed_banner_top
clk_0004183,imp_00039399,2026-08-07 16:12:46,usr_000982,merch_0017,search_sponsored_item
clk_0005527,imp_00052155,2026-08-07 16:15:14,usr_001641,merch_0128,category_highlight
clk_0005470,imp_00051607,2026-08-07 16:31:01,usr_002043,merch_0056,search_sponsored_item
clk_0003244,imp_00030845,2026-08-07 16:41:24,usr_002774,merch_0001,search_sponsored_item
clk_0005244,imp_00049335,2026-08-07 16:44:39,usr_002533,merch_0188,search_sponsored_item
clk_0003116,imp_00029568,2026-08-07 16:51:42,usr_000829,merch_0174,feed_banner_top
clk_0005856,imp_00055175,2026-08-07 16:53:57,usr_004153,merch_0017,feed_banner_top
clk_0005501,imp_00051923,2026-08-07 17:23:15,usr_000440,merch_0149,post_order_carousel
clk_0002908,imp_00027578,2026-08-07 17:50:29,usr_000751,merch_0154,feed_banner_top
clk_0005453,imp_00051463,2026-08-07 17:52:14,usr_000680,merch_0092,search_sponsored_item
clk_0003361,imp_00031975,2026-08-07 17:55:01,usr_002922,merch_0039,search_sponsored_item
clk_0006270,imp_00059540,2026-08-07 17:55:59,usr_003434,merch_0165,feed_banner_top
clk_0001129,imp_00010526,2026-08-07 18:08:03,usr_004206,merch_0030,feed_banner_top
clk_0005275,imp_00049642,2026-08-07 18:13:15,usr_000835,merch_0044,feed_banner_top
clk_0004370,imp_00041325,2026-08-07 18:21:44,usr_003158,merch_0036,post_order_carousel
clk_0002761,imp_00026120,2026-08-07 18:28:38,usr_002043,merch_0060,post_order_carousel
clk_0001637,imp_00015126,2026-08-07 18:44:56,usr_000114,merch_0131,feed_banner_top
clk_0000682,imp_00006313,2026-08-07 18:46:37,usr_004345,merch_0199,search_sponsored_item
clk_0000799,imp_00007528,2026-08-07 18:46:59,usr_003112,merch_0041,feed_banner_top
clk_0001292,imp_00012015,2026-08-07 18:52:56,usr_000028,merch_0062,search_sponsored_item
clk_0003744,imp_00035604,2026-08-07 19:23:08,usr_001778,merch_0168,post_order_carousel
clk_0001234,imp_00011466,2026-08-07 19:31:36,usr_000919,merch_0036,category_highlight
clk_0000491,imp_00004487,2026-08-07 19:58:43,usr_000010,merch_0049,post_order_carousel
clk_0000036,imp_00000382,2026-08-07 20:08:23,usr_001004,merch_0052,search_sponsored_item
clk_0001020,imp_00009430,2026-08-07 20:13:42,usr_001255,merch_0149,post_order_carousel
clk_0001293,imp_00012028,2026-08-07 20:25:26,usr_004844,merch_0015,search_sponsored_item
clk_0002128,imp_00019864,2026-08-07 20:46:36,usr_002196,merch_0041,feed_banner_top
clk_0000214,imp_00002029,2026-08-07 21:15:15,usr_004191,merch_0125,search_sponsored_item
clk_0004122,imp_00038757,2026-08-07 21:23:35,usr_000484,merch_0163,feed_banner_top
clk_0001370,imp_00012688,2026-08-07 21:56:27,usr_003599,merch_0186,search_sponsored_item
clk_0004455,imp_00042139,2026-08-07 22:12:17,usr_002028,merch_0004,search_sponsored_item
clk_0004730,imp_00044631,2026-08-07 22:20:33,usr_000113,merch_0032,search_sponsored_item
clk_0004601,imp_00043507,2026-08-07 22:26:45,usr_003695,merch_0079,category_highlight
clk_0002277,imp_00021355,2026-08-07 23:29:28,usr_003415,merch_0119,search_sponsored_item
clk_0001400,imp_00012971,2026-08-07 23:41:27,usr_000021,merch_0058,feed_banner_top
clk_0002749,imp_00025998,2026-08-07 23:52:25,usr_001611,merch_0062,feed_banner_top
clk_0005192,imp_00048809,2026-08-08 00:06:26,usr_000364,merch_0131,category_highlight
clk_0002852,imp_00027133,2026-08-08 00:08:36,usr_003689,merch_0097,feed_banner_top
clk_0001762,imp_00016266,2026-08-08 00:16:56,usr_003898,merch_0030,feed_banner_top
clk_0001473,imp_00013551,2026-08-08 00:17:53,usr_000853,merch_0130,search_sponsored_item
clk_0000641,imp_00005894,2026-08-08 00:27:26,usr_001272,merch_0034,search_sponsored_item
clk_0003217,imp_00030598,2026-08-08 00:39:12,usr_001405,merch_0045,post_order_carousel
clk_0004613,imp_00043583,2026-08-08 00:51:49,usr_003029,merch_0168,search_sponsored_item
clk_0000702,imp_00006479,2026-08-08 01:16:58,usr_003645,merch_0162,search_sponsored_item
clk_0001607,imp_00014897,2026-08-08 01:17:29,usr_000913,merch_0100,search_sponsored_item
clk_0002194,imp_00020611,2026-08-08 01:21:17,usr_004945,merch_0071,search_sponsored_item
clk_0004682,imp_00044175,2026-08-08 01:47:56,usr_000030,merch_0092,search_sponsored_item
clk_0000638,imp_00005840,2026-08-08 01:50:35,usr_000403,merch_0044,feed_banner_top
clk_0003539,imp_00033651,2026-08-08 02:00:37,usr_000878,merch_0199,search_sponsored_item
clk_0000159,imp_00001509,2026-08-08 02:02:26,usr_003427,merch_0186,search_sponsored_item
clk_0003128,imp_00029749,2026-08-08 02:06:50,usr_001251,merch_0112,feed_banner_top
clk_0001173,imp_00011006,2026-08-08 02:13:26,usr_004968,merch_0135,search_sponsored_item
clk_0003898,imp_00036939,2026-08-08 02:44:16,usr_000679,merch_0077,search_sponsored_item
clk_0001300,imp_00012105,2026-08-08 02:45:33,usr_001059,merch_0144,search_sponsored_item
clk_0002611,imp_00024511,2026-08-08 02:49:25,usr_000863,merch_0086,feed_banner_top
clk_0000628,imp_00005751,2026-08-08 02:53:58,usr_001772,merch_0092,post_order_carousel
clk_0000777,imp_00007256,2026-08-08 02:57:09,usr_003678,merch_0162,feed_banner_top
clk_0003699,imp_00035210,2026-08-08 02:57:31,usr_002723,merch_0150,search_sponsored_item
clk_0005439,imp_00051310,2026-08-08 03:00:48,usr_003334,merch_0052,category_highlight
clk_0002427,imp_00022885,2026-08-08 03:25:20,usr_000299,merch_0144,search_sponsored_item
clk_0001355,imp_00012542,2026-08-08 03:29:08,usr_004759,merch_0148,search_sponsored_item
clk_0000840,imp_00007860,2026-08-08 03:37:01,usr_002511,merch_0135,search_sponsored_item
clk_0004502,imp_00042522,2026-08-08 03:37:30,usr_001138,merch_0144,feed_banner_top
clk_0005555,imp_00052410,2026-08-08 03:51:09,usr_000196,merch_0041,feed_banner_top
clk_0001875,imp_00017295,2026-08-08 04:01:37,usr_004820,merch_0001,search_sponsored_item
clk_0003929,imp_00037168,2026-08-08 04:01:46,usr_002725,merch_0052,search_sponsored_item
clk_0003354,imp_00031821,2026-08-08 04:16:44,usr_002984,merch_0079,post_order_carousel
clk_0002080,imp_00019296,2026-08-08 04:24:59,usr_002654,merch_0044,feed_banner_top
clk_0002827,imp_00026877,2026-08-08 04:30:07,usr_002930,merch_0039,search_sponsored_item
clk_0000344,imp_00003236,2026-08-08 04:37:50,usr_003989,merch_0094,search_sponsored_item
clk_0000446,imp_00004072,2026-08-08 05:01:26,usr_001000,merch_0092,feed_banner_top
clk_0004274,imp_00040245,2026-08-08 05:09:56,usr_002956,merch_0181,search_sponsored_item
clk_0002890,imp_00027462,2026-08-08 05:23:00,usr_003982,merch_0079,category_highlight
clk_0000612,imp_00005599,2026-08-08 05:28:57,usr_000824,merch_0044,category_highlight
clk_0001551,imp_00014285,2026-08-08 05:33:18,usr_004201,merch_0062,search_sponsored_item
clk_0004434,imp_00041942,2026-08-08 05:34:30,usr_004436,merch_0041,feed_banner_top
clk_0005623,imp_00053036,2026-08-08 05:39:59,usr_001793,merch_0131,feed_banner_top
clk_0005123,imp_00048188,2026-08-08 05:41:09,usr_004225,merch_0144,category_highlight
clk_0006176,imp_00058498,2026-08-08 05:49:33,usr_000560,merch_0154,post_order_carousel
clk_0005204,imp_00048917,2026-08-08 05:52:02,usr_002962,merch_0083,search_sponsored_item
clk_0003531,imp_00033569,2026-08-08 06:01:49,usr_000222,merch_0008,feed_banner_top
clk_0003938,imp_00037277,2026-08-08 06:03:21,usr_002250,merch_0008,search_sponsored_item
clk_0003311,imp_00031396,2026-08-08 06:06:02,usr_002323,merch_0183,search_sponsored_item
clk_0000713,imp_00006591,2026-08-08 06:14:21,usr_003103,merch_0071,search_sponsored_item
clk_0002279,imp_00021361,2026-08-08 06:16:16,usr_002975,merch_0097,post_order_carousel
clk_0001870,imp_00017257,2026-08-08 06:19:14,usr_001701,merch_0032,search_sponsored_item
clk_0006265,imp_00059519,2026-08-08 06:21:14,usr_002294,merch_0104,search_sponsored_item
clk_0002258,imp_00021193,2026-08-08 06:25:46,usr_003165,merch_0039,post_order_carousel
clk_0005558,imp_00052431,2026-08-08 06:28:19,usr_001855,merch_0149,feed_banner_top
clk_0002207,imp_00020737,2026-08-08 06:29:12,usr_001525,merch_0024,search_sponsored_item
clk_0002458,imp_00023120,2026-08-08 06:31:46,usr_004379,merch_0128,search_sponsored_item
clk_0002121,imp_00019774,2026-08-08 06:40:13,usr_002129,merch_0039,category_highlight
clk_0000819,imp_00007679,2026-08-08 07:21:28,usr_002218,merch_0089,feed_banner_top
clk_0004968,imp_00046685,2026-08-08 07:36:19,usr_001651,merch_0058,search_sponsored_item
clk_0000494,imp_00004521,2026-08-08 07:43:29,usr_003100,merch_0015,search_sponsored_item
clk_0005422,imp_00051101,2026-08-08 07:53:22,usr_001870,merch_0015,category_highlight
clk_0005707,imp_00053830,2026-08-08 07:56:58,usr_004470,merch_0168,search_sponsored_item
clk_0001813,imp_00016785,2026-08-08 08:01:28,usr_003381,merch_0056,category_highlight
clk_0002146,imp_00020047,2026-08-08 08:17:25,usr_002624,merch_0015,feed_banner_top
clk_0003554,imp_00033829,2026-08-08 08:23:04,usr_004161,merch_0169,category_highlight
clk_0003685,imp_00035141,2026-08-08 08:37:29,usr_002046,merch_0128,search_sponsored_item
clk_0000400,imp_00003728,2026-08-08 08:43:53,usr_002177,merch_0069,search_sponsored_item
clk_0002046,imp_00019018,2026-08-08 09:11:44,usr_002013,merch_0140,search_sponsored_item
clk_0004495,imp_00042461,2026-08-08 09:13:49,usr_003992,merch_0039,feed_banner_top
clk_0002306,imp_00021696,2026-08-08 09:17:33,usr_004455,merch_0144,post_order_carousel
clk_0003036,imp_00028841,2026-08-08 09:22:20,usr_004085,merch_0037,post_order_carousel
clk_0005014,imp_00047108,2026-08-08 09:23:50,usr_002552,merch_0110,feed_banner_top
clk_0003409,imp_00032417,2026-08-08 09:48:13,usr_002033,merch_0058,search_sponsored_item
clk_0004164,imp_00039215,2026-08-08 09:52:03,usr_000391,merch_0103,search_sponsored_item
clk_0001497,imp_00013804,2026-08-08 09:58:33,usr_000410,merch_0124,search_sponsored_item
clk_0005782,imp_00054538,2026-08-08 10:01:20,usr_003289,merch_0044,post_order_carousel
clk_0000435,imp_00003991,2026-08-08 10:14:03,usr_003139,merch_0161,feed_banner_top
clk_0003379,imp_00032133,2026-08-08 10:15:56,usr_000395,merch_0008,feed_banner_top
clk_0003739,imp_00035550,2026-08-08 10:24:18,usr_000931,merch_0039,search_sponsored_item
clk_0000118,imp_00001068,2026-08-08 10:29:43,usr_001226,merch_0125,search_sponsored_item
clk_0000555,imp_00005023,2026-08-08 10:55:05,usr_000144,merch_0135,search_sponsored_item
clk_0000074,imp_00000699,2026-08-08 10:56:44,usr_000407,merch_0183,search_sponsored_item
clk_0004583,imp_00043313,2026-08-08 10:57:37,usr_003505,merch_0086,search_sponsored_item
clk_0000460,imp_00004198,2026-08-08 10:58:18,usr_001311,merch_0165,search_sponsored_item
clk_0004956,imp_00046554,2026-08-08 11:10:31,usr_001923,merch_0069,feed_banner_top
clk_0004137,imp_00038960,2026-08-08 11:40:03,usr_003760,merch_0165,category_highlight
clk_0000604,imp_00005524,2026-08-08 11:44:06,usr_002456,merch_0045,feed_banner_top
clk_0003644,imp_00034714,2026-08-08 12:03:39,usr_001851,merch_0045,feed_banner_top
clk_0001561,imp_00014411,2026-08-08 12:05:57,usr_001755,merch_0049,search_sponsored_item
clk_0004149,imp_00039095,2026-08-08 12:10:23,usr_001444,merch_0112,category_highlight
clk_0002868,imp_00027236,2026-08-08 12:16:32,usr_000986,merch_0086,search_sponsored_item
clk_0000027,imp_00000307,2026-08-08 12:31:35,usr_003984,merch_0017,feed_banner_top
clk_0001752,imp_00016185,2026-08-08 12:38:14,usr_002849,merch_0041,feed_banner_top
clk_0006112,imp_00057882,2026-08-08 12:45:57,usr_004864,merch_0196,search_sponsored_item
clk_0005183,imp_00048738,2026-08-08 12:47:05,usr_002693,merch_0015,post_order_carousel
clk_0001102,imp_00010239,2026-08-08 12:47:59,usr_000218,merch_0104,search_sponsored_item
clk_0000108,imp_00000992,2026-08-08 12:54:53,usr_000682,merch_0147,search_sponsored_item
clk_0005018,imp_00047159,2026-08-08 13:02:35,usr_002652,merch_0052,category_highlight
clk_0004397,imp_00041602,2026-08-08 13:04:14,usr_000949,merch_0199,post_order_carousel
clk_0002537,imp_00023798,2026-08-08 13:04:21,usr_001434,merch_0094,search_sponsored_item
clk_0006072,imp_00057426,2026-08-08 13:17:06,usr_001372,merch_0130,feed_banner_top
clk_0004597,imp_00043495,2026-08-08 13:25:08,usr_003574,merch_0163,search_sponsored_item
clk_0005757,imp_00054214,2026-08-08 13:28:09,usr_000251,merch_0097,post_order_carousel
clk_0004540,imp_00042840,2026-08-08 13:36:11,usr_001363,merch_0150,search_sponsored_item
clk_0000644,imp_00005956,2026-08-08 13:52:18,usr_000802,merch_0163,search_sponsored_item
clk_0003067,imp_00029146,2026-08-08 13:57:07,usr_002597,merch_0077,feed_banner_top
clk_0001067,imp_00009947,2026-08-08 13:59:38,usr_002464,merch_0200,search_sponsored_item
clk_0004273,imp_00040243,2026-08-08 14:01:58,usr_003887,merch_0131,search_sponsored_item
clk_0002958,imp_00028077,2026-08-08 14:17:16,usr_004039,merch_0045,search_sponsored_item
clk_0002675,imp_00025266,2026-08-08 14:17:42,usr_002838,merch_0031,search_sponsored_item
clk_0003445,imp_00032794,2026-08-08 14:18:43,usr_003702,merch_0097,feed_banner_top
clk_0000964,imp_00008948,2026-08-08 14:19:41,usr_002371,merch_0086,search_sponsored_item
clk_0000874,imp_00008189,2026-08-08 14:28:20,usr_001359,merch_0089,search_sponsored_item
clk_0001015,imp_00009367,2026-08-08 14:35:49,usr_003813,merch_0196,category_highlight
clk_0001093,imp_00010163,2026-08-08 14:45:50,usr_003332,merch_0178,feed_banner_top
clk_0003768,imp_00035768,2026-08-08 15:02:57,usr_001665,merch_0023,feed_banner_top
clk_0004261,imp_00040165,2026-08-08 15:03:43,usr_001800,merch_0001,category_highlight
clk_0005532,imp_00052187,2026-08-08 15:16:43,usr_000242,merch_0017,category_highlight
clk_0005170,imp_00048605,2026-08-08 15:17:24,usr_002012,merch_0130,feed_banner_top
clk_0000106,imp_00000939,2026-08-08 15:26:30,usr_002947,merch_0019,post_order_carousel
clk_0004600,imp_00043506,2026-08-08 15:35:28,usr_004820,merch_0149,post_order_carousel
clk_0000783,imp_00007320,2026-08-08 15:59:48,usr_004814,merch_0077,search_sponsored_item
clk_0000018,imp_00000209,2026-08-08 16:03:41,usr_003812,merch_0161,search_sponsored_item
clk_0002286,imp_00021400,2026-08-08 16:15:05,usr_001853,merch_0199,post_order_carousel
clk_0003711,imp_00035315,2026-08-08 16:19:16,usr_004393,merch_0040,search_sponsored_item
clk_0003742,imp_00035573,2026-08-08 16:25:53,usr_001125,merch_0150,feed_banner_top
clk_0001558,imp_00014389,2026-08-08 16:32:32,usr_003004,merch_0083,feed_banner_top
clk_0005682,imp_00053571,2026-08-08 16:51:56,usr_003974,merch_0161,search_sponsored_item
clk_0001578,imp_00014596,2026-08-08 16:59:13,usr_003439,merch_0128,search_sponsored_item
clk_0000746,imp_00006965,2026-08-08 17:03:52,usr_001530,merch_0112,feed_banner_top
clk_0005431,imp_00051197,2026-08-08 17:04:53,usr_003916,merch_0086,feed_banner_top
clk_0002423,imp_00022868,2026-08-08 17:13:01,usr_001473,merch_0142,post_order_carousel
clk_0003187,imp_00030331,2026-08-08 17:29:39,usr_003736,merch_0069,search_sponsored_item
clk_0001869,imp_00017251,2026-08-08 17:33:24,usr_002720,merch_0148,feed_banner_top
clk_0004132,imp_00038907,2026-08-08 18:03:51,usr_003234,merch_0169,feed_banner_top
clk_0003563,imp_00033929,2026-08-08 18:10:48,usr_002455,merch_0069,search_sponsored_item
clk_0003600,imp_00034317,2026-08-08 18:40:57,usr_004956,merch_0062,feed_banner_top
clk_0002655,imp_00025035,2026-08-08 19:25:53,usr_001851,merch_0059,category_highlight
clk_0001290,imp_00011945,2026-08-08 19:34:08,usr_000387,merch_0044,search_sponsored_item
clk_0005766,imp_00054321,2026-08-08 19:44:39,usr_000952,merch_0154,post_order_carousel
clk_0003985,imp_00037650,2026-08-08 19:51:38,usr_004595,merch_0148,search_sponsored_item
clk_0004748,imp_00044751,2026-08-08 19:56:06,usr_002697,merch_0124,search_sponsored_item
clk_0006208,imp_00058930,2026-08-08 20:13:28,usr_001964,merch_0140,post_order_carousel
clk_0005127,imp_00048210,2026-08-08 20:24:48,usr_000266,merch_0058,search_sponsored_item
clk_0001482,imp_00013639,2026-08-08 20:25:47,usr_003464,merch_0008,feed_banner_top
clk_0003323,imp_00031514,2026-08-08 20:27:45,usr_001965,merch_0086,search_sponsored_item
clk_0000405,imp_00003767,2026-08-08 20:33:02,usr_002678,merch_0076,feed_banner_top
clk_0002454,imp_00023092,2026-08-08 20:46:02,usr_002494,merch_0062,search_sponsored_item
clk_0004941,imp_00046432,2026-08-08 20:49:23,usr_004044,merch_0112,search_sponsored_item
clk_0003701,imp_00035233,2026-08-08 21:09:07,usr_002615,merch_0144,feed_banner_top
clk_0005487,imp_00051794,2026-08-08 21:16:39,usr_004084,merch_0045,search_sponsored_item
clk_0003854,imp_00036576,2026-08-08 21:18:06,usr_001408,merch_0086,search_sponsored_item
clk_0005533,imp_00052188,2026-08-08 21:53:10,usr_002429,merch_0047,search_sponsored_item
clk_0001788,imp_00016509,2026-08-08 21:57:58,usr_001620,merch_0100,search_sponsored_item
clk_0000742,imp_00006908,2026-08-08 22:14:05,usr_002361,merch_0083,search_sponsored_item
clk_0005765,imp_00054317,2026-08-08 22:56:17,usr_000974,merch_0200,search_sponsored_item
clk_0001731,imp_00015976,2026-08-08 23:17:00,usr_000103,merch_0079,search_sponsored_item
clk_0003879,imp_00036806,2026-08-08 23:19:25,usr_002057,merch_0039,search_sponsored_item
clk_0003542,imp_00033724,2026-08-08 23:25:40,usr_001617,merch_0196,feed_banner_top
clk_0006254,imp_00059425,2026-08-08 23:29:08,usr_001349,merch_0147,search_sponsored_item
clk_0006142,imp_00058201,2026-08-08 23:41:45,usr_000123,merch_0150,search_sponsored_item
clk_0005843,imp_00055106,2026-08-08 23:43:10,usr_001796,merch_0200,search_sponsored_item
clk_0004173,imp_00039300,2026-08-09 00:02:42,usr_004615,merch_0117,feed_banner_top
clk_0004361,imp_00041212,2026-08-09 00:11:51,usr_002288,merch_0030,feed_banner_top
clk_0005692,imp_00053716,2026-08-09 00:33:19,usr_003771,merch_0039,feed_banner_top
clk_0004185,imp_00039413,2026-08-09 00:39:24,usr_001420,merch_0135,category_highlight
clk_0000258,imp_00002393,2026-08-09 00:56:04,usr_002576,merch_0034,search_sponsored_item
clk_0001573,imp_00014510,2026-08-09 01:30:47,usr_000465,merch_0031,search_sponsored_item
clk_0004079,imp_00038402,2026-08-09 01:49:53,usr_001479,merch_0128,search_sponsored_item
clk_0004800,imp_00045211,2026-08-09 01:58:53,usr_004854,merch_0015,category_highlight
clk_0000814,imp_00007647,2026-08-09 02:07:04,usr_002451,merch_0040,search_sponsored_item
clk_0003529,imp_00033559,2026-08-09 02:12:47,usr_000098,merch_0044,search_sponsored_item
clk_0001567,imp_00014476,2026-08-09 02:24:37,usr_000038,merch_0169,post_order_carousel
clk_0000752,imp_00007013,2026-08-09 02:28:49,usr_003050,merch_0069,search_sponsored_item
clk_0005840,imp_00055100,2026-08-09 02:33:59,usr_001899,merch_0034,search_sponsored_item
clk_0000082,imp_00000771,2026-08-09 02:35:37,usr_003143,merch_0058,search_sponsored_item
clk_0006106,imp_00057770,2026-08-09 02:35:46,usr_004235,merch_0170,feed_banner_top
clk_0004697,imp_00044356,2026-08-09 02:36:37,usr_001443,merch_0092,feed_banner_top
clk_0001735,imp_00016013,2026-08-09 02:41:11,usr_004265,merch_0058,search_sponsored_item
clk_0005415,imp_00051067,2026-08-09 02:59:53,usr_001762,merch_0169,search_sponsored_item
clk_0002493,imp_00023398,2026-08-09 03:14:06,usr_001692,merch_0085,search_sponsored_item
clk_0001624,imp_00015031,2026-08-09 03:41:03,usr_004510,merch_0062,feed_banner_top
clk_0005125,imp_00048192,2026-08-09 03:45:00,usr_000654,merch_0196,feed_banner_top
clk_0001549,imp_00014256,2026-08-09 03:48:55,usr_000037,merch_0131,search_sponsored_item
clk_0005051,imp_00047496,2026-08-09 03:49:56,usr_004631,merch_0033,feed_banner_top
clk_0001441,imp_00013292,2026-08-09 03:54:38,usr_002925,merch_0086,search_sponsored_item
clk_0002612,imp_00024530,2026-08-09 03:58:16,usr_001144,merch_0015,feed_banner_top
clk_0003001,imp_00028461,2026-08-09 03:58:26,usr_002517,merch_0168,search_sponsored_item
clk_0001366,imp_00012633,2026-08-09 03:59:42,usr_004679,merch_0168,feed_banner_top
clk_0004732,imp_00044640,2026-08-09 04:01:57,usr_004393,merch_0111,post_order_carousel
clk_0001187,imp_00011161,2026-08-09 04:07:42,usr_002528,merch_0125,search_sponsored_item
clk_0005372,imp_00050644,2026-08-09 04:12:26,usr_003989,merch_0001,search_sponsored_item
clk_0005060,imp_00047571,2026-08-09 04:31:37,usr_004925,merch_0170,category_highlight
clk_0003588,imp_00034197,2026-08-09 04:45:12,usr_000268,merch_0076,search_sponsored_item
clk_0002896,imp_00027502,2026-08-09 04:46:41,usr_001982,merch_0148,search_sponsored_item
clk_0002720,imp_00025729,2026-08-09 04:52:48,usr_001398,merch_0071,search_sponsored_item
clk_0003417,imp_00032552,2026-08-09 05:02:03,usr_001226,merch_0138,feed_banner_top
clk_0004524,imp_00042725,2026-08-09 05:02:37,usr_003067,merch_0138,search_sponsored_item
clk_0003198,imp_00030469,2026-08-09 05:08:16,usr_001008,merch_0140,feed_banner_top
clk_0003934,imp_00037214,2026-08-09 05:17:37,usr_001400,merch_0077,search_sponsored_item
clk_0003169,imp_00030095,2026-08-09 05:22:40,usr_002116,merch_0039,search_sponsored_item
clk_0000943,imp_00008781,2026-08-09 05:25:58,usr_004254,merch_0141,search_sponsored_item
clk_0000534,imp_00004848,2026-08-09 05:33:22,usr_004016,merch_0188,feed_banner_top
clk_0001677,imp_00015489,2026-08-09 05:50:07,usr_004018,merch_0015,search_sponsored_item
clk_0000479,imp_00004426,2026-08-09 05:52:31,usr_003272,merch_0188,feed_banner_top
clk_0002311,imp_00021756,2026-08-09 06:26:53,usr_001591,merch_0162,feed_banner_top
clk_0004618,imp_00043611,2026-08-09 06:28:31,usr_003956,merch_0138,post_order_carousel
clk_0005724,imp_00053950,2026-08-09 06:30:23,usr_002652,merch_0119,feed_banner_top
clk_0006111,imp_00057837,2026-08-09 06:34:13,usr_003774,merch_0186,search_sponsored_item
clk_0005211,imp_00049014,2026-08-09 06:56:14,usr_000709,merch_0017,feed_banner_top
clk_0002139,imp_00019968,2026-08-09 06:58:06,usr_003491,merch_0117,search_sponsored_item
clk_0003715,imp_00035332,2026-08-09 07:07:14,usr_004602,merch_0178,search_sponsored_item
clk_0004837,imp_00045467,2026-08-09 07:17:15,usr_004070,merch_0071,post_order_carousel
clk_0001232,imp_00011452,2026-08-09 07:23:05,usr_002533,merch_0097,post_order_carousel
clk_0006285,imp_00059646,2026-08-09 07:23:32,usr_000349,merch_0083,search_sponsored_item
clk_0004792,imp_00045110,2026-08-09 07:26:42,usr_001581,merch_0023,feed_banner_top
clk_0005316,imp_00049965,2026-08-09 07:28:00,usr_002347,merch_0077,search_sponsored_item
clk_0001557,imp_00014385,2026-08-09 07:40:37,usr_002416,merch_0163,feed_banner_top
clk_0004971,imp_00046699,2026-08-09 08:00:37,usr_002417,merch_0138,post_order_carousel
clk_0003257,imp_00031007,2026-08-09 08:17:57,usr_000724,merch_0131,category_highlight
clk_0001723,imp_00015904,2026-08-09 08:18:42,usr_004314,merch_0069,category_highlight
clk_0005111,imp_00048082,2026-08-09 08:20:45,usr_004050,merch_0092,post_order_carousel
clk_0005787,imp_00054590,2026-08-09 08:23:31,usr_003421,merch_0140,search_sponsored_item
clk_0006275,imp_00059583,2026-08-09 08:26:10,usr_000596,merch_0165,feed_banner_top
clk_0004793,imp_00045117,2026-08-09 08:33:46,usr_004427,merch_0058,feed_banner_top
clk_0005710,imp_00053842,2026-08-09 08:50:01,usr_003811,merch_0086,search_sponsored_item
clk_0003730,imp_00035429,2026-08-09 08:50:21,usr_003652,merch_0092,search_sponsored_item
clk_0000701,imp_00006467,2026-08-09 09:08:54,usr_000550,merch_0033,search_sponsored_item
clk_0001921,imp_00017724,2026-08-09 09:09:37,usr_000449,merch_0072,search_sponsored_item
clk_0004401,imp_00041621,2026-08-09 09:18:47,usr_003437,merch_0186,search_sponsored_item
clk_0003120,imp_00029582,2026-08-09 09:31:35,usr_001907,merch_0037,feed_banner_top
clk_0005516,imp_00052092,2026-08-09 09:35:39,usr_004056,merch_0041,feed_banner_top
clk_0004371,imp_00041329,2026-08-09 09:47:24,usr_004536,merch_0161,feed_banner_top
clk_0004796,imp_00045174,2026-08-09 10:17:26,usr_002056,merch_0004,search_sponsored_item
clk_0005811,imp_00054815,2026-08-09 10:27:38,usr_000541,merch_0119,feed_banner_top
clk_0005321,imp_00050022,2026-08-09 10:33:32,usr_003363,merch_0152,feed_banner_top
clk_0005364,imp_00050584,2026-08-09 10:35:17,usr_004532,merch_0140,post_order_carousel
clk_0005058,imp_00047546,2026-08-09 10:38:12,usr_004340,merch_0128,search_sponsored_item
clk_0006079,imp_00057484,2026-08-09 10:42:39,usr_000268,merch_0078,search_sponsored_item
clk_0004568,imp_00043155,2026-08-09 10:43:10,usr_004318,merch_0147,search_sponsored_item
clk_0000376,imp_00003523,2026-08-09 10:59:07,usr_000597,merch_0170,category_highlight
clk_0005148,imp_00048360,2026-08-09 11:14:04,usr_001020,merch_0104,feed_banner_top
clk_0000321,imp_00003026,2026-08-09 11:24:14,usr_000249,merch_0141,search_sponsored_item
clk_0001801,imp_00016656,2026-08-09 11:25:19,usr_000938,merch_0045,search_sponsored_item
clk_0005715,imp_00053890,2026-08-09 11:40:59,usr_000251,merch_0037,post_order_carousel
clk_0003292,imp_00031309,2026-08-09 11:46:01,usr_001753,merch_0015,feed_banner_top
clk_0002448,imp_00023047,2026-08-09 11:55:32,usr_002726,merch_0034,category_highlight
clk_0006022,imp_00056848,2026-08-09 12:09:53,usr_002444,merch_0161,post_order_carousel
clk_0002507,imp_00023478,2026-08-09 12:23:06,usr_002260,merch_0165,search_sponsored_item
clk_0000708,imp_00006513,2026-08-09 12:37:07,usr_001882,merch_0183,post_order_carousel
clk_0005952,imp_00056167,2026-08-09 12:47:16,usr_002758,merch_0037,category_highlight
clk_0002778,imp_00026327,2026-08-09 13:11:22,usr_004477,merch_0072,post_order_carousel
clk_0004085,imp_00038431,2026-08-09 13:13:01,usr_000832,merch_0124,feed_banner_top
clk_0004556,imp_00043063,2026-08-09 13:13:33,usr_001128,merch_0004,category_highlight
clk_0003543,imp_00033741,2026-08-09 13:19:17,usr_000749,merch_0163,feed_banner_top
clk_0004533,imp_00042787,2026-08-09 13:25:45,usr_000584,merch_0072,feed_banner_top
clk_0000506,imp_00004603,2026-08-09 13:29:11,usr_003223,merch_0125,category_highlight
clk_0004393,imp_00041551,2026-08-09 13:29:42,usr_001326,merch_0138,post_order_carousel
clk_0002195,imp_00020628,2026-08-09 13:48:40,usr_002844,merch_0148,feed_banner_top
clk_0003480,imp_00033112,2026-08-09 13:59:20,usr_001947,merch_0162,feed_banner_top
clk_0005100,imp_00047984,2026-08-09 14:06:55,usr_004854,merch_0072,search_sponsored_item
clk_0000824,imp_00007708,2026-08-09 14:32:53,usr_000734,merch_0089,search_sponsored_item
clk_0000734,imp_00006873,2026-08-09 14:42:53,usr_000672,merch_0089,search_sponsored_item
clk_0000610,imp_00005588,2026-08-09 14:54:34,usr_002604,merch_0186,feed_banner_top
clk_0001765,imp_00016279,2026-08-09 14:59:09,usr_002314,merch_0058,search_sponsored_item
clk_0004784,imp_00045048,2026-08-09 15:06:29,usr_002640,merch_0163,post_order_carousel
clk_0004059,imp_00038269,2026-08-09 15:06:47,usr_000191,merch_0056,search_sponsored_item
clk_0001618,imp_00014993,2026-08-09 15:19:16,usr_004385,merch_0138,feed_banner_top
clk_0002791,imp_00026457,2026-08-09 15:19:34,usr_003595,merch_0030,search_sponsored_item
clk_0002631,imp_00024782,2026-08-09 15:22:30,usr_001565,merch_0001,feed_banner_top
clk_0002033,imp_00018834,2026-08-09 15:51:00,usr_001207,merch_0092,post_order_carousel
clk_0004512,imp_00042578,2026-08-09 15:52:37,usr_002034,merch_0165,feed_banner_top
clk_0003126,imp_00029717,2026-08-09 15:55:24,usr_003557,merch_0163,feed_banner_top
clk_0001307,imp_00012163,2026-08-09 15:59:53,usr_000772,merch_0125,post_order_carousel
clk_0000530,imp_00004796,2026-08-09 16:08:21,usr_003970,merch_0030,search_sponsored_item
clk_0005270,imp_00049572,2026-08-09 16:15:00,usr_003926,merch_0056,search_sponsored_item
clk_0003097,imp_00029463,2026-08-09 16:16:08,usr_002690,merch_0017,search_sponsored_item
clk_0004531,imp_00042776,2026-08-09 16:18:15,usr_004732,merch_0165,search_sponsored_item
clk_0006190,imp_00058636,2026-08-09 16:42:56,usr_001028,merch_0017,post_order_carousel
clk_0006122,imp_00057994,2026-08-09 16:50:46,usr_003099,merch_0097,search_sponsored_item
clk_0003103,imp_00029496,2026-08-09 16:50:47,usr_003835,merch_0111,feed_banner_top
clk_0000150,imp_00001418,2026-08-09 16:54:32,usr_003897,merch_0110,post_order_carousel
clk_0002860,imp_00027170,2026-08-09 17:06:09,usr_002839,merch_0041,search_sponsored_item
clk_0001115,imp_00010367,2026-08-09 17:07:41,usr_001736,merch_0089,feed_banner_top
clk_0000071,imp_00000664,2026-08-09 17:30:42,usr_004116,merch_0138,feed_banner_top
clk_0001946,imp_00017918,2026-08-09 17:40:55,usr_003138,merch_0069,feed_banner_top
clk_0002539,imp_00023812,2026-08-09 17:53:54,usr_001544,merch_0162,search_sponsored_item
clk_0003684,imp_00035140,2026-08-09 17:55:54,usr_003347,merch_0085,search_sponsored_item
clk_0000508,imp_00004613,2026-08-09 18:01:28,usr_001067,merch_0052,feed_banner_top
clk_0005332,imp_00050146,2026-08-09 18:13:25,usr_000814,merch_0130,search_sponsored_item
clk_0001295,imp_00012034,2026-08-09 18:21:14,usr_002708,merch_0147,feed_banner_top
clk_0001656,imp_00015290,2026-08-09 18:22:56,usr_000484,merch_0097,category_highlight
clk_0002320,imp_00021788,2026-08-09 18:35:11,usr_003458,merch_0058,category_highlight
clk_0006167,imp_00058420,2026-08-09 18:40:43,usr_001760,merch_0181,search_sponsored_item
clk_0002834,imp_00026951,2026-08-09 19:01:42,usr_001045,merch_0188,search_sponsored_item
clk_0002846,imp_00027098,2026-08-09 19:16:32,usr_002280,merch_0170,post_order_carousel
clk_0000176,imp_00001646,2026-08-09 19:24:54,usr_001387,merch_0071,feed_banner_top
clk_0000695,imp_00006403,2026-08-09 19:30:24,usr_002856,merch_0045,search_sponsored_item
clk_0000468,imp_00004330,2026-08-09 19:30:51,usr_002589,merch_0089,search_sponsored_item
clk_0000209,imp_00001983,2026-08-09 19:45:26,usr_003425,merch_0036,post_order_carousel
clk_0004554,imp_00043049,2026-08-09 19:48:16,usr_001557,merch_0045,search_sponsored_item
clk_0004962,imp_00046616,2026-08-09 20:41:47,usr_002684,merch_0079,feed_banner_top
clk_0000084,imp_00000795,2026-08-09 21:03:56,usr_000762,merch_0149,search_sponsored_item
clk_0004759,imp_00044826,2026-08-09 21:13:15,usr_004715,merch_0147,feed_banner_top
clk_0001701,imp_00015695,2026-08-09 21:43:57,usr_000260,merch_0086,search_sponsored_item
clk_0003910,imp_00037020,2026-08-09 21:46:01,usr_004219,merch_0030,feed_banner_top
clk_0003902,imp_00036961,2026-08-09 21:46:19,usr_003556,merch_0112,category_highlight
clk_0002574,imp_00024153,2026-08-09 21:58:46,usr_001381,merch_0111,feed_banner_top
clk_0002041,imp_00018954,2026-08-09 21:59:35,usr_004295,merch_0103,feed_banner_top
clk_0001122,imp_00010446,2026-08-09 22:07:51,usr_003628,merch_0163,search_sponsored_item
clk_0004757,imp_00044806,2026-08-09 22:19:04,usr_002781,merch_0071,search_sponsored_item
clk_0001670,imp_00015446,2026-08-09 22:28:31,usr_000256,merch_0183,feed_banner_top
clk_0004091,imp_00038487,2026-08-09 22:39:04,usr_001187,merch_0032,post_order_carousel
clk_0003859,imp_00036632,2026-08-09 22:50:16,usr_004622,merch_0138,search_sponsored_item
clk_0003817,imp_00036211,2026-08-09 23:08:01,usr_003592,merch_0040,category_highlight
clk_0000518,imp_00004698,2026-08-09 23:40:34,usr_004758,merch_0125,search_sponsored_item
clk_0005602,imp_00052883,2026-08-09 23:59:47,usr_004436,merch_0089,search_sponsored_item
clk_0003996,imp_00037746,2026-08-10 00:13:06,usr_004309,merch_0135,feed_banner_top
clk_0005063,imp_00047591,2026-08-10 00:46:58,usr_004722,merch_0119,search_sponsored_item
clk_0001605,imp_00014865,2026-08-10 01:00:51,usr_002320,merch_0144,feed_banner_top
clk_0003303,imp_00031355,2026-08-10 01:01:23,usr_000759,merch_0052,search_sponsored_item
clk_0001725,imp_00015911,2026-08-10 01:09:27,usr_004563,merch_0103,post_order_carousel
clk_0001882,imp_00017350,2026-08-10 01:24:59,usr_003699,merch_0148,search_sponsored_item
clk_0001096,imp_00010193,2026-08-10 01:25:19,usr_001032,merch_0094,post_order_carousel
clk_0003967,imp_00037474,2026-08-10 01:29:22,usr_003686,merch_0060,post_order_carousel
clk_0000898,imp_00008383,2026-08-10 01:31:42,usr_004270,merch_0078,search_sponsored_item
clk_0003306,imp_00031368,2026-08-10 01:41:48,usr_001295,merch_0069,category_highlight
clk_0005899,imp_00055509,2026-08-10 01:56:48,usr_002526,merch_0154,search_sponsored_item
clk_0003801,imp_00036068,2026-08-10 02:03:50,usr_002340,merch_0092,feed_banner_top
clk_0000089,imp_00000820,2026-08-10 02:30:41,usr_003353,merch_0094,feed_banner_top
clk_0002639,imp_00024853,2026-08-10 02:52:26,usr_001120,merch_0077,search_sponsored_item
clk_0000234,imp_00002203,2026-08-10 02:59:23,usr_004207,merch_0161,search_sponsored_item
clk_0002208,imp_00020743,2026-08-10 03:06:28,usr_000423,merch_0016,post_order_carousel
clk_0003537,imp_00033617,2026-08-10 03:06:59,usr_000632,merch_0086,category_highlight
clk_0001932,imp_00017795,2026-08-10 03:12:24,usr_004608,merch_0124,search_sponsored_item
clk_0004311,imp_00040621,2026-08-10 03:18:45,usr_002129,merch_0117,feed_banner_top
clk_0001574,imp_00014532,2026-08-10 03:25:17,usr_001221,merch_0044,feed_banner_top
clk_0001210,imp_00011310,2026-08-10 03:26:35,usr_001670,merch_0044,post_order_carousel
clk_0006213,imp_00058971,2026-08-10 03:48:31,usr_001735,merch_0138,feed_banner_top
clk_0004638,imp_00043792,2026-08-10 04:32:23,usr_000213,merch_0149,search_sponsored_item
clk_0001993,imp_00018472,2026-08-10 04:37:25,usr_002992,merch_0163,category_highlight
clk_0005435,imp_00051265,2026-08-10 04:39:39,usr_004414,merch_0019,post_order_carousel
clk_0003032,imp_00028786,2026-08-10 04:41:22,usr_001049,merch_0162,feed_banner_top
clk_0004547,imp_00042985,2026-08-10 04:46:03,usr_004148,merch_0017,post_order_carousel
clk_0000436,imp_00003996,2026-08-10 05:06:16,usr_004953,merch_0097,search_sponsored_item
clk_0004566,imp_00043137,2026-08-10 05:12:47,usr_002648,merch_0086,search_sponsored_item
clk_0004901,imp_00046080,2026-08-10 05:28:37,usr_004462,merch_0150,category_highlight
clk_0000081,imp_00000769,2026-08-10 06:02:18,usr_002640,merch_0152,search_sponsored_item
clk_0002135,imp_00019950,2026-08-10 06:03:33,usr_001969,merch_0078,feed_banner_top
clk_0002490,imp_00023365,2026-08-10 06:06:42,usr_000419,merch_0072,post_order_carousel
clk_0005222,imp_00049143,2026-08-10 06:19:23,usr_004147,merch_0037,search_sponsored_item
clk_0003038,imp_00028873,2026-08-10 06:27:19,usr_002967,merch_0045,search_sponsored_item
clk_0004823,imp_00045370,2026-08-10 06:35:17,usr_002938,merch_0174,feed_banner_top
clk_0000013,imp_00000140,2026-08-10 06:36:16,usr_002264,merch_0085,search_sponsored_item
clk_0001024,imp_00009452,2026-08-10 06:45:52,usr_000516,merch_0086,search_sponsored_item
clk_0003876,imp_00036766,2026-08-10 07:07:45,usr_000491,merch_0200,feed_banner_top
clk_0003610,imp_00034383,2026-08-10 07:21:27,usr_003425,merch_0071,search_sponsored_item
clk_0005631,imp_00053100,2026-08-10 07:37:46,usr_002426,merch_0119,search_sponsored_item
clk_0002685,imp_00025361,2026-08-10 07:48:57,usr_004912,merch_0069,post_order_carousel
clk_0003574,imp_00033991,2026-08-10 07:50:42,usr_002865,merch_0019,category_highlight
clk_0002635,imp_00024795,2026-08-10 07:52:00,usr_004752,merch_0058,post_order_carousel
clk_0001336,imp_00012414,2026-08-10 08:00:45,usr_000064,merch_0163,search_sponsored_item
clk_0005124,imp_00048190,2026-08-10 08:01:17,usr_002102,merch_0052,feed_banner_top
clk_0001559,imp_00014392,2026-08-10 08:04:00,usr_000389,merch_0016,feed_banner_top
clk_0003500,imp_00033288,2026-08-10 08:05:23,usr_001988,merch_0169,feed_banner_top
clk_0002283,imp_00021385,2026-08-10 08:16:22,usr_002723,merch_0131,feed_banner_top
clk_0006126,imp_00058032,2026-08-10 08:34:31,usr_003671,merch_0049,search_sponsored_item
clk_0004553,imp_00043046,2026-08-10 08:36:25,usr_004386,merch_0030,post_order_carousel
clk_0003789,imp_00036003,2026-08-10 08:47:18,usr_004322,merch_0092,search_sponsored_item
clk_0004895,imp_00045970,2026-08-10 08:57:56,usr_000339,merch_0178,search_sponsored_item
clk_0001636,imp_00015122,2026-08-10 08:59:45,usr_002471,merch_0036,search_sponsored_item
clk_0005009,imp_00047054,2026-08-10 09:04:01,usr_003817,merch_0040,search_sponsored_item
clk_0004216,imp_00039721,2026-08-10 09:06:14,usr_003628,merch_0025,feed_banner_top
clk_0001246,imp_00011547,2026-08-10 09:10:56,usr_000634,merch_0008,search_sponsored_item
clk_0001384,imp_00012788,2026-08-10 09:51:42,usr_004066,merch_0056,category_highlight
clk_0005543,imp_00052333,2026-08-10 09:54:11,usr_001909,merch_0100,feed_banner_top
clk_0000816,imp_00007652,2026-08-10 10:00:27,usr_000719,merch_0016,feed_banner_top
clk_0002252,imp_00021120,2026-08-10 10:08:28,usr_002988,merch_0083,feed_banner_top
clk_0002562,imp_00024078,2026-08-10 10:09:31,usr_001570,merch_0062,search_sponsored_item
clk_0004081,imp_00038406,2026-08-10 10:10:48,usr_001189,merch_0016,search_sponsored_item
clk_0001793,imp_00016582,2026-08-10 10:12:07,usr_001701,merch_0154,feed_banner_top
clk_0005825,imp_00054955,2026-08-10 10:17:03,usr_003722,merch_0056,category_highlight
clk_0005835,imp_00055047,2026-08-10 10:24:20,usr_003025,merch_0015,search_sponsored_item
clk_0003175,imp_00030139,2026-08-10 10:32:27,usr_000151,merch_0178,category_highlight
clk_0000805,imp_00007562,2026-08-10 10:40:13,usr_000036,merch_0140,feed_banner_top
clk_0004634,imp_00043769,2026-08-10 10:49:12,usr_003622,merch_0174,search_sponsored_item
clk_0001057,imp_00009842,2026-08-10 10:55:02,usr_000374,merch_0044,search_sponsored_item
clk_0000266,imp_00002486,2026-08-10 11:04:03,usr_001605,merch_0079,search_sponsored_item
clk_0001444,imp_00013334,2026-08-10 11:06:10,usr_000153,merch_0178,search_sponsored_item
clk_0000903,imp_00008467,2026-08-10 11:09:22,usr_000212,merch_0130,category_highlight
clk_0004517,imp_00042630,2026-08-10 11:26:32,usr_004481,merch_0147,search_sponsored_item
clk_0000744,imp_00006924,2026-08-10 11:29:29,usr_000702,merch_0100,feed_banner_top
clk_0003855,imp_00036577,2026-08-10 11:40:59,usr_004151,merch_0125,post_order_carousel
clk_0002134,imp_00019929,2026-08-10 11:54:52,usr_001015,merch_0097,search_sponsored_item
clk_0002035,imp_00018857,2026-08-10 12:01:16,usr_002136,merch_0138,category_highlight
clk_0000144,imp_00001362,2026-08-10 12:02:07,usr_004780,merch_0128,feed_banner_top
clk_0003606,imp_00034349,2026-08-10 12:19:41,usr_001107,merch_0094,feed_banner_top
clk_0001839,imp_00016996,2026-08-10 12:21:35,usr_000141,merch_0162,category_highlight
clk_0000601,imp_00005503,2026-08-10 12:33:53,usr_000137,merch_0170,feed_banner_top
clk_0001606,imp_00014895,2026-08-10 12:41:31,usr_001307,merch_0069,feed_banner_top
clk_0000467,imp_00004329,2026-08-10 12:42:55,usr_001427,merch_0097,search_sponsored_item
clk_0000394,imp_00003676,2026-08-10 13:00:43,usr_003282,merch_0119,search_sponsored_item
clk_0003807,imp_00036101,2026-08-10 13:09:22,usr_004218,merch_0130,search_sponsored_item
clk_0005199,imp_00048864,2026-08-10 13:19:03,usr_003096,merch_0025,search_sponsored_item
clk_0001217,imp_00011359,2026-08-10 13:19:49,usr_002737,merch_0092,search_sponsored_item
clk_0001254,imp_00011643,2026-08-10 13:21:07,usr_001498,merch_0199,search_sponsored_item
clk_0003637,imp_00034629,2026-08-10 13:25:07,usr_001729,merch_0083,feed_banner_top
clk_0001914,imp_00017658,2026-08-10 13:26:48,usr_003999,merch_0147,search_sponsored_item
clk_0000433,imp_00003980,2026-08-10 13:34:16,usr_000386,merch_0161,category_highlight
clk_0004146,imp_00039050,2026-08-10 13:43:12,usr_000714,merch_0037,post_order_carousel
clk_0001542,imp_00014216,2026-08-10 13:53:33,usr_003505,merch_0071,feed_banner_top
clk_0003272,imp_00031171,2026-08-10 14:10:58,usr_004438,merch_0056,post_order_carousel
clk_0003725,imp_00035385,2026-08-10 14:24:32,usr_002639,merch_0149,feed_banner_top
clk_0004487,imp_00042390,2026-08-10 14:47:51,usr_001166,merch_0036,search_sponsored_item
clk_0003035,imp_00028839,2026-08-10 14:58:09,usr_003034,merch_0149,search_sponsored_item
clk_0001042,imp_00009660,2026-08-10 15:21:37,usr_001985,merch_0150,search_sponsored_item
clk_0006149,imp_00058226,2026-08-10 15:30:51,usr_000951,merch_0016,category_highlight
clk_0005617,imp_00052983,2026-08-10 15:39:10,usr_000621,merch_0008,search_sponsored_item
clk_0004902,imp_00046087,2026-08-10 15:54:57,usr_001180,merch_0039,feed_banner_top
clk_0001830,imp_00016923,2026-08-10 16:00:34,usr_004236,merch_0199,category_highlight
clk_0002010,imp_00018608,2026-08-10 16:07:40,usr_004103,merch_0141,search_sponsored_item
clk_0005268,imp_00049556,2026-08-10 16:32:51,usr_004170,merch_0044,search_sponsored_item
clk_0006263,imp_00059500,2026-08-10 16:38:20,usr_001378,merch_0163,feed_banner_top
clk_0003129,imp_00029782,2026-08-10 16:41:08,usr_000775,merch_0056,post_order_carousel
clk_0002177,imp_00020396,2026-08-10 16:51:51,usr_002539,merch_0060,search_sponsored_item
clk_0000190,imp_00001793,2026-08-10 17:00:28,usr_002046,merch_0103,post_order_carousel
clk_0005703,imp_00053764,2026-08-10 17:01:28,usr_001606,merch_0060,feed_banner_top
clk_0005042,imp_00047403,2026-08-10 17:03:14,usr_001855,merch_0001,post_order_carousel
clk_0005131,imp_00048254,2026-08-10 17:04:17,usr_001302,merch_0086,search_sponsored_item
clk_0002155,imp_00020158,2026-08-10 17:34:43,usr_002060,merch_0104,search_sponsored_item
clk_0001304,imp_00012123,2026-08-10 17:46:18,usr_002812,merch_0135,search_sponsored_item
clk_0003016,imp_00028578,2026-08-10 17:56:54,usr_002124,merch_0040,feed_banner_top
clk_0006175,imp_00058492,2026-08-10 17:59:24,usr_003531,merch_0154,search_sponsored_item
clk_0005210,imp_00048996,2026-08-10 18:06:22,usr_003502,merch_0004,feed_banner_top
clk_0003921,imp_00037142,2026-08-10 18:14:52,usr_001682,merch_0008,feed_banner_top
clk_0004557,imp_00043078,2026-08-10 18:29:53,usr_003205,merch_0181,feed_banner_top
clk_0005581,imp_00052676,2026-08-10 18:34:37,usr_001821,merch_0077,search_sponsored_item
clk_0001721,imp_00015889,2026-08-10 18:36:35,usr_003457,merch_0056,post_order_carousel
clk_0004445,imp_00042022,2026-08-10 18:37:43,usr_002242,merch_0037,feed_banner_top
clk_0004952,imp_00046501,2026-08-10 18:45:44,usr_004618,merch_0019,search_sponsored_item
clk_0002095,imp_00019504,2026-08-10 18:54:11,usr_000522,merch_0154,feed_banner_top
clk_0002017,imp_00018684,2026-08-10 18:55:24,usr_002211,merch_0032,post_order_carousel
clk_0003525,imp_00033496,2026-08-10 18:57:27,usr_004881,merch_0060,feed_banner_top
clk_0003743,imp_00035580,2026-08-10 19:01:53,usr_003454,merch_0181,search_sponsored_item
clk_0005040,imp_00047401,2026-08-10 19:06:12,usr_004496,merch_0196,feed_banner_top
clk_0005024,imp_00047207,2026-08-10 19:08:40,usr_000547,merch_0111,search_sponsored_item
clk_0001383,imp_00012785,2026-08-10 19:30:37,usr_001080,merch_0200,search_sponsored_item
clk_0005264,imp_00049537,2026-08-10 19:38:45,usr_004380,merch_0199,feed_banner_top
clk_0004151,imp_00039102,2026-08-10 19:39:24,usr_003376,merch_0130,search_sponsored_item
clk_0005651,imp_00053297,2026-08-10 19:42:07,usr_003345,merch_0094,search_sponsored_item
clk_0001399,imp_00012925,2026-08-10 19:43:21,usr_001097,merch_0147,feed_banner_top
clk_0001047,imp_00009709,2026-08-10 19:43:44,usr_001156,merch_0188,post_order_carousel
clk_0000450,imp_00004092,2026-08-10 20:31:54,usr_004684,merch_0086,search_sponsored_item
clk_0002251,imp_00021118,2026-08-10 20:48:42,usr_002295,merch_0119,feed_banner_top
clk_0004845,imp_00045531,2026-08-10 20:53:39,usr_001101,merch_0019,post_order_carousel
clk_0002083,imp_00019395,2026-08-10 20:56:58,usr_003363,merch_0047,feed_banner_top
clk_0004829,imp_00045402,2026-08-10 20:57:28,usr_000236,merch_0030,feed_banner_top
clk_0003496,imp_00033261,2026-08-10 21:02:02,usr_000453,merch_0148,search_sponsored_item
clk_0006290,imp_00059692,2026-08-10 21:10:41,usr_000590,merch_0150,post_order_carousel
clk_0002758,imp_00026082,2026-08-10 21:10:56,usr_004157,merch_0135,search_sponsored_item
clk_0000223,imp_00002143,2026-08-10 21:24:05,usr_004530,merch_0071,feed_banner_top
clk_0003012,imp_00028561,2026-08-10 21:51:00,usr_002691,merch_0077,search_sponsored_item
clk_0001905,imp_00017521,2026-08-10 21:52:54,usr_000327,merch_0052,search_sponsored_item
clk_0003567,imp_00033950,2026-08-10 21:59:04,usr_004198,merch_0103,post_order_carousel
clk_0004778,imp_00045015,2026-08-10 22:10:01,usr_002463,merch_0044,search_sponsored_item
clk_0003773,imp_00035829,2026-08-10 22:18:29,usr_002513,merch_0040,search_sponsored_item
clk_0005986,imp_00056468,2026-08-10 22:19:48,usr_004204,merch_0131,search_sponsored_item
clk_0000142,imp_00001331,2026-08-10 22:30:49,usr_000549,merch_0170,search_sponsored_item
clk_0002734,imp_00025879,2026-08-10 22:32:46,usr_002424,merch_0117,feed_banner_top
clk_0004138,imp_00038963,2026-08-10 22:35:43,usr_001232,merch_0142,post_order_carousel
clk_0005478,imp_00051681,2026-08-10 22:36:30,usr_001129,merch_0016,feed_banner_top
clk_0001282,imp_00011885,2026-08-10 22:45:23,usr_002102,merch_0079,search_sponsored_item
clk_0001622,imp_00015028,2026-08-10 22:47:54,usr_000553,merch_0168,search_sponsored_item
clk_0001537,imp_00014157,2026-08-10 22:52:49,usr_003214,merch_0015,search_sponsored_item
clk_0003405,imp_00032360,2026-08-10 23:05:50,usr_001732,merch_0017,feed_banner_top
clk_0002555,imp_00023998,2026-08-10 23:10:27,usr_002644,merch_0045,feed_banner_top
clk_0003717,imp_00035344,2026-08-10 23:14:25,usr_004574,merch_0079,search_sponsored_item
clk_0002617,imp_00024577,2026-08-11 00:00:25,usr_001040,merch_0015,feed_banner_top
clk_0002632,imp_00024785,2026-08-11 00:02:30,usr_003505,merch_0174,category_highlight
clk_0002407,imp_00022743,2026-08-11 00:18:04,usr_000707,merch_0072,post_order_carousel
clk_0004032,imp_00038004,2026-08-11 00:23:04,usr_003958,merch_0024,post_order_carousel
clk_0003507,imp_00033360,2026-08-11 00:23:12,usr_002466,merch_0023,feed_banner_top
clk_0001948,imp_00017948,2026-08-11 00:44:56,usr_003504,merch_0135,feed_banner_top
clk_0003450,imp_00032857,2026-08-11 00:52:39,usr_002761,merch_0019,search_sponsored_item
clk_0004039,imp_00038097,2026-08-11 00:53:35,usr_004514,merch_0196,search_sponsored_item
clk_0000337,imp_00003169,2026-08-11 01:03:17,usr_004094,merch_0004,search_sponsored_item
clk_0000930,imp_00008678,2026-08-11 01:15:29,usr_003140,merch_0142,feed_banner_top
clk_0003003,imp_00028488,2026-08-11 01:28:18,usr_001235,merch_0072,search_sponsored_item
clk_0001041,imp_00009655,2026-08-11 01:47:24,usr_001880,merch_0135,category_highlight
clk_0002534,imp_00023775,2026-08-11 02:04:27,usr_001736,merch_0149,post_order_carousel
clk_0006278,imp_00059609,2026-08-11 02:07:14,usr_002783,merch_0140,feed_banner_top
clk_0001423,imp_00013148,2026-08-11 02:15:27,usr_001962,merch_0041,feed_banner_top
clk_0004383,imp_00041460,2026-08-11 02:25:16,usr_000718,merch_0058,post_order_carousel
clk_0005964,imp_00056247,2026-08-11 02:46:17,usr_002087,merch_0059,search_sponsored_item
clk_0004838,imp_00045477,2026-08-11 02:48:51,usr_000026,merch_0138,search_sponsored_item
clk_0005479,imp_00051684,2026-08-11 02:55:55,usr_001211,merch_0052,search_sponsored_item
clk_0001438,imp_00013241,2026-08-11 03:32:56,usr_002345,merch_0036,search_sponsored_item
clk_0004939,imp_00046420,2026-08-11 03:37:02,usr_003664,merch_0044,post_order_carousel
clk_0005477,imp_00051670,2026-08-11 03:44:20,usr_004299,merch_0186,feed_banner_top
clk_0001348,imp_00012506,2026-08-11 03:45:50,usr_002754,merch_0181,category_highlight
clk_0003490,imp_00033189,2026-08-11 04:07:48,usr_002804,merch_0110,post_order_carousel
clk_0000556,imp_00005033,2026-08-11 04:25:40,usr_003937,merch_0140,search_sponsored_item
clk_0005485,imp_00051750,2026-08-11 04:41:24,usr_002516,merch_0030,feed_banner_top
clk_0004752,imp_00044777,2026-08-11 05:06:55,usr_002499,merch_0135,search_sponsored_item
clk_0003022,imp_00028647,2026-08-11 05:07:34,usr_001326,merch_0163,feed_banner_top
clk_0003360,imp_00031955,2026-08-11 05:43:25,usr_003350,merch_0112,search_sponsored_item
clk_0003385,imp_00032176,2026-08-11 05:47:17,usr_003933,merch_0077,search_sponsored_item
clk_0000947,imp_00008807,2026-08-11 06:04:36,usr_003979,merch_0119,feed_banner_top
clk_0002899,imp_00027514,2026-08-11 06:05:50,usr_000374,merch_0004,search_sponsored_item
clk_0006174,imp_00058488,2026-08-11 06:09:50,usr_002325,merch_0041,search_sponsored_item
clk_0002305,imp_00021695,2026-08-11 06:46:48,usr_004792,merch_0034,post_order_carousel
clk_0002013,imp_00018653,2026-08-11 06:55:07,usr_004533,merch_0037,post_order_carousel
clk_0000235,imp_00002207,2026-08-11 07:05:03,usr_004509,merch_0092,search_sponsored_item
clk_0001576,imp_00014573,2026-08-11 07:09:22,usr_000652,merch_0030,feed_banner_top
clk_0005832,imp_00055036,2026-08-11 07:15:08,usr_004116,merch_0196,feed_banner_top
clk_0001012,imp_00009353,2026-08-11 07:35:43,usr_001780,merch_0162,feed_banner_top
clk_0001207,imp_00011302,2026-08-11 07:37:23,usr_004367,merch_0138,post_order_carousel
clk_0000367,imp_00003439,2026-08-11 07:59:45,usr_000596,merch_0124,feed_banner_top
clk_0003099,imp_00029469,2026-08-11 08:02:42,usr_004502,merch_0104,search_sponsored_item
clk_0001918,imp_00017680,2026-08-11 08:03:58,usr_001478,merch_0196,feed_banner_top
clk_0002825,imp_00026843,2026-08-11 08:31:48,usr_002608,merch_0162,search_sponsored_item
clk_0004503,imp_00042525,2026-08-11 08:33:35,usr_003904,merch_0052,search_sponsored_item
clk_0002249,imp_00021109,2026-08-11 08:34:27,usr_003748,merch_0069,search_sponsored_item
clk_0004836,imp_00045455,2026-08-11 08:39:42,usr_000545,merch_0183,post_order_carousel
clk_0005687,imp_00053639,2026-08-11 08:46:22,usr_003646,merch_0049,post_order_carousel
clk_0004946,imp_00046478,2026-08-11 08:47:03,usr_000864,merch_0008,feed_banner_top
clk_0005539,imp_00052287,2026-08-11 08:50:56,usr_004239,merch_0025,feed_banner_top
clk_0002443,imp_00023028,2026-08-11 08:51:16,usr_002256,merch_0154,search_sponsored_item
clk_0002981,imp_00028275,2026-08-11 08:51:30,usr_004359,merch_0044,search_sponsored_item
clk_0000169,imp_00001608,2026-08-11 09:01:44,usr_001033,merch_0135,category_highlight
clk_0002262,imp_00021244,2026-08-11 09:05:43,usr_002686,merch_0023,feed_banner_top
clk_0004051,imp_00038192,2026-08-11 09:31:52,usr_003001,merch_0092,search_sponsored_item
clk_0002364,imp_00022204,2026-08-11 09:34:57,usr_003951,merch_0052,search_sponsored_item
clk_0004548,imp_00042988,2026-08-11 09:50:04,usr_004685,merch_0069,category_highlight
clk_0002692,imp_00025471,2026-08-11 09:54:36,usr_004432,merch_0154,post_order_carousel
clk_0001433,imp_00013208,2026-08-11 10:15:56,usr_001230,merch_0124,search_sponsored_item
clk_0002073,imp_00019233,2026-08-11 10:19:57,usr_001419,merch_0165,post_order_carousel
clk_0005663,imp_00053388,2026-08-11 10:29:56,usr_004411,merch_0103,search_sponsored_item
clk_0000764,imp_00007112,2026-08-11 10:30:05,usr_000211,merch_0152,post_order_carousel
clk_0001202,imp_00011264,2026-08-11 10:38:55,usr_001235,merch_0058,search_sponsored_item
clk_0005195,imp_00048829,2026-08-11 10:43:30,usr_001528,merch_0025,post_order_carousel
clk_0004871,imp_00045749,2026-08-11 10:46:06,usr_004452,merch_0144,feed_banner_top
clk_0002697,imp_00025511,2026-08-11 10:47:05,usr_002178,merch_0097,feed_banner_top
clk_0005265,imp_00049543,2026-08-11 10:51:34,usr_003853,merch_0165,search_sponsored_item
clk_0001149,imp_00010805,2026-08-11 10:59:07,usr_003785,merch_0144,search_sponsored_item
clk_0005926,imp_00055801,2026-08-11 11:06:47,usr_002177,merch_0162,search_sponsored_item
clk_0000762,imp_00007102,2026-08-11 11:12:35,usr_004691,merch_0170,search_sponsored_item
clk_0002148,imp_00020064,2026-08-11 11:17:04,usr_004992,merch_0015,search_sponsored_item
clk_0003504,imp_00033326,2026-08-11 11:56:49,usr_001416,merch_0015,search_sponsored_item
clk_0000826,imp_00007780,2026-08-11 11:57:08,usr_004751,merch_0059,feed_banner_top
clk_0002921,imp_00027690,2026-08-11 11:57:30,usr_003358,merch_0079,search_sponsored_item
clk_0002137,imp_00019957,2026-08-11 12:10:53,usr_001155,merch_0039,search_sponsored_item
clk_0004794,imp_00045163,2026-08-11 12:12:35,usr_004985,merch_0100,post_order_carousel
clk_0001747,imp_00016147,2026-08-11 12:25:56,usr_001075,merch_0047,feed_banner_top
clk_0005476,imp_00051667,2026-08-11 12:34:10,usr_000784,merch_0147,category_highlight
clk_0000312,imp_00002956,2026-08-11 12:49:24,usr_001416,merch_0044,search_sponsored_item
clk_0003592,imp_00034246,2026-08-11 12:51:04,usr_000683,merch_0135,post_order_carousel
clk_0004695,imp_00044350,2026-08-11 12:57:13,usr_004203,merch_0083,search_sponsored_item
clk_0003027,imp_00028693,2026-08-11 13:06:22,usr_001447,merch_0183,feed_banner_top
clk_0001764,imp_00016273,2026-08-11 13:36:39,usr_001525,merch_0033,post_order_carousel
clk_0000887,imp_00008313,2026-08-11 13:51:06,usr_004268,merch_0149,search_sponsored_item
clk_0001272,imp_00011740,2026-08-11 13:59:20,usr_004096,merch_0170,feed_banner_top
clk_0000681,imp_00006309,2026-08-11 14:03:11,usr_001048,merch_0199,feed_banner_top
clk_0003541,imp_00033720,2026-08-11 14:10:37,usr_000890,merch_0041,feed_banner_top
clk_0000434,imp_00003985,2026-08-11 14:11:13,usr_001304,merch_0130,search_sponsored_item
clk_0005329,imp_00050097,2026-08-11 14:12:33,usr_001292,merch_0138,post_order_carousel
clk_0000567,imp_00005119,2026-08-11 14:12:54,usr_004011,merch_0111,search_sponsored_item
clk_0004010,imp_00037851,2026-08-11 14:14:30,usr_003904,merch_0060,search_sponsored_item
clk_0004063,imp_00038299,2026-08-11 14:15:30,usr_004582,merch_0150,category_highlight
clk_0004458,imp_00042174,2026-08-11 14:22:53,usr_002404,merch_0085,search_sponsored_item
clk_0003575,imp_00033992,2026-08-11 14:33:11,usr_001863,merch_0019,post_order_carousel
clk_0004025,imp_00037960,2026-08-11 15:18:35,usr_001611,merch_0040,search_sponsored_item
clk_0005486,imp_00051751,2026-08-11 15:24:14,usr_002892,merch_0111,search_sponsored_item
clk_0001878,imp_00017317,2026-08-11 15:25:13,usr_000873,merch_0128,search_sponsored_item
clk_0002538,imp_00023804,2026-08-11 15:57:52,usr_002848,merch_0112,feed_banner_top
clk_0005392,imp_00050864,2026-08-11 16:00:29,usr_002451,merch_0045,feed_banner_top
clk_0005781,imp_00054536,2026-08-11 16:14:48,usr_003355,merch_0119,search_sponsored_item
clk_0003044,imp_00028914,2026-08-11 16:22:19,usr_004293,merch_0186,search_sponsored_item
clk_0001960,imp_00018139,2026-08-11 16:23:19,usr_001351,merch_0103,feed_banner_top
clk_0002531,imp_00023740,2026-08-11 16:32:44,usr_000909,merch_0148,search_sponsored_item
clk_0004920,imp_00046274,2026-08-11 16:46:56,usr_000428,merch_0170,category_highlight
clk_0001954,imp_00018047,2026-08-11 17:03:29,usr_004176,merch_0072,search_sponsored_item
clk_0002005,imp_00018580,2026-08-11 17:11:14,usr_000289,merch_0069,feed_banner_top
clk_0002147,imp_00020048,2026-08-11 17:30:14,usr_001638,merch_0117,search_sponsored_item
clk_0000740,imp_00006904,2026-08-11 17:40:39,usr_000488,merch_0104,search_sponsored_item
clk_0004131,imp_00038869,2026-08-11 17:44:55,usr_004997,merch_0124,search_sponsored_item
clk_0005630,imp_00053095,2026-08-11 18:18:28,usr_004164,merch_0141,search_sponsored_item
clk_0002933,imp_00027888,2026-08-11 18:22:42,usr_000039,merch_0045,post_order_carousel
clk_0004292,imp_00040424,2026-08-11 18:35:17,usr_004035,merch_0058,feed_banner_top
clk_0001847,imp_00017052,2026-08-11 19:03:24,usr_003942,merch_0140,post_order_carousel
clk_0001525,imp_00014110,2026-08-11 19:16:31,usr_003403,merch_0062,feed_banner_top
clk_0002550,imp_00023953,2026-08-11 19:18:08,usr_001863,merch_0017,category_highlight
clk_0003463,imp_00032980,2026-08-11 19:21:00,usr_002171,merch_0052,feed_banner_top
clk_0001955,imp_00018053,2026-08-11 19:29:39,usr_004444,merch_0031,post_order_carousel
clk_0003598,imp_00034295,2026-08-11 19:39:30,usr_003208,merch_0069,search_sponsored_item
clk_0004522,imp_00042703,2026-08-11 19:40:05,usr_000102,merch_0131,feed_banner_top
clk_0003681,imp_00035126,2026-08-11 19:41:24,usr_001642,merch_0049,search_sponsored_item
clk_0003172,imp_00030111,2026-08-11 19:47:32,usr_001516,merch_0130,feed_banner_top
clk_0005946,imp_00056107,2026-08-11 19:58:45,usr_003648,merch_0058,search_sponsored_item
clk_0004350,imp_00041076,2026-08-11 20:00:32,usr_000588,merch_0161,search_sponsored_item
clk_0002187,imp_00020542,2026-08-11 20:00:48,usr_001488,merch_0049,category_highlight
clk_0001947,imp_00017947,2026-08-11 20:12:27,usr_004230,merch_0056,post_order_carousel
clk_0004448,imp_00042046,2026-08-11 20:14:21,usr_000561,merch_0016,post_order_carousel
clk_0000635,imp_00005820,2026-08-11 20:20:51,usr_000443,merch_0092,feed_banner_top
clk_0000694,imp_00006398,2026-08-11 20:24:06,usr_003680,merch_0162,post_order_carousel
clk_0006059,imp_00057254,2026-08-11 20:27:44,usr_000779,merch_0200,feed_banner_top
clk_0001831,imp_00016940,2026-08-11 20:31:34,usr_000894,merch_0112,category_highlight
clk_0001453,imp_00013392,2026-08-11 20:35:21,usr_004906,merch_0196,search_sponsored_item
clk_0002969,imp_00028158,2026-08-11 21:08:45,usr_004089,merch_0017,search_sponsored_item
clk_0002003,imp_00018573,2026-08-11 21:18:32,usr_003657,merch_0165,feed_banner_top
clk_0005137,imp_00048277,2026-08-11 21:21:27,usr_001029,merch_0072,search_sponsored_item
clk_0001926,imp_00017768,2026-08-11 21:32:06,usr_002479,merch_0138,feed_banner_top
clk_0001341,imp_00012462,2026-08-11 21:47:07,usr_001308,merch_0150,post_order_carousel
clk_0001092,imp_00010153,2026-08-11 21:49:01,usr_004242,merch_0138,feed_banner_top
clk_0005799,imp_00054719,2026-08-11 21:50:37,usr_000157,merch_0015,search_sponsored_item
clk_0005918,imp_00055686,2026-08-11 22:07:43,usr_003679,merch_0103,search_sponsored_item
clk_0002184,imp_00020497,2026-08-11 22:19:40,usr_003190,merch_0001,search_sponsored_item
clk_0005117,imp_00048149,2026-08-11 22:38:14,usr_004302,merch_0154,feed_banner_top
clk_0005221,imp_00049132,2026-08-11 22:39:25,usr_003098,merch_0112,search_sponsored_item
clk_0005481,imp_00051699,2026-08-11 22:49:26,usr_000254,merch_0036,feed_banner_top
clk_0004764,imp_00044886,2026-08-11 23:17:44,usr_000096,merch_0049,feed_banner_top
clk_0005328,imp_00050094,2026-08-11 23:24:30,usr_004049,merch_0085,search_sponsored_item
clk_0002640,imp_00024857,2026-08-11 23:43:15,usr_004776,merch_0077,post_order_carousel
clk_0004876,imp_00045776,2026-08-11 23:46:15,usr_001440,merch_0015,search_sponsored_item
clk_0000581,imp_00005321,2026-08-12 00:22:10,usr_004747,merch_0040,category_highlight
clk_0000880,imp_00008255,2026-08-12 00:22:27,usr_003014,merch_0163,feed_banner_top
clk_0004707,imp_00044423,2026-08-12 00:29:05,usr_003351,merch_0125,category_highlight
clk_0003719,imp_00035356,2026-08-12 00:35:38,usr_004679,merch_0200,feed_banner_top
clk_0001106,imp_00010292,2026-08-12 00:37:58,usr_003111,merch_0039,post_order_carousel
clk_0002916,imp_00027663,2026-08-12 00:39:17,usr_000191,merch_0078,feed_banner_top
clk_0002219,imp_00020808,2026-08-12 00:53:54,usr_003242,merch_0178,search_sponsored_item
clk_0000996,imp_00009190,2026-08-12 01:19:31,usr_003654,merch_0186,search_sponsored_item
clk_0005330,imp_00050133,2026-08-12 01:22:10,usr_001516,merch_0059,feed_banner_top
clk_0005341,imp_00050251,2026-08-12 01:31:10,usr_003079,merch_0079,search_sponsored_item
clk_0004733,imp_00044662,2026-08-12 02:09:30,usr_000879,merch_0178,search_sponsored_item
clk_0001310,imp_00012169,2026-08-12 02:17:16,usr_001436,merch_0169,search_sponsored_item
clk_0002336,imp_00021971,2026-08-12 02:41:01,usr_003637,merch_0079,search_sponsored_item
clk_0000514,imp_00004664,2026-08-12 02:54:16,usr_003241,merch_0154,feed_banner_top
clk_0004755,imp_00044785,2026-08-12 03:01:24,usr_000301,merch_0019,feed_banner_top
clk_0002525,imp_00023684,2026-08-12 03:37:14,usr_002049,merch_0125,search_sponsored_item
clk_0000455,imp_00004155,2026-08-12 03:38:57,usr_000884,merch_0023,search_sponsored_item
clk_0004841,imp_00045503,2026-08-12 03:41:37,usr_002910,merch_0168,feed_banner_top
clk_0001388,imp_00012816,2026-08-12 03:46:55,usr_004121,merch_0094,post_order_carousel
clk_0005305,imp_00049889,2026-08-12 04:07:49,usr_003143,merch_0045,search_sponsored_item
clk_0002523,imp_00023626,2026-08-12 04:18:04,usr_000993,merch_0015,category_highlight
clk_0001005,imp_00009275,2026-08-12 04:31:19,usr_002334,merch_0016,feed_banner_top
clk_0002094,imp_00019462,2026-08-12 04:32:09,usr_001855,merch_0089,feed_banner_top
clk_0004443,imp_00041999,2026-08-12 04:32:51,usr_001915,merch_0125,feed_banner_top
clk_0000014,imp_00000145,2026-08-12 04:36:00,usr_003718,merch_0058,search_sponsored_item
clk_0001360,imp_00012587,2026-08-12 04:38:29,usr_002418,merch_0056,search_sponsored_item
clk_0003358,imp_00031879,2026-08-12 04:46:54,usr_002170,merch_0045,feed_banner_top
clk_0000449,imp_00004087,2026-08-12 05:31:24,usr_001352,merch_0060,search_sponsored_item
clk_0003697,imp_00035205,2026-08-12 05:35:55,usr_001919,merch_0083,search_sponsored_item
clk_0000050,imp_00000487,2026-08-12 05:38:33,usr_000053,merch_0148,search_sponsored_item
clk_0001390,imp_00012829,2026-08-12 05:41:57,usr_004756,merch_0144,feed_banner_top
clk_0002867,imp_00027235,2026-08-12 06:21:38,usr_004309,merch_0149,search_sponsored_item
clk_0001977,imp_00018277,2026-08-12 06:25:52,usr_002858,merch_0036,search_sponsored_item
clk_0003114,imp_00029547,2026-08-12 06:30:58,usr_003521,merch_0044,feed_banner_top
clk_0001414,imp_00013092,2026-08-12 06:33:28,usr_004221,merch_0141,feed_banner_top
clk_0005963,imp_00056240,2026-08-12 06:39:07,usr_004005,merch_0083,search_sponsored_item
clk_0005689,imp_00053671,2026-08-12 06:57:06,usr_004509,merch_0044,category_highlight
clk_0001239,imp_00011509,2026-08-12 07:00:47,usr_001332,merch_0052,feed_banner_top
clk_0002999,imp_00028458,2026-08-12 07:18:46,usr_000792,merch_0097,post_order_carousel
clk_0000067,imp_00000644,2026-08-12 08:10:50,usr_002673,merch_0138,search_sponsored_item
clk_0001753,imp_00016186,2026-08-12 08:13:08,usr_002352,merch_0023,post_order_carousel
clk_0003672,imp_00035064,2026-08-12 08:16:52,usr_000847,merch_0154,feed_banner_top
clk_0003706,imp_00035279,2026-08-12 08:25:30,usr_004870,merch_0148,search_sponsored_item
clk_0006244,imp_00059285,2026-08-12 08:34:40,usr_003057,merch_0039,search_sponsored_item
clk_0000100,imp_00000894,2026-08-12 08:39:20,usr_001899,merch_0083,post_order_carousel
clk_0003150,imp_00029941,2026-08-12 08:49:02,usr_002965,merch_0103,search_sponsored_item
clk_0005404,imp_00050984,2026-08-12 08:59:39,usr_001515,merch_0049,search_sponsored_item
clk_0001184,imp_00011138,2026-08-12 09:18:10,usr_003249,merch_0147,feed_banner_top
clk_0000597,imp_00005464,2026-08-12 09:33:56,usr_004312,merch_0170,search_sponsored_item
clk_0004463,imp_00042195,2026-08-12 09:33:59,usr_003685,merch_0072,post_order_carousel
clk_0005458,imp_00051513,2026-08-12 09:34:47,usr_003655,merch_0124,category_highlight
clk_0003896,imp_00036909,2026-08-12 09:42:53,usr_002029,merch_0017,feed_banner_top
clk_0000316,imp_00002994,2026-08-12 09:49:03,usr_000838,merch_0154,search_sponsored_item
clk_0000821,imp_00007682,2026-08-12 09:49:28,usr_000749,merch_0004,post_order_carousel
clk_0003464,imp_00032988,2026-08-12 09:50:20,usr_001813,merch_0008,post_order_carousel
clk_0000854,imp_00008006,2026-08-12 09:52:04,usr_000644,merch_0030,search_sponsored_item
clk_0003660,imp_00034912,2026-08-12 10:14:49,usr_002089,merch_0135,search_sponsored_item
clk_0005239,imp_00049284,2026-08-12 10:20:47,usr_004519,merch_0124,search_sponsored_item
clk_0004169,imp_00039252,2026-08-12 10:32:34,usr_001598,merch_0154,search_sponsored_item
clk_0001212,imp_00011333,2026-08-12 10:39:05,usr_003844,merch_0094,feed_banner_top
clk_0001176,imp_00011033,2026-08-12 10:53:51,usr_004017,merch_0125,search_sponsored_item
clk_0005286,imp_00049748,2026-08-12 11:09:58,usr_002759,merch_0079,feed_banner_top
clk_0006013,imp_00056759,2026-08-12 11:10:46,usr_004566,merch_0071,search_sponsored_item
clk_0004575,imp_00043246,2026-08-12 11:16:05,usr_001674,merch_0004,post_order_carousel
clk_0005092,imp_00047919,2026-08-12 11:19:27,usr_004976,merch_0147,search_sponsored_item
clk_0000445,imp_00004071,2026-08-12 11:20:19,usr_004029,merch_0181,search_sponsored_item
clk_0004209,imp_00039672,2026-08-12 11:25:35,usr_004008,merch_0111,search_sponsored_item
clk_0000928,imp_00008674,2026-08-12 11:31:20,usr_000020,merch_0125,post_order_carousel
clk_0001600,imp_00014836,2026-08-12 11:43:28,usr_001691,merch_0117,feed_banner_top
clk_0004598,imp_00043499,2026-08-12 11:43:30,usr_003010,merch_0047,search_sponsored_item
clk_0005801,imp_00054721,2026-08-12 11:59:18,usr_001266,merch_0117,feed_banner_top
clk_0005914,imp_00055654,2026-08-12 12:04:44,usr_000546,merch_0094,search_sponsored_item
clk_0001080,imp_00010058,2026-08-12 12:08:19,usr_004276,merch_0023,search_sponsored_item
clk_0005225,imp_00049166,2026-08-12 12:31:43,usr_001208,merch_0033,search_sponsored_item
clk_0003483,imp_00033139,2026-08-12 12:35:18,usr_002585,merch_0044,feed_banner_top
clk_0000608,imp_00005570,2026-08-12 12:45:59,usr_004530,merch_0163,category_highlight
clk_0004159,imp_00039169,2026-08-12 12:57:53,usr_004558,merch_0015,search_sponsored_item
clk_0005629,imp_00053077,2026-08-12 13:00:28,usr_004203,merch_0045,feed_banner_top
clk_0004589,imp_00043388,2026-08-12 13:04:28,usr_002331,merch_0045,feed_banner_top
clk_0000692,imp_00006390,2026-08-12 13:14:59,usr_002264,merch_0019,post_order_carousel
clk_0005128,imp_00048221,2026-08-12 13:15:09,usr_001017,merch_0037,post_order_carousel
clk_0003579,imp_00034042,2026-08-12 13:28:34,usr_000163,merch_0124,category_highlight
clk_0005322,imp_00050038,2026-08-12 13:43:53,usr_002733,merch_0094,search_sponsored_item
clk_0000875,imp_00008195,2026-08-12 14:00:13,usr_004917,merch_0135,search_sponsored_item
clk_0005349,imp_00050404,2026-08-12 14:15:15,usr_000527,merch_0140,search_sponsored_item
clk_0000004,imp_00000029,2026-08-12 14:59:33,usr_002974,merch_0086,feed_banner_top
clk_0001064,imp_00009930,2026-08-12 15:27:33,usr_004872,merch_0058,feed_banner_top
clk_0005039,imp_00047394,2026-08-12 15:30:29,usr_003432,merch_0032,post_order_carousel
clk_0003478,imp_00033094,2026-08-12 15:41:22,usr_001126,merch_0058,category_highlight
clk_0002795,imp_00026490,2026-08-12 15:49:47,usr_003495,merch_0162,search_sponsored_item
clk_0002436,imp_00022974,2026-08-12 15:52:51,usr_004546,merch_0147,post_order_carousel
clk_0001063,imp_00009922,2026-08-12 15:53:49,usr_002372,merch_0056,post_order_carousel
clk_0006293,imp_00059725,2026-08-12 16:07:05,usr_001007,merch_0170,search_sponsored_item
clk_0001288,imp_00011922,2026-08-12 16:20:13,usr_002438,merch_0174,search_sponsored_item
clk_0002943,imp_00027982,2026-08-12 16:33:01,usr_000848,merch_0037,feed_banner_top
clk_0004754,imp_00044784,2026-08-12 16:52:09,usr_003727,merch_0148,feed_banner_top
clk_0005511,imp_00052024,2026-08-12 16:53:44,usr_002211,merch_0032,category_highlight
clk_0004628,imp_00043721,2026-08-12 16:58:09,usr_002060,merch_0178,post_order_carousel
clk_0002742,imp_00025947,2026-08-12 16:59:31,usr_004477,merch_0181,feed_banner_top
clk_0000915,imp_00008544,2026-08-12 17:10:56,usr_001825,merch_0097,search_sponsored_item
clk_0001311,imp_00012174,2026-08-12 17:14:03,usr_001377,merch_0104,feed_banner_top
clk_0006251,imp_00059367,2026-08-12 17:14:42,usr_004584,merch_0103,search_sponsored_item
clk_0006296,imp_00059775,2026-08-12 17:15:30,usr_002697,merch_0124,search_sponsored_item
clk_0003755,imp_00035656,2026-08-12 17:16:44,usr_000175,merch_0178,search_sponsored_item
clk_0001538,imp_00014160,2026-08-12 17:19:53,usr_004744,merch_0131,post_order_carousel
clk_0003139,imp_00029850,2026-08-12 17:25:25,usr_001541,merch_0112,feed_banner_top
clk_0004230,imp_00039785,2026-08-12 17:27:07,usr_004217,merch_0186,search_sponsored_item
clk_0005401,imp_00050974,2026-08-12 17:58:08,usr_002604,merch_0037,search_sponsored_item
clk_0004252,imp_00040060,2026-08-12 18:13:06,usr_003573,merch_0024,feed_banner_top
clk_0004798,imp_00045194,2026-08-12 18:16:46,usr_001027,merch_0017,feed_banner_top
clk_0002027,imp_00018808,2026-08-12 18:20:00,usr_000665,merch_0117,category_highlight
clk_0003042,imp_00028907,2026-08-12 18:20:58,usr_001483,merch_0142,feed_banner_top
clk_0000623,imp_00005671,2026-08-12 18:22:49,usr_001783,merch_0178,search_sponsored_item
clk_0001783,imp_00016468,2026-08-12 18:24:42,usr_004039,merch_0147,search_sponsored_item
clk_0000712,imp_00006584,2026-08-12 18:34:57,usr_000295,merch_0036,feed_banner_top
clk_0001403,imp_00013001,2026-08-12 19:12:19,usr_004924,merch_0174,post_order_carousel
clk_0003957,imp_00037417,2026-08-12 19:23:07,usr_002552,merch_0128,search_sponsored_item
clk_0001188,imp_00011165,2026-08-12 19:32:52,usr_000061,merch_0154,search_sponsored_item
clk_0004431,imp_00041919,2026-08-12 20:03:42,usr_004828,merch_0036,feed_banner_top
clk_0001611,imp_00014928,2026-08-12 20:05:23,usr_002627,merch_0100,feed_banner_top
clk_0002747,imp_00025973,2026-08-12 20:35:05,usr_002500,merch_0032,search_sponsored_item
clk_0000763,imp_00007109,2026-08-12 21:15:11,usr_002889,merch_0001,post_order_carousel
clk_0001854,imp_00017095,2026-08-12 21:15:31,usr_002060,merch_0076,feed_banner_top
clk_0000828,imp_00007784,2026-08-12 21:19:12,usr_004952,merch_0174,search_sponsored_item
clk_0003694,imp_00035197,2026-08-12 21:24:15,usr_004900,merch_0170,search_sponsored_item
clk_0005317,imp_00049970,2026-08-12 21:38:27,usr_004344,merch_0036,post_order_carousel
clk_0002754,imp_00026054,2026-08-12 21:49:50,usr_001258,merch_0162,feed_banner_top
clk_0002962,imp_00028102,2026-08-12 21:55:40,usr_004388,merch_0037,search_sponsored_item
clk_0005941,imp_00056012,2026-08-12 22:09:48,usr_003953,merch_0060,feed_banner_top
clk_0005779,imp_00054525,2026-08-12 22:23:05,usr_001969,merch_0076,feed_banner_top
clk_0006203,imp_00058901,2026-08-12 22:37:01,usr_000906,merch_0149,search_sponsored_item
clk_0000665,imp_00006167,2026-08-12 22:39:19,usr_001077,merch_0124,feed_banner_top
clk_0001394,imp_00012867,2026-08-12 22:55:59,usr_000449,merch_0076,search_sponsored_item
clk_0000661,imp_00006150,2026-08-12 22:56:17,usr_004186,merch_0103,feed_banner_top
clk_0002152,imp_00020100,2026-08-12 23:03:09,usr_004884,merch_0186,feed_banner_top
clk_0003448,imp_00032838,2026-08-12 23:03:28,usr_004276,merch_0023,search_sponsored_item
clk_0004338,imp_00040992,2026-08-12 23:42:12,usr_003288,merch_0062,search_sponsored_item
clk_0002739,imp_00025916,2026-08-12 23:47:50,usr_003861,merch_0016,feed_banner_top
clk_0003231,imp_00030736,2026-08-12 23:52:19,usr_004651,merch_0117,feed_banner_top
clk_0003626,imp_00034541,2026-08-13 00:04:58,usr_003297,merch_0112,feed_banner_top
clk_0005079,imp_00047765,2026-08-13 00:23:26,usr_004781,merch_0144,feed_banner_top
clk_0000909,imp_00008520,2026-08-13 00:25:35,usr_001560,merch_0178,search_sponsored_item
clk_0003083,imp_00029299,2026-08-13 00:55:14,usr_004943,merch_0131,feed_banner_top
clk_0003591,imp_00034232,2026-08-13 01:00:24,usr_003795,merch_0174,search_sponsored_item
clk_0001587,imp_00014693,2026-08-13 01:02:12,usr_001908,merch_0181,post_order_carousel
clk_0001678,imp_00015502,2026-08-13 01:11:39,usr_002541,merch_0069,search_sponsored_item
clk_0004976,imp_00046760,2026-08-13 01:30:07,usr_001963,merch_0044,feed_banner_top
clk_0003562,imp_00033899,2026-08-13 01:30:26,usr_004683,merch_0083,feed_banner_top
clk_0002592,imp_00024330,2026-08-13 01:45:30,usr_002575,merch_0017,search_sponsored_item
clk_0000328,imp_00003073,2026-08-13 02:10:03,usr_000630,merch_0196,category_highlight
clk_0004809,imp_00045275,2026-08-13 02:32:07,usr_000298,merch_0047,search_sponsored_item
clk_0003954,imp_00037392,2026-08-13 02:32:19,usr_001909,merch_0078,search_sponsored_item
clk_0004265,imp_00040179,2026-08-13 02:43:47,usr_000192,merch_0110,search_sponsored_item
clk_0001534,imp_00014141,2026-08-13 03:08:38,usr_002336,merch_0008,feed_banner_top
clk_0005614,imp_00052974,2026-08-13 03:17:05,usr_003277,merch_0142,search_sponsored_item
clk_0003322,imp_00031513,2026-08-13 04:12:25,usr_004101,merch_0092,search_sponsored_item
clk_0005457,imp_00051486,2026-08-13 04:18:30,usr_001961,merch_0078,search_sponsored_item
clk_0006155,imp_00058274,2026-08-13 04:26:16,usr_001896,merch_0169,search_sponsored_item
clk_0002698,imp_00025518,2026-08-13 04:28:10,usr_004450,merch_0125,search_sponsored_item
clk_0001194,imp_00011208,2026-08-13 04:33:47,usr_003539,merch_0144,search_sponsored_item
clk_0004423,imp_00041833,2026-08-13 04:40:27,usr_001180,merch_0033,search_sponsored_item
clk_0002741,imp_00025943,2026-08-13 04:56:56,usr_004316,merch_0017,search_sponsored_item
clk_0000793,imp_00007463,2026-08-13 05:12:57,usr_000665,merch_0089,feed_banner_top
clk_0005788,imp_00054594,2026-08-13 05:29:59,usr_001173,merch_0131,search_sponsored_item
clk_0004887,imp_00045909,2026-08-13 05:40:41,usr_000293,merch_0112,category_highlight
clk_0004380,imp_00041424,2026-08-13 05:42:32,usr_000381,merch_0100,feed_banner_top
clk_0002115,imp_00019706,2026-08-13 05:44:59,usr_002717,merch_0125,search_sponsored_item
clk_0002984,imp_00028302,2026-08-13 05:51:20,usr_001533,merch_0152,feed_banner_top
clk_0006097,imp_00057679,2026-08-13 05:57:43,usr_003125,merch_0154,feed_banner_top
clk_0000332,imp_00003118,2026-08-13 06:13:57,usr_001199,merch_0024,search_sponsored_item
clk_0002065,imp_00019148,2026-08-13 06:43:15,usr_003350,merch_0040,feed_banner_top
clk_0004590,imp_00043403,2026-08-13 06:56:48,usr_001501,merch_0030,search_sponsored_item
clk_0000662,imp_00006152,2026-08-13 07:21:26,usr_001465,merch_0183,search_sponsored_item
clk_0003389,imp_00032229,2026-08-13 07:26:02,usr_002507,merch_0079,search_sponsored_item
clk_0002579,imp_00024203,2026-08-13 07:30:45,usr_002759,merch_0023,post_order_carousel
clk_0005029,imp_00047284,2026-08-13 07:47:06,usr_004977,merch_0124,feed_banner_top
clk_0005672,imp_00053514,2026-08-13 07:53:21,usr_004036,merch_0071,search_sponsored_item
clk_0005706,imp_00053814,2026-08-13 08:20:38,usr_002603,merch_0186,feed_banner_top
clk_0002171,imp_00020354,2026-08-13 08:21:22,usr_000659,merch_0174,search_sponsored_item
clk_0001821,imp_00016865,2026-08-13 08:26:59,usr_004863,merch_0183,category_highlight
clk_0004630,imp_00043743,2026-08-13 08:32:04,usr_000879,merch_0047,feed_banner_top
clk_0000969,imp_00008974,2026-08-13 08:51:30,usr_003640,merch_0062,search_sponsored_item
clk_0005180,imp_00048678,2026-08-13 08:52:06,usr_002248,merch_0103,feed_banner_top
clk_0003804,imp_00036079,2026-08-13 09:02:40,usr_003102,merch_0112,search_sponsored_item
clk_0001147,imp_00010767,2026-08-13 09:10:55,usr_002605,merch_0044,feed_banner_top
clk_0001500,imp_00013866,2026-08-13 09:16:22,usr_003847,merch_0125,post_order_carousel
clk_0001030,imp_00009532,2026-08-13 09:38:14,usr_000254,merch_0112,search_sponsored_item
clk_0003986,imp_00037657,2026-08-13 09:44:37,usr_003923,merch_0163,feed_banner_top
clk_0006051,imp_00057124,2026-08-13 09:50:20,usr_002420,merch_0089,search_sponsored_item
clk_0000749,imp_00006993,2026-08-13 10:04:26,usr_003767,merch_0110,feed_banner_top
clk_0000116,imp_00001039,2026-08-13 10:11:40,usr_004014,merch_0141,feed_banner_top
clk_0005471,imp_00051611,2026-08-13 10:29:46,usr_004153,merch_0069,category_highlight
clk_0003236,imp_00030760,2026-08-13 10:35:33,usr_002459,merch_0183,feed_banner_top
clk_0004248,imp_00039996,2026-08-13 10:41:32,usr_001418,merch_0015,feed_banner_top
clk_0000355,imp_00003337,2026-08-13 10:48:15,usr_001790,merch_0019,search_sponsored_item
clk_0003573,imp_00033980,2026-08-13 10:49:16,usr_001504,merch_0025,feed_banner_top
clk_0003840,imp_00036454,2026-08-13 10:51:33,usr_002454,merch_0135,feed_banner_top
clk_0004077,imp_00038399,2026-08-13 10:52:24,usr_000642,merch_0001,search_sponsored_item
clk_0004904,imp_00046104,2026-08-13 10:53:49,usr_000582,merch_0131,post_order_carousel
clk_0001604,imp_00014856,2026-08-13 10:56:02,usr_001082,merch_0150,search_sponsored_item
clk_0004414,imp_00041763,2026-08-13 10:57:00,usr_003180,merch_0097,search_sponsored_item
clk_0000901,imp_00008423,2026-08-13 11:09:24,usr_004836,merch_0037,post_order_carousel
clk_0006062,imp_00057302,2026-08-13 11:41:19,usr_000275,merch_0117,search_sponsored_item
clk_0001840,imp_00017010,2026-08-13 11:44:06,usr_004550,merch_0016,feed_banner_top
clk_0005104,imp_00048010,2026-08-13 11:44:30,usr_003218,merch_0162,search_sponsored_item
clk_0002937,imp_00027935,2026-08-13 12:04:59,usr_002039,merch_0148,search_sponsored_item
clk_0002294,imp_00021494,2026-08-13 12:22:33,usr_003925,merch_0052,feed_banner_top
clk_0006039,imp_00056993,2026-08-13 12:23:46,usr_001223,merch_0125,search_sponsored_item
clk_0000794,imp_00007501,2026-08-13 12:24:02,usr_001012,merch_0083,post_order_carousel
clk_0005944,imp_00056062,2026-08-13 12:33:35,usr_000261,merch_0045,search_sponsored_item
clk_0004505,imp_00042535,2026-08-13 12:33:57,usr_001852,merch_0071,search_sponsored_item
clk_0002630,imp_00024775,2026-08-13 12:44:52,usr_004833,merch_0186,search_sponsored_item
clk_0001340,imp_00012457,2026-08-13 12:52:49,usr_001790,merch_0034,search_sponsored_item
clk_0001113,imp_00010344,2026-08-13 12:59:11,usr_003129,merch_0017,search_sponsored_item
clk_0001935,imp_00017845,2026-08-13 13:02:02,usr_003281,merch_0034,search_sponsored_item
clk_0004870,imp_00045739,2026-08-13 13:06:23,usr_004739,merch_0062,search_sponsored_item
clk_0001502,imp_00013882,2026-08-13 13:15:09,usr_004550,merch_0015,category_highlight
clk_0004040,imp_00038100,2026-08-13 13:17:29,usr_004330,merch_0017,feed_banner_top
clk_0005145,imp_00048351,2026-08-13 13:39:08,usr_003123,merch_0178,search_sponsored_item
clk_0002469,imp_00023172,2026-08-13 13:51:59,usr_003018,merch_0181,search_sponsored_item
clk_0003843,imp_00036477,2026-08-13 13:53:44,usr_003041,merch_0062,feed_banner_top
clk_0004429,imp_00041913,2026-08-13 14:17:08,usr_002278,merch_0076,search_sponsored_item
clk_0003814,imp_00036190,2026-08-13 14:21:23,usr_001374,merch_0024,feed_banner_top
clk_0005015,imp_00047121,2026-08-13 15:10:42,usr_004237,merch_0058,search_sponsored_item
clk_0003649,imp_00034744,2026-08-13 15:12:33,usr_003239,merch_0092,search_sponsored_item
clk_0004043,imp_00038117,2026-08-13 15:14:02,usr_004200,merch_0104,search_sponsored_item
clk_0000950,imp_00008822,2026-08-13 15:16:59,usr_001520,merch_0078,search_sponsored_item
clk_0004413,imp_00041762,2026-08-13 15:23:16,usr_004557,merch_0135,post_order_carousel
clk_0002664,imp_00025142,2026-08-13 15:25:30,usr_001730,merch_0015,search_sponsored_item
clk_0000132,imp_00001230,2026-08-13 15:26:49,usr_004896,merch_0165,search_sponsored_item
clk_0002809,imp_00026638,2026-08-13 15:30:44,usr_002458,merch_0147,search_sponsored_item
clk_0003040,imp_00028900,2026-08-13 15:39:59,usr_000360,merch_0024,post_order_carousel
clk_0003418,imp_00032564,2026-08-13 15:40:11,usr_000797,merch_0169,search_sponsored_item
clk_0000270,imp_00002515,2026-08-13 15:54:36,usr_001727,merch_0169,category_highlight
clk_0000703,imp_00006487,2026-08-13 15:56:15,usr_004054,merch_0079,post_order_carousel
clk_0001944,imp_00017890,2026-08-13 16:00:45,usr_001394,merch_0078,feed_banner_top
clk_0005352,imp_00050429,2026-08-13 16:21:49,usr_002748,merch_0144,feed_banner_top
clk_0002268,imp_00021271,2026-08-13 16:32:12,usr_002262,merch_0125,search_sponsored_item
clk_0002117,imp_00019738,2026-08-13 16:46:23,usr_002541,merch_0086,post_order_carousel
clk_0006279,imp_00059611,2026-08-13 16:56:39,usr_000581,merch_0030,search_sponsored_item
clk_0002460,imp_00023126,2026-08-13 17:20:38,usr_001527,merch_0036,search_sponsored_item
clk_0001522,imp_00014087,2026-08-13 17:22:01,usr_003779,merch_0154,feed_banner_top
clk_0000639,imp_00005847,2026-08-13 17:25:49,usr_000235,merch_0044,search_sponsored_item
clk_0005052,imp_00047497,2026-08-13 17:44:41,usr_004836,merch_0045,search_sponsored_item
clk_0005505,imp_00051974,2026-08-13 17:59:10,usr_000753,merch_0034,search_sponsored_item
clk_0004182,imp_00039397,2026-08-13 18:06:57,usr_000104,merch_0178,feed_banner_top
clk_0000111,imp_00001003,2026-08-13 18:24:21,usr_003193,merch_0060,search_sponsored_item
clk_0004050,imp_00038184,2026-08-13 18:38:49,usr_003020,merch_0004,search_sponsored_item
clk_0002837,imp_00026980,2026-08-13 18:40:15,usr_002247,merch_0119,search_sponsored_item
clk_0004424,imp_00041839,2026-08-13 18:44:02,usr_000577,merch_0148,search_sponsored_item
clk_0002891,imp_00027467,2026-08-13 18:45:54,usr_001159,merch_0183,feed_banner_top
clk_0000372,imp_00003492,2026-08-13 19:03:46,usr_004930,merch_0186,category_highlight
clk_0004923,imp_00046297,2026-08-13 19:07:48,usr_001662,merch_0062,post_order_carousel
clk_0001709,imp_00015781,2026-08-13 19:08:12,usr_001551,merch_0092,post_order_carousel
clk_0004215,imp_00039720,2026-08-13 19:10:44,usr_002882,merch_0059,feed_banner_top
clk_0004622,imp_00043681,2026-08-13 19:18:49,usr_001331,merch_0130,search_sponsored_item
clk_0000962,imp_00008933,2026-08-13 19:26:03,usr_001153,merch_0036,feed_banner_top
clk_0002244,imp_00021055,2026-08-13 19:32:27,usr_001272,merch_0019,search_sponsored_item
clk_0005853,imp_00055158,2026-08-13 20:12:54,usr_001074,merch_0045,feed_banner_top
clk_0004491,imp_00042425,2026-08-13 20:24:25,usr_003066,merch_0072,search_sponsored_item
clk_0004192,imp_00039463,2026-08-13 20:26:25,usr_004129,merch_0017,post_order_carousel
clk_0003720,imp_00035361,2026-08-13 20:29:57,usr_001521,merch_0040,search_sponsored_item
clk_0002718,imp_00025715,2026-08-13 20:30:02,usr_001205,merch_0077,search_sponsored_item
clk_0004650,imp_00043866,2026-08-13 20:38:52,usr_003477,merch_0079,search_sponsored_item
clk_0004029,imp_00037987,2026-08-13 20:39:27,usr_000763,merch_0147,feed_banner_top
clk_0000075,imp_00000703,2026-08-13 20:45:45,usr_003858,merch_0162,post_order_carousel
clk_0001834,imp_00016960,2026-08-13 20:46:50,usr_000495,merch_0150,search_sponsored_item
clk_0003182,imp_00030218,2026-08-13 21:02:46,usr_000540,merch_0056,search_sponsored_item
clk_0005147,imp_00048358,2026-08-13 21:04:43,usr_000510,merch_0131,category_highlight
clk_0003341,imp_00031737,2026-08-13 21:21:12,usr_003033,merch_0004,post_order_carousel
clk_0001792,imp_00016565,2026-08-13 22:03:48,usr_004991,merch_0045,category_highlight
clk_0002683,imp_00025333,2026-08-13 22:14:08,usr_002489,merch_0030,search_sponsored_item
clk_0002642,imp_00024872,2026-08-13 22:26:20,usr_002069,merch_0196,feed_banner_top
clk_0000155,imp_00001445,2026-08-13 22:38:32,usr_003461,merch_0049,search_sponsored_item
clk_0001897,imp_00017470,2026-08-13 22:42:26,usr_003677,merch_0148,feed_banner_top
clk_0005792,imp_00054629,2026-08-13 22:50:24,usr_002453,merch_0032,feed_banner_top
clk_0005770,imp_00054418,2026-08-13 22:54:27,usr_002928,merch_0125,search_sponsored_item
clk_0002920,imp_00027684,2026-08-13 23:02:37,usr_001387,merch_0174,post_order_carousel
clk_0000977,imp_00009035,2026-08-13 23:21:00,usr_000987,merch_0188,search_sponsored_item
clk_0000524,imp_00004719,2026-08-13 23:27:30,usr_003648,merch_0186,search_sponsored_item
clk_0006099,imp_00057688,2026-08-13 23:31:01,usr_003198,merch_0150,search_sponsored_item
clk_0001802,imp_00016663,2026-08-13 23:49:32,usr_002645,merch_0030,post_order_carousel
clk_0006231,imp_00059180,2026-08-14 00:05:18,usr_002308,merch_0148,search_sponsored_item
clk_0003456,imp_00032909,2026-08-14 00:08:17,usr_003203,merch_0094,feed_banner_top
clk_0000406,imp_00003794,2026-08-14 00:40:06,usr_002075,merch_0170,search_sponsored_item
clk_0004555,imp_00043057,2026-08-14 00:47:15,usr_004152,merch_0150,search_sponsored_item
clk_0005564,imp_00052477,2026-08-14 00:53:03,usr_004543,merch_0037,feed_banner_top
clk_0004249,imp_00040005,2026-08-14 00:57:05,usr_003616,merch_0001,search_sponsored_item
clk_0005002,imp_00046959,2026-08-14 00:57:11,usr_003227,merch_0154,category_highlight
clk_0003666,imp_00035026,2026-08-14 01:11:07,usr_003852,merch_0199,search_sponsored_item
clk_0001104,imp_00010258,2026-08-14 01:19:45,usr_002959,merch_0128,category_highlight
clk_0005919,imp_00055692,2026-08-14 01:30:17,usr_001852,merch_0200,search_sponsored_item
clk_0004815,imp_00045306,2026-08-14 01:30:32,usr_001930,merch_0130,search_sponsored_item
clk_0004645,imp_00043835,2026-08-14 01:50:03,usr_004614,merch_0058,search_sponsored_item
clk_0003613,imp_00034421,2026-08-14 01:54:30,usr_002406,merch_0058,feed_banner_top
clk_0005723,imp_00053946,2026-08-14 01:55:34,usr_002809,merch_0059,feed_banner_top
clk_0000451,imp_00004124,2026-08-14 02:07:12,usr_004280,merch_0199,feed_banner_top
clk_0000863,imp_00008111,2026-08-14 02:22:04,usr_003637,merch_0169,search_sponsored_item
clk_0005881,imp_00055352,2026-08-14 02:25:36,usr_002226,merch_0041,feed_banner_top
clk_0004621,imp_00043660,2026-08-14 03:14:51,usr_000045,merch_0094,post_order_carousel
clk_0005262,imp_00049532,2026-08-14 03:37:34,usr_001229,merch_0135,search_sponsored_item
clk_0005232,imp_00049199,2026-08-14 03:47:46,usr_000726,merch_0188,feed_banner_top
clk_0006274,imp_00059572,2026-08-14 03:52:02,usr_002614,merch_0034,category_highlight
clk_0000847,imp_00007935,2026-08-14 03:53:01,usr_003559,merch_0008,feed_banner_top
clk_0006313,imp_00059980,2026-08-14 04:03:04,usr_004040,merch_0039,category_highlight
clk_0005056,imp_00047531,2026-08-14 05:03:15,usr_001865,merch_0178,search_sponsored_item
clk_0002799,imp_00026520,2026-08-14 05:17:00,usr_003285,merch_0097,search_sponsored_item
clk_0000622,imp_00005664,2026-08-14 05:17:50,usr_002802,merch_0165,feed_banner_top
clk_0002200,imp_00020658,2026-08-14 05:19:01,usr_001420,merch_0168,post_order_carousel
clk_0005146,imp_00048352,2026-08-14 05:21:17,usr_000508,merch_0128,search_sponsored_item
clk_0004391,imp_00041539,2026-08-14 05:23:23,usr_000812,merch_0077,post_order_carousel
clk_0002948,imp_00028012,2026-08-14 05:24:37,usr_004542,merch_0174,feed_banner_top
clk_0004425,imp_00041851,2026-08-14 05:28:37,usr_002161,merch_0196,search_sponsored_item
clk_0003800,imp_00036065,2026-08-14 05:47:29,usr_002806,merch_0169,search_sponsored_item
clk_0004672,imp_00044099,2026-08-14 05:52:25,usr_002467,merch_0131,search_sponsored_item
clk_0000267,imp_00002487,2026-08-14 06:06:20,usr_004119,merch_0178,category_highlight
clk_0004987,imp_00046818,2026-08-14 06:26:30,usr_003436,merch_0072,feed_banner_top
clk_0005616,imp_00052982,2026-08-14 06:28:49,usr_001732,merch_0086,post_order_carousel
clk_0004726,imp_00044573,2026-08-14 06:29:06,usr_002068,merch_0044,search_sponsored_item
clk_0005323,imp_00050044,2026-08-14 06:32:19,usr_004396,merch_0077,post_order_carousel
clk_0004156,imp_00039154,2026-08-14 06:54:14,usr_004188,merch_0024,feed_banner_top
clk_0000298,imp_00002791,2026-08-14 06:59:27,usr_002015,merch_0119,search_sponsored_item
clk_0003984,imp_00037649,2026-08-14 07:00:08,usr_004457,merch_0032,search_sponsored_item
clk_0001136,imp_00010574,2026-08-14 07:35:28,usr_001711,merch_0154,category_highlight
clk_0003091,imp_00029414,2026-08-14 07:36:16,usr_001778,merch_0161,feed_banner_top
clk_0003446,imp_00032800,2026-08-14 07:39:43,usr_000218,merch_0032,feed_banner_top
clk_0000019,imp_00000213,2026-08-14 07:48:19,usr_002419,merch_0161,category_highlight
clk_0001362,imp_00012603,2026-08-14 07:52:30,usr_004831,merch_0060,category_highlight
clk_0001509,imp_00013926,2026-08-14 07:53:15,usr_002814,merch_0004,search_sponsored_item
clk_0005070,imp_00047656,2026-08-14 07:54:33,usr_004874,merch_0086,feed_banner_top
clk_0000714,imp_00006616,2026-08-14 07:55:28,usr_002286,merch_0125,feed_banner_top
clk_0000550,imp_00004997,2026-08-14 07:55:49,usr_001411,merch_0168,feed_banner_top
clk_0005446,imp_00051389,2026-08-14 07:59:53,usr_000822,merch_0015,post_order_carousel
clk_0002203,imp_00020695,2026-08-14 08:14:26,usr_002837,merch_0083,category_highlight
clk_0000516,imp_00004683,2026-08-14 08:20:04,usr_004448,merch_0130,post_order_carousel
clk_0001440,imp_00013289,2026-08-14 08:20:54,usr_003813,merch_0032,post_order_carousel
clk_0006000,imp_00056616,2026-08-14 08:29:02,usr_004002,merch_0174,feed_banner_top
clk_0005960,imp_00056227,2026-08-14 08:40:03,usr_004574,merch_0024,post_order_carousel
clk_0005885,imp_00055391,2026-08-14 08:40:03,usr_001615,merch_0181,search_sponsored_item
clk_0003797,imp_00036056,2026-08-14 08:47:40,usr_003369,merch_0163,feed_banner_top
clk_0001143,imp_00010651,2026-08-14 08:58:18,usr_000769,merch_0104,search_sponsored_item
clk_0003004,imp_00028508,2026-08-14 09:41:39,usr_002232,merch_0199,search_sponsored_item
clk_0005660,imp_00053355,2026-08-14 09:51:45,usr_002561,merch_0071,search_sponsored_item
clk_0003875,imp_00036761,2026-08-14 10:31:30,usr_000716,merch_0104,search_sponsored_item
clk_0000242,imp_00002277,2026-08-14 10:37:11,usr_003834,merch_0138,category_highlight
clk_0003989,imp_00037710,2026-08-14 11:03:37,usr_004793,merch_0069,feed_banner_top
clk_0000333,imp_00003124,2026-08-14 11:09:11,usr_000447,merch_0040,feed_banner_top
clk_0000063,imp_00000613,2026-08-14 11:16:31,usr_004396,merch_0030,feed_banner_top
clk_0004442,imp_00041992,2026-08-14 11:36:35,usr_000656,merch_0030,post_order_carousel
clk_0004666,imp_00044046,2026-08-14 11:42:10,usr_004657,merch_0186,search_sponsored_item
clk_0000998,imp_00009210,2026-08-14 11:51:00,usr_002153,merch_0162,feed_banner_top
clk_0003872,imp_00036725,2026-08-14 12:13:02,usr_002602,merch_0049,search_sponsored_item
clk_0002648,imp_00024936,2026-08-14 12:13:42,usr_004736,merch_0135,category_highlight
clk_0001069,imp_00009957,2026-08-14 12:17:14,usr_001550,merch_0060,post_order_carousel
clk_0000294,imp_00002744,2026-08-14 12:23:30,usr_004995,merch_0025,category_highlight
clk_0002350,imp_00022070,2026-08-14 12:42:36,usr_001224,merch_0104,feed_banner_top
clk_0002250,imp_00021116,2026-08-14 12:45:45,usr_000688,merch_0199,search_sponsored_item
clk_0001251,imp_00011592,2026-08-14 12:56:01,usr_000642,merch_0200,search_sponsored_item
clk_0002335,imp_00021957,2026-08-14 13:15:16,usr_001122,merch_0181,search_sponsored_item
clk_0000140,imp_00001315,2026-08-14 13:15:56,usr_004847,merch_0169,post_order_carousel
clk_0004105,imp_00038588,2026-08-14 13:20:32,usr_000893,merch_0138,search_sponsored_item
clk_0004205,imp_00039611,2026-08-14 13:24:35,usr_003443,merch_0016,post_order_carousel
clk_0000478,imp_00004413,2026-08-14 13:38:26,usr_001098,merch_0165,post_order_carousel
clk_0002160,imp_00020237,2026-08-14 13:45:11,usr_004227,merch_0024,post_order_carousel
clk_0002748,imp_00025986,2026-08-14 13:47:55,usr_004914,merch_0112,post_order_carousel
clk_0003774,imp_00035837,2026-08-14 13:48:01,usr_002912,merch_0163,search_sponsored_item
clk_0001550,imp_00014283,2026-08-14 14:11:30,usr_001175,merch_0104,feed_banner_top
clk_0002603,imp_00024438,2026-08-14 14:39:09,usr_002576,merch_0117,search_sponsored_item
clk_0004603,imp_00043518,2026-08-14 14:48:50,usr_003898,merch_0019,search_sponsored_item
clk_0000866,imp_00008143,2026-08-14 14:49:49,usr_001270,merch_0147,feed_banner_top
clk_0000951,imp_00008824,2026-08-14 14:56:08,usr_002670,merch_0186,post_order_carousel
clk_0003811,imp_00036141,2026-08-14 14:58:55,usr_002937,merch_0174,post_order_carousel
clk_0006236,imp_00059217,2026-08-14 15:18:10,usr_000238,merch_0045,post_order_carousel
clk_0004238,imp_00039874,2026-08-14 15:26:11,usr_001978,merch_0047,search_sponsored_item
clk_0005402,imp_00050976,2026-08-14 15:31:36,usr_004144,merch_0036,category_highlight
clk_0004359,imp_00041176,2026-08-14 15:34:47,usr_002095,merch_0033,search_sponsored_item
clk_0004002,imp_00037774,2026-08-14 15:48:30,usr_000232,merch_0045,feed_banner_top
clk_0004703,imp_00044394,2026-08-14 15:53:53,usr_000203,merch_0165,search_sponsored_item
clk_0002112,imp_00019669,2026-08-14 15:54:39,usr_001869,merch_0019,post_order_carousel
clk_0000574,imp_00005209,2026-08-14 15:55:11,usr_002242,merch_0037,feed_banner_top
clk_0004125,imp_00038801,2026-08-14 16:35:46,usr_001814,merch_0052,post_order_carousel
clk_0003885,imp_00036821,2026-08-14 17:15:24,usr_000841,merch_0125,search_sponsored_item
clk_0005897,imp_00055486,2026-08-14 17:56:10,usr_000192,merch_0130,search_sponsored_item
clk_0002259,imp_00021217,2026-08-14 18:02:03,usr_001703,merch_0168,search_sponsored_item
clk_0003614,imp_00034423,2026-08-14 18:02:04,usr_001473,merch_0097,search_sponsored_item
clk_0005740,imp_00054096,2026-08-14 18:09:44,usr_001464,merch_0161,feed_banner_top
clk_0003762,imp_00035725,2026-08-14 18:20:32,usr_004373,merch_0033,feed_banner_top
clk_0003138,imp_00029839,2026-08-14 18:46:50,usr_004384,merch_0089,feed_banner_top
clk_0005205,imp_00048953,2026-08-14 18:51:34,usr_001751,merch_0060,feed_banner_top
clk_0003722,imp_00035369,2026-08-14 18:58:22,usr_002485,merch_0174,category_highlight
clk_0003018,imp_00028603,2026-08-14 18:58:49,usr_004474,merch_0200,category_highlight
clk_0000709,imp_00006519,2026-08-14 19:08:12,usr_000461,merch_0161,search_sponsored_item
clk_0000785,imp_00007361,2026-08-14 19:10:11,usr_004127,merch_0015,feed_banner_top
clk_0004178,imp_00039344,2026-08-14 19:23:22,usr_003126,merch_0169,search_sponsored_item
clk_0000385,imp_00003649,2026-08-14 19:25:08,usr_002311,merch_0024,feed_banner_top
clk_0000918,imp_00008562,2026-08-14 19:30:35,usr_003578,merch_0188,post_order_carousel
clk_0005698,imp_00053748,2026-08-14 19:35:27,usr_004694,merch_0148,feed_banner_top
clk_0003030,imp_00028728,2026-08-14 19:49:24,usr_002198,merch_0163,search_sponsored_item
clk_0005822,imp_00054902,2026-08-14 19:53:49,usr_001083,merch_0149,search_sponsored_item
clk_0002535,imp_00023786,2026-08-14 19:58:11,usr_004751,merch_0141,post_order_carousel
clk_0005175,imp_00048637,2026-08-14 19:58:23,usr_000401,merch_0149,search_sponsored_item
clk_0002830,imp_00026903,2026-08-14 20:12:19,usr_002955,merch_0045,category_highlight
clk_0001256,imp_00011664,2026-08-14 20:15:25,usr_004164,merch_0030,search_sponsored_item
clk_0003764,imp_00035731,2026-08-14 20:25:47,usr_002588,merch_0124,search_sponsored_item
clk_0003555,imp_00033839,2026-08-14 20:37:35,usr_003044,merch_0147,search_sponsored_item
clk_0004560,imp_00043093,2026-08-14 20:53:41,usr_000574,merch_0169,category_highlight
clk_0002220,imp_00020820,2026-08-14 21:03:48,usr_004661,merch_0103,search_sponsored_item
clk_0005667,imp_00053446,2026-08-14 21:20:32,usr_000104,merch_0032,search_sponsored_item
clk_0002341,imp_00021999,2026-08-14 21:30:53,usr_004582,merch_0147,feed_banner_top
clk_0005449,imp_00051420,2026-08-14 21:43:34,usr_001352,merch_0131,feed_banner_top
clk_0006031,imp_00056928,2026-08-14 21:45:53,usr_000220,merch_0083,category_highlight
clk_0005620,imp_00053011,2026-08-14 21:53:46,usr_000390,merch_0135,search_sponsored_item
clk_0003033,imp_00028820,2026-08-14 21:57:57,usr_002719,merch_0034,feed_banner_top
clk_0003327,imp_00031555,2026-08-14 22:00:27,usr_002465,merch_0163,search_sponsored_item
clk_0001324,imp_00012299,2026-08-14 22:03:10,usr_003091,merch_0196,search_sponsored_item
clk_0000217,imp_00002057,2026-08-14 22:06:41,usr_002764,merch_0001,feed_banner_top
clk_0003195,imp_00030430,2026-08-14 22:07:04,usr_001546,merch_0181,search_sponsored_item
clk_0000849,imp_00007939,2026-08-14 22:13:19,usr_001791,merch_0017,feed_banner_top
clk_0005215,imp_00049072,2026-08-14 22:20:06,usr_002392,merch_0078,search_sponsored_item
clk_0004112,imp_00038641,2026-08-14 22:27:18,usr_004384,merch_0085,category_highlight
clk_0005566,imp_00052531,2026-08-14 22:27:31,usr_000028,merch_0135,search_sponsored_item
clk_0002402,imp_00022676,2026-08-14 22:28:59,usr_003913,merch_0015,search_sponsored_item
clk_0005301,imp_00049864,2026-08-14 22:42:22,usr_003152,merch_0125,search_sponsored_item
clk_0003237,imp_00030785,2026-08-14 23:11:37,usr_004460,merch_0071,search_sponsored_item
clk_0002990,imp_00028353,2026-08-14 23:14:41,usr_004606,merch_0019,search_sponsored_item
clk_0002273,imp_00021292,2026-08-14 23:17:32,usr_000565,merch_0142,search_sponsored_item
clk_0000040,imp_00000412,2026-08-14 23:18:41,usr_002598,merch_0138,search_sponsored_item
clk_0004999,imp_00046911,2026-08-14 23:19:40,usr_000996,merch_0086,post_order_carousel
clk_0005824,imp_00054924,2026-08-14 23:31:31,usr_002085,merch_0188,search_sponsored_item
clk_0000245,imp_00002305,2026-08-14 23:38:06,usr_000557,merch_0044,search_sponsored_item
clk_0006309,imp_00059916,2026-08-14 23:44:36,usr_003337,merch_0017,search_sponsored_item
clk_0002964,imp_00028127,2026-08-14 23:52:36,usr_003138,merch_0163,feed_banner_top
clk_0001263,imp_00011700,2026-08-15 00:12:11,usr_003625,merch_0052,search_sponsored_item
clk_0004768,imp_00044935,2026-08-15 00:24:28,usr_002577,merch_0163,post_order_carousel
clk_0002145,imp_00020045,2026-08-15 00:28:22,usr_000596,merch_0023,post_order_carousel
clk_0000058,imp_00000559,2026-08-15 00:31:22,usr_001420,merch_0183,search_sponsored_item
clk_0004253,imp_00040070,2026-08-15 00:37:31,usr_003657,merch_0170,search_sponsored_item
clk_0001769,imp_00016319,2026-08-15 00:40:58,usr_000388,merch_0141,post_order_carousel
clk_0000731,imp_00006834,2026-08-15 00:45:18,usr_002107,merch_0174,search_sponsored_item
clk_0006152,imp_00058242,2026-08-15 00:49:49,usr_001967,merch_0165,post_order_carousel
clk_0001075,imp_00009996,2026-08-15 00:54:16,usr_004923,merch_0168,feed_banner_top
clk_0000886,imp_00008306,2026-08-15 01:03:20,usr_004355,merch_0138,search_sponsored_item
clk_0001021,imp_00009437,2026-08-15 01:18:38,usr_001860,merch_0200,post_order_carousel
clk_0003425,imp_00032631,2026-08-15 01:35:16,usr_000187,merch_0041,post_order_carousel
clk_0005331,imp_00050143,2026-08-15 01:38:03,usr_001785,merch_0016,search_sponsored_item
clk_0004917,imp_00046250,2026-08-15 01:56:42,usr_000878,merch_0170,search_sponsored_item
clk_0005108,imp_00048035,2026-08-15 01:57:59,usr_000159,merch_0036,feed_banner_top
clk_0006090,imp_00057586,2026-08-15 02:16:17,usr_002548,merch_0052,search_sponsored_item
clk_0000041,imp_00000413,2026-08-15 02:24:13,usr_003233,merch_0040,post_order_carousel
clk_0000766,imp_00007133,2026-08-15 02:26:27,usr_002092,merch_0154,search_sponsored_item
clk_0000720,imp_00006670,2026-08-15 02:31:49,usr_004147,merch_0142,search_sponsored_item
clk_0002055,imp_00019073,2026-08-15 02:42:21,usr_002789,merch_0186,search_sponsored_item
clk_0000196,imp_00001879,2026-08-15 03:00:50,usr_001912,merch_0024,category_highlight
clk_0001183,imp_00011133,2026-08-15 03:21:45,usr_001149,merch_0097,search_sponsored_item
clk_0005509,imp_00052016,2026-08-15 03:47:35,usr_002408,merch_0138,search_sponsored_item
clk_0001593,imp_00014774,2026-08-15 03:52:42,usr_000079,merch_0140,post_order_carousel
clk_0002835,imp_00026957,2026-08-15 03:56:42,usr_000894,merch_0147,post_order_carousel
clk_0005282,imp_00049726,2026-08-15 04:06:13,usr_003380,merch_0135,post_order_carousel
clk_0004453,imp_00042135,2026-08-15 04:12:31,usr_002502,merch_0083,feed_banner_top
clk_0003441,imp_00032763,2026-08-15 04:31:48,usr_002559,merch_0037,feed_banner_top
clk_0000248,imp_00002323,2026-08-15 04:41:34,usr_002574,merch_0125,search_sponsored_item
clk_0002188,imp_00020546,2026-08-15 04:45:55,usr_000095,merch_0033,search_sponsored_item
clk_0000931,imp_00008680,2026-08-15 05:11:15,usr_001894,merch_0047,feed_banner_top
clk_0005045,imp_00047424,2026-08-15 05:30:21,usr_002969,merch_0052,search_sponsored_item
clk_0006157,imp_00058291,2026-08-15 05:37:25,usr_004562,merch_0058,feed_banner_top
clk_0003466,imp_00032994,2026-08-15 05:50:28,usr_000767,merch_0161,search_sponsored_item
clk_0003156,imp_00029967,2026-08-15 05:57:56,usr_001571,merch_0140,search_sponsored_item
clk_0000724,imp_00006736,2026-08-15 06:10:05,usr_003172,merch_0071,search_sponsored_item
clk_0002224,imp_00020834,2026-08-15 06:29:12,usr_003118,merch_0071,post_order_carousel
clk_0002726,imp_00025786,2026-08-15 06:32:51,usr_003045,merch_0041,post_order_carousel
clk_0002359,imp_00022181,2026-08-15 06:49:47,usr_004193,merch_0199,feed_banner_top
clk_0001225,imp_00011413,2026-08-15 06:49:53,usr_002623,merch_0148,post_order_carousel
clk_0003971,imp_00037505,2026-08-15 06:58:47,usr_000967,merch_0041,search_sponsored_item
clk_0004045,imp_00038123,2026-08-15 07:02:19,usr_000046,merch_0186,feed_banner_top
clk_0005680,imp_00053562,2026-08-15 07:04:37,usr_003466,merch_0072,search_sponsored_item
clk_0003623,imp_00034529,2026-08-15 07:12:15,usr_003234,merch_0094,search_sponsored_item
clk_0003680,imp_00035123,2026-08-15 07:17:44,usr_002644,merch_0147,search_sponsored_item
clk_0006012,imp_00056742,2026-08-15 07:19:02,usr_003843,merch_0039,search_sponsored_item
clk_0000634,imp_00005818,2026-08-15 07:55:32,usr_002576,merch_0033,feed_banner_top
clk_0000260,imp_00002415,2026-08-15 08:11:18,usr_003213,merch_0196,feed_banner_top
clk_0005475,imp_00051660,2026-08-15 08:12:11,usr_001392,merch_0076,category_highlight
clk_0006068,imp_00057382,2026-08-15 08:14:17,usr_001753,merch_0140,post_order_carousel
clk_0000291,imp_00002737,2026-08-15 08:32:16,usr_000911,merch_0154,search_sponsored_item
clk_0005306,imp_00049890,2026-08-15 08:36:26,usr_000379,merch_0183,search_sponsored_item
clk_0000324,imp_00003055,2026-08-15 08:37:01,usr_001565,merch_0001,feed_banner_top
clk_0001938,imp_00017856,2026-08-15 08:58:52,usr_000056,merch_0117,search_sponsored_item
clk_0002232,imp_00020924,2026-08-15 09:02:23,usr_004252,merch_0148,feed_banner_top
clk_0002566,imp_00024095,2026-08-15 09:07:25,usr_000064,merch_0017,search_sponsored_item
clk_0001770,imp_00016321,2026-08-15 09:53:59,usr_003421,merch_0149,search_sponsored_item
clk_0001719,imp_00015858,2026-08-15 10:01:27,usr_004076,merch_0025,search_sponsored_item
clk_0003931,imp_00037190,2026-08-15 10:03:17,usr_001981,merch_0119,search_sponsored_item
clk_0005774,imp_00054462,2026-08-15 10:16:37,usr_004454,merch_0069,search_sponsored_item
clk_0005605,imp_00052900,2026-08-15 10:17:19,usr_000013,merch_0041,post_order_carousel
clk_0004155,imp_00039140,2026-08-15 10:20:34,usr_002813,merch_0072,feed_banner_top
clk_0002710,imp_00025628,2026-08-15 10:26:36,usr_000933,merch_0186,post_order_carousel
clk_0005850,imp_00055140,2026-08-15 10:49:53,usr_003262,merch_0023,post_order_carousel
clk_0002446,imp_00023041,2026-08-15 11:17:16,usr_004055,merch_0049,feed_banner_top
clk_0002536,imp_00023797,2026-08-15 11:23:08,usr_001255,merch_0168,search_sponsored_item
clk_0001325,imp_00012300,2026-08-15 11:23:52,usr_001813,merch_0031,search_sponsored_item
clk_0002781,imp_00026354,2026-08-15 11:29:36,usr_004493,merch_0112,search_sponsored_item
clk_0005584,imp_00052717,2026-08-15 11:45:10,usr_003144,merch_0168,feed_banner_top
clk_0000949,imp_00008810,2026-08-15 11:51:57,usr_002215,merch_0154,search_sponsored_item
clk_0003809,imp_00036111,2026-08-15 11:57:27,usr_003461,merch_0024,search_sponsored_item
clk_0004198,imp_00039537,2026-08-15 12:10:01,usr_004355,merch_0196,post_order_carousel
clk_0005140,imp_00048303,2026-08-15 12:18:16,usr_000019,merch_0077,category_highlight
clk_0003907,imp_00036987,2026-08-15 12:22:18,usr_003414,merch_0056,feed_banner_top
clk_0000339,imp_00003205,2026-08-15 12:27:43,usr_003276,merch_0039,search_sponsored_item
clk_0004826,imp_00045394,2026-08-15 12:40:55,usr_003587,merch_0142,feed_banner_top
clk_0004348,imp_00041046,2026-08-15 12:46:39,usr_000419,merch_0188,post_order_carousel
clk_0005061,imp_00047573,2026-08-15 12:47:37,usr_000761,merch_0103,search_sponsored_item
clk_0000110,imp_00001000,2026-08-15 13:04:46,usr_004030,merch_0142,search_sponsored_item
clk_0001278,imp_00011842,2026-08-15 13:07:02,usr_000279,merch_0104,post_order_carousel
clk_0002466,imp_00023148,2026-08-15 13:13:22,usr_000047,merch_0119,search_sponsored_item
clk_0006191,imp_00058641,2026-08-15 13:37:02,usr_001483,merch_0140,feed_banner_top
clk_0001357,imp_00012549,2026-08-15 13:38:08,usr_001136,merch_0186,search_sponsored_item
clk_0003199,imp_00030471,2026-08-15 13:47:38,usr_000220,merch_0092,search_sponsored_item
clk_0003964,imp_00037469,2026-08-15 14:20:03,usr_004167,merch_0140,search_sponsored_item
clk_0002216,imp_00020789,2026-08-15 14:58:30,usr_003068,merch_0152,search_sponsored_item
clk_0005524,imp_00052134,2026-08-15 15:33:45,usr_001960,merch_0059,search_sponsored_item
clk_0004102,imp_00038566,2026-08-15 15:51:15,usr_000271,merch_0023,post_order_carousel
clk_0002750,imp_00026016,2026-08-15 15:52:54,usr_004242,merch_0083,search_sponsored_item
clk_0004543,imp_00042907,2026-08-15 16:08:04,usr_000076,merch_0094,feed_banner_top
clk_0004762,imp_00044871,2026-08-15 16:21:48,usr_001244,merch_0047,search_sponsored_item
clk_0002248,imp_00021102,2026-08-15 16:25:26,usr_001707,merch_0149,search_sponsored_item
clk_0004933,imp_00046385,2026-08-15 16:27:09,usr_002141,merch_0170,search_sponsored_item
clk_0005743,imp_00054111,2026-08-15 16:30:54,usr_002120,merch_0008,search_sponsored_item
clk_0004061,imp_00038291,2026-08-15 16:31:34,usr_003901,merch_0124,post_order_carousel
clk_0001409,imp_00013040,2026-08-15 16:36:58,usr_003780,merch_0016,search_sponsored_item
clk_0001575,imp_00014537,2026-08-15 16:37:00,usr_004829,merch_0111,search_sponsored_item
clk_0001528,imp_00014120,2026-08-15 16:46:10,usr_002645,merch_0124,category_highlight
clk_0001736,imp_00016030,2026-08-15 16:50:30,usr_004589,merch_0142,search_sponsored_item
clk_0003293,imp_00031315,2026-08-15 16:54:06,usr_001040,merch_0034,feed_banner_top
clk_0004594,imp_00043446,2026-08-15 17:05:25,usr_000775,merch_0056,search_sponsored_item
clk_0002941,imp_00027972,2026-08-15 17:23:47,usr_000097,merch_0097,search_sponsored_item
clk_0002826,imp_00026847,2026-08-15 17:33:32,usr_002306,merch_0178,post_order_carousel
clk_0005168,imp_00048603,2026-08-15 17:42:02,usr_003698,merch_0030,post_order_carousel
clk_0006193,imp_00058760,2026-08-15 17:49:18,usr_001609,merch_0004,search_sponsored_item
clk_0003485,imp_00033148,2026-08-15 18:10:54,usr_003984,merch_0032,category_highlight
clk_0004922,imp_00046296,2026-08-15 18:13:45,usr_002285,merch_0181,post_order_carousel
clk_0002983,imp_00028297,2026-08-15 18:46:12,usr_001253,merch_0056,post_order_carousel
clk_0006166,imp_00058410,2026-08-15 18:58:35,usr_001144,merch_0015,category_highlight
clk_0003625,imp_00034537,2026-08-15 19:21:24,usr_000430,merch_0030,feed_banner_top
clk_0004386,imp_00041488,2026-08-15 19:39:20,usr_004110,merch_0059,search_sponsored_item
clk_0004473,imp_00042276,2026-08-15 19:45:46,usr_003718,merch_0147,search_sponsored_item
clk_0000664,imp_00006158,2026-08-15 20:00:01,usr_002451,merch_0117,search_sponsored_item
clk_0004120,imp_00038726,2026-08-15 20:00:59,usr_002765,merch_0162,search_sponsored_item
clk_0004067,imp_00038333,2026-08-15 20:04:25,usr_002989,merch_0165,category_highlight
clk_0000956,imp_00008854,2026-08-15 20:13:27,usr_004344,merch_0168,feed_banner_top
clk_0001581,imp_00014624,2026-08-15 20:13:27,usr_000353,merch_0111,search_sponsored_item
clk_0000237,imp_00002242,2026-08-15 20:18:52,usr_004859,merch_0183,feed_banner_top
clk_0003533,imp_00033587,2026-08-15 21:09:32,usr_003534,merch_0060,search_sponsored_item
clk_0002678,imp_00025286,2026-08-15 21:19:07,usr_000934,merch_0049,feed_banner_top
clk_0005676,imp_00053536,2026-08-15 21:21:26,usr_000621,merch_0100,search_sponsored_item
clk_0005437,imp_00051294,2026-08-15 21:57:27,usr_000249,merch_0032,search_sponsored_item
clk_0004797,imp_00045176,2026-08-15 22:12:58,usr_002499,merch_0135,feed_banner_top
clk_0000976,imp_00009028,2026-08-15 22:12:59,usr_004440,merch_0060,post_order_carousel
clk_0005595,imp_00052818,2026-08-15 22:13:30,usr_000519,merch_0186,search_sponsored_item
clk_0002844,imp_00027075,2026-08-15 22:35:57,usr_000019,merch_0144,feed_banner_top
clk_0005243,imp_00049320,2026-08-15 22:59:41,usr_000085,merch_0030,feed_banner_top
clk_0002434,imp_00022960,2026-08-15 23:05:54,usr_000086,merch_0148,feed_banner_top
clk_0002947,imp_00028010,2026-08-15 23:13:53,usr_004529,merch_0072,search_sponsored_item
clk_0004217,imp_00039730,2026-08-15 23:26:19,usr_000642,merch_0135,search_sponsored_item
clk_0004992,imp_00046847,2026-08-15 23:27:31,usr_000497,merch_0124,post_order_carousel
clk_0001436,imp_00013225,2026-08-15 23:28:56,usr_001040,merch_0111,post_order_carousel
clk_0005887,imp_00055403,2026-08-15 23:41:38,usr_004993,merch_0079,search_sponsored_item
clk_0001490,imp_00013748,2026-08-15 23:46:47,usr_000139,merch_0079,post_order_carousel
clk_0006028,imp_00056894,2026-08-16 00:26:52,usr_003976,merch_0032,search_sponsored_item
clk_0005067,imp_00047626,2026-08-16 00:32:53,usr_001180,merch_0150,feed_banner_top
clk_0002292,imp_00021470,2026-08-16 01:05:50,usr_002330,merch_0017,feed_banner_top
clk_0001498,imp_00013838,2026-08-16 01:06:32,usr_002585,merch_0119,category_highlight
clk_0003281,imp_00031211,2026-08-16 01:13:22,usr_000727,merch_0130,category_highlight
clk_0001343,imp_00012475,2026-08-16 01:31:38,usr_002552,merch_0110,feed_banner_top
clk_0004830,imp_00045405,2026-08-16 02:05:27,usr_000987,merch_0144,search_sponsored_item
clk_0001377,imp_00012740,2026-08-16 02:06:29,usr_001481,merch_0147,search_sponsored_item
clk_0000197,imp_00001881,2026-08-16 02:07:01,usr_003115,merch_0004,post_order_carousel
clk_0002078,imp_00019290,2026-08-16 02:07:08,usr_004049,merch_0039,search_sponsored_item
clk_0004515,imp_00042620,2026-08-16 02:13:49,usr_004898,merch_0178,post_order_carousel
clk_0005251,imp_00049379,2026-08-16 02:16:30,usr_004939,merch_0044,feed_banner_top
clk_0000011,imp_00000126,2026-08-16 02:23:14,usr_000939,merch_0044,feed_banner_top
clk_0005162,imp_00048522,2026-08-16 02:34:46,usr_002001,merch_0059,search_sponsored_item
clk_0003914,imp_00037082,2026-08-16 02:38:12,usr_002143,merch_0023,feed_banner_top
clk_0005075,imp_00047721,2026-08-16 02:41:03,usr_000430,merch_0030,feed_banner_top
clk_0000561,imp_00005073,2026-08-16 02:46:24,usr_004403,merch_0040,search_sponsored_item
clk_0001950,imp_00017952,2026-08-16 02:55:47,usr_004437,merch_0037,search_sponsored_item
clk_0004466,imp_00042207,2026-08-16 03:03:11,usr_003534,merch_0060,search_sponsored_item
clk_0004521,imp_00042685,2026-08-16 03:17:17,usr_003693,merch_0019,search_sponsored_item
clk_0001174,imp_00011022,2026-08-16 03:17:19,usr_002718,merch_0004,search_sponsored_item
clk_0002673,imp_00025258,2026-08-16 03:39:17,usr_002191,merch_0168,feed_banner_top
clk_0005342,imp_00050272,2026-08-16 03:40:24,usr_003672,merch_0186,feed_banner_top
clk_0003474,imp_00033070,2026-08-16 04:02:59,usr_002138,merch_0149,post_order_carousel
clk_0002794,imp_00026488,2026-08-16 04:12:56,usr_000639,merch_0138,category_highlight
clk_0000666,imp_00006170,2026-08-16 04:16:45,usr_000007,merch_0015,search_sponsored_item
clk_0001426,imp_00013166,2026-08-16 04:29:23,usr_003248,merch_0199,feed_banner_top
clk_0001673,imp_00015468,2026-08-16 04:30:44,usr_002673,merch_0032,feed_banner_top
clk_0005841,imp_00055102,2026-08-16 04:58:33,usr_003908,merch_0069,search_sponsored_item
clk_0001634,imp_00015111,2026-08-16 05:08:17,usr_004962,merch_0131,category_highlight
clk_0004365,imp_00041258,2026-08-16 05:15:38,usr_001774,merch_0001,feed_banner_top
clk_0005496,imp_00051849,2026-08-16 05:16:10,usr_003125,merch_0154,post_order_carousel
clk_0001571,imp_00014501,2026-08-16 05:18:29,usr_001882,merch_0186,feed_banner_top
clk_0002503,imp_00023464,2026-08-16 05:19:38,usr_000987,merch_0001,search_sponsored_item
clk_0002746,imp_00025972,2026-08-16 05:21:11,usr_004427,merch_0161,search_sponsored_item
clk_0001700,imp_00015694,2026-08-16 05:29:43,usr_004180,merch_0165,category_highlight
clk_0004507,imp_00042546,2026-08-16 05:51:53,usr_000269,merch_0034,search_sponsored_item
clk_0005634,imp_00053136,2026-08-16 05:55:43,usr_003595,merch_0030,feed_banner_top
clk_0000776,imp_00007235,2026-08-16 05:56:11,usr_000471,merch_0163,feed_banner_top
clk_0006240,imp_00059261,2026-08-16 06:08:53,usr_002435,merch_0170,search_sponsored_item
clk_0001991,imp_00018462,2026-08-16 06:09:52,usr_000811,merch_0142,search_sponsored_item
clk_0002149,imp_00020069,2026-08-16 06:32:04,usr_004130,merch_0103,feed_banner_top
clk_0003193,imp_00030402,2026-08-16 06:32:50,usr_003175,merch_0150,search_sponsored_item
clk_0005214,imp_00049053,2026-08-16 06:36:45,usr_000764,merch_0058,search_sponsored_item
clk_0003449,imp_00032841,2026-08-16 06:45:58,usr_000428,merch_0163,search_sponsored_item
clk_0004009,imp_00037844,2026-08-16 06:51:29,usr_003340,merch_0016,feed_banner_top
clk_0002481,imp_00023240,2026-08-16 06:54:58,usr_000695,merch_0015,search_sponsored_item
clk_0003191,imp_00030392,2026-08-16 07:29:07,usr_000283,merch_0117,search_sponsored_item
clk_0002841,imp_00027048,2026-08-16 07:31:09,usr_001411,merch_0161,feed_banner_top
clk_0003603,imp_00034341,2026-08-16 07:34:54,usr_002336,merch_0031,feed_banner_top
clk_0004089,imp_00038484,2026-08-16 07:47:57,usr_002274,merch_0058,search_sponsored_item
clk_0000797,imp_00007517,2026-08-16 08:21:11,usr_002754,merch_0196,category_highlight
clk_0005307,imp_00049895,2026-08-16 08:31:08,usr_003477,merch_0196,feed_banner_top
clk_0001925,imp_00017765,2026-08-16 08:31:45,usr_000180,merch_0078,feed_banner_top
clk_0006308,imp_00059908,2026-08-16 08:54:01,usr_001034,merch_0154,search_sponsored_item
clk_0005050,imp_00047495,2026-08-16 09:00:59,usr_004243,merch_0186,feed_banner_top
clk_0005749,imp_00054171,2026-08-16 09:01:42,usr_004808,merch_0178,post_order_carousel
clk_0001211,imp_00011314,2026-08-16 09:17:51,usr_002233,merch_0041,feed_banner_top
clk_0001695,imp_00015624,2026-08-16 09:18:36,usr_002730,merch_0188,category_highlight
clk_0004574,imp_00043217,2026-08-16 09:30:51,usr_004556,merch_0168,search_sponsored_item
clk_0001296,imp_00012036,2026-08-16 09:35:04,usr_004519,merch_0103,search_sponsored_item
clk_0002231,imp_00020911,2026-08-16 09:35:35,usr_002489,merch_0039,feed_banner_top
clk_0005456,imp_00051481,2026-08-16 09:35:41,usr_002723,merch_0056,feed_banner_top
clk_0002118,imp_00019742,2026-08-16 09:36:41,usr_000479,merch_0058,feed_banner_top
clk_0005641,imp_00053195,2026-08-16 10:01:11,usr_001657,merch_0119,search_sponsored_item
clk_0002813,imp_00026729,2026-08-16 10:08:49,usr_001555,merch_0097,search_sponsored_item
clk_0004664,imp_00044042,2026-08-16 10:12:03,usr_000596,merch_0039,search_sponsored_item
clk_0003096,imp_00029445,2026-08-16 10:19:50,usr_002911,merch_0085,post_order_carousel
clk_0001269,imp_00011729,2026-08-16 10:37:29,usr_004154,merch_0060,search_sponsored_item
clk_0000489,imp_00004477,2026-08-16 10:54:17,usr_000788,merch_0037,search_sponsored_item
clk_0004418,imp_00041789,2026-08-16 10:59:10,usr_003090,merch_0163,feed_banner_top
clk_0003799,imp_00036064,2026-08-16 11:20:38,usr_003929,merch_0044,feed_banner_top
clk_0006131,imp_00058077,2026-08-16 11:22:48,usr_001621,merch_0047,feed_banner_top
clk_0005298,imp_00049840,2026-08-16 11:27:22,usr_004680,merch_0124,search_sponsored_item
clk_0005972,imp_00056321,2026-08-16 11:31:00,usr_000288,merch_0186,search_sponsored_item
clk_0006194,imp_00058764,2026-08-16 11:32:46,usr_000292,merch_0142,search_sponsored_item
clk_0002559,imp_00024030,2026-08-16 11:33:12,usr_004580,merch_0058,feed_banner_top
clk_0005745,imp_00054142,2026-08-16 11:41:13,usr_003430,merch_0165,feed_banner_top
clk_0001704,imp_00015724,2026-08-16 11:45:18,usr_001051,merch_0174,search_sponsored_item
clk_0005219,imp_00049110,2026-08-16 12:13:12,usr_002665,merch_0086,post_order_carousel
clk_0004995,imp_00046886,2026-08-16 12:41:39,usr_002624,merch_0086,search_sponsored_item
clk_0005830,imp_00054979,2026-08-16 13:04:20,usr_003907,merch_0186,search_sponsored_item
clk_0001431,imp_00013186,2026-08-16 13:21:12,usr_001608,merch_0130,search_sponsored_item
clk_0003607,imp_00034364,2026-08-16 13:39:00,usr_003790,merch_0103,post_order_carousel
clk_0000904,imp_00008473,2026-08-16 13:57:23,usr_002180,merch_0150,search_sponsored_item
clk_0002696,imp_00025506,2026-08-16 14:03:21,usr_002031,merch_0071,search_sponsored_item
clk_0004927,imp_00046353,2026-08-16 14:10:22,usr_000561,merch_0161,feed_banner_top
clk_0004228,imp_00039779,2026-08-16 14:19:55,usr_003827,merch_0079,search_sponsored_item
clk_0006233,imp_00059193,2026-08-16 14:28:32,usr_000560,merch_0112,search_sponsored_item
clk_0001137,imp_00010593,2026-08-16 14:38:55,usr_004069,merch_0019,search_sponsored_item
clk_0004246,imp_00039970,2026-08-16 15:05:11,usr_000726,merch_0033,search_sponsored_item
clk_0000114,imp_00001036,2026-08-16 15:11:41,usr_002320,merch_0148,feed_banner_top
clk_0004327,imp_00040855,2026-08-16 15:18:18,usr_001328,merch_0140,search_sponsored_item
clk_0002337,imp_00021972,2026-08-16 15:21:54,usr_000572,merch_0124,search_sponsored_item
clk_0006232,imp_00059191,2026-08-16 15:23:23,usr_000647,merch_0024,search_sponsored_item
clk_0000687,imp_00006364,2026-08-16 15:26:50,usr_003702,merch_0025,feed_banner_top
clk_0001417,imp_00013110,2026-08-16 15:46:53,usr_002031,merch_0163,feed_banner_top
clk_0003766,imp_00035744,2026-08-16 15:48:04,usr_003909,merch_0141,search_sponsored_item
clk_0001992,imp_00018470,2026-08-16 15:54:42,usr_002262,merch_0125,search_sponsored_item
clk_0003386,imp_00032202,2026-08-16 15:56:07,usr_002401,merch_0001,post_order_carousel
clk_0000900,imp_00008422,2026-08-16 15:57:03,usr_002743,merch_0060,search_sponsored_item
clk_0006222,imp_00059092,2026-08-16 15:59:23,usr_000141,merch_0071,search_sponsored_item
clk_0002713,imp_00025644,2026-08-16 16:17:28,usr_001448,merch_0052,search_sponsored_item
clk_0002613,imp_00024559,2026-08-16 16:37:06,usr_004529,merch_0047,category_highlight
clk_0005110,imp_00048074,2026-08-16 16:37:28,usr_004861,merch_0152,search_sponsored_item
clk_0002886,imp_00027424,2026-08-16 16:42:31,usr_001318,merch_0079,feed_banner_top
clk_0002193,imp_00020597,2026-08-16 16:56:23,usr_004467,merch_0165,feed_banner_top
clk_0003528,imp_00033529,2026-08-16 17:34:50,usr_000859,merch_0062,post_order_carousel
clk_0000655,imp_00006082,2026-08-16 17:41:59,usr_000055,merch_0001,search_sponsored_item
clk_0005816,imp_00054848,2026-08-16 17:54:57,usr_003085,merch_0019,post_order_carousel
clk_0000379,imp_00003556,2026-08-16 17:55:55,usr_002154,merch_0163,feed_banner_top
clk_0003553,imp_00033826,2026-08-16 17:56:12,usr_002198,merch_0079,search_sponsored_item
clk_0000112,imp_00001020,2026-08-16 18:05:27,usr_000926,merch_0168,search_sponsored_item
clk_0002506,imp_00023472,2026-08-16 18:18:47,usr_003781,merch_0186,search_sponsored_item
clk_0003691,imp_00035181,2026-08-16 18:34:22,usr_003343,merch_0004,feed_banner_top
clk_0004168,imp_00039251,2026-08-16 18:44:31,usr_004108,merch_0045,search_sponsored_item
clk_0005152,imp_00048411,2026-08-16 18:56:58,usr_003254,merch_0069,search_sponsored_item
clk_0005844,imp_00055109,2026-08-16 18:58:33,usr_000359,merch_0119,search_sponsored_item
clk_0004811,imp_00045281,2026-08-16 19:19:54,usr_002484,merch_0024,search_sponsored_item
clk_0004347,imp_00041045,2026-08-16 19:29:51,usr_001183,merch_0032,post_order_carousel
clk_0000773,imp_00007208,2026-08-16 19:35:30,usr_003021,merch_0052,category_highlight
clk_0005302,imp_00049875,2026-08-16 19:37:04,usr_004054,merch_0152,feed_banner_top
clk_0006299,imp_00059823,2026-08-16 19:41:47,usr_002216,merch_0062,search_sponsored_item
clk_0002638,imp_00024829,2026-08-16 19:41:57,usr_000662,merch_0170,feed_banner_top
clk_0001200,imp_00011251,2026-08-16 19:52:17,usr_004607,merch_0052,search_sponsored_item
clk_0001244,imp_00011543,2026-08-16 20:06:16,usr_004272,merch_0045,feed_banner_top
clk_0002939,imp_00027939,2026-08-16 20:15:57,usr_000509,merch_0130,post_order_carousel
clk_0003802,imp_00036070,2026-08-16 20:19:31,usr_001171,merch_0168,search_sponsored_item
clk_0002157,imp_00020214,2026-08-16 20:20:31,usr_003142,merch_0149,search_sponsored_item
clk_0005134,imp_00048266,2026-08-16 20:21:11,usr_000781,merch_0076,post_order_carousel
clk_0002985,imp_00028308,2026-08-16 20:23:11,usr_001201,merch_0017,category_highlight
clk_0005716,imp_00053894,2026-08-16 20:48:29,usr_004053,merch_0144,search_sponsored_item
clk_0005084,imp_00047823,2026-08-16 20:56:00,usr_004652,merch_0030,search_sponsored_item
clk_0005027,imp_00047274,2026-08-16 20:57:21,usr_000841,merch_0111,search_sponsored_item
clk_0000064,imp_00000633,2026-08-16 21:20:30,usr_002313,merch_0086,search_sponsored_item
clk_0002641,imp_00024865,2026-08-16 22:08:26,usr_002183,merch_0092,feed_banner_top
clk_0005230,imp_00049190,2026-08-16 22:12:41,usr_003312,merch_0079,search_sponsored_item
clk_0002756,imp_00026057,2026-08-16 22:16:48,usr_001464,merch_0047,search_sponsored_item
clk_0002730,imp_00025830,2026-08-16 22:25:54,usr_001971,merch_0072,category_highlight
clk_0002346,imp_00022050,2026-08-16 22:32:51,usr_000303,merch_0152,search_sponsored_item
clk_0005218,imp_00049107,2026-08-16 22:46:10,usr_004617,merch_0104,post_order_carousel
clk_0002215,imp_00020772,2026-08-16 22:48:15,usr_004829,merch_0085,feed_banner_top
clk_0001859,imp_00017123,2026-08-16 22:55:45,usr_004397,merch_0044,post_order_carousel
clk_0005083,imp_00047806,2026-08-16 22:59:10,usr_001700,merch_0150,post_order_carousel
clk_0001140,imp_00010628,2026-08-16 23:15:41,usr_004483,merch_0083,search_sponsored_item
clk_0002858,imp_00027159,2026-08-16 23:18:06,usr_003127,merch_0017,search_sponsored_item
clk_0003166,imp_00030062,2026-08-16 23:18:29,usr_003001,merch_0044,search_sponsored_item
clk_0005293,imp_00049797,2026-08-17 00:15:14,usr_001852,merch_0004,search_sponsored_item
clk_0005285,imp_00049741,2026-08-17 00:15:49,usr_001437,merch_0174,search_sponsored_item
clk_0001117,imp_00010389,2026-08-17 00:39:27,usr_003756,merch_0016,search_sponsored_item
clk_0001900,imp_00017481,2026-08-17 00:45:34,usr_004883,merch_0039,feed_banner_top
clk_0001675,imp_00015477,2026-08-17 00:49:22,usr_000116,merch_0196,post_order_carousel
clk_0004877,imp_00045777,2026-08-17 01:00:19,usr_000492,merch_0078,search_sponsored_item
clk_0005727,imp_00053964,2026-08-17 01:03:01,usr_003397,merch_0147,feed_banner_top
clk_0005578,imp_00052664,2026-08-17 01:28:18,usr_000043,merch_0178,category_highlight
clk_0001529,imp_00014122,2026-08-17 02:14:16,usr_004127,merch_0170,post_order_carousel
clk_0002405,imp_00022713,2026-08-17 02:33:03,usr_004555,merch_0178,feed_banner_top
clk_0001450,imp_00013373,2026-08-17 02:41:51,usr_000294,merch_0170,feed_banner_top
clk_0002090,imp_00019430,2026-08-17 02:58:09,usr_003578,merch_0130,search_sponsored_item
clk_0001009,imp_00009320,2026-08-17 03:01:25,usr_003187,merch_0069,search_sponsored_item
clk_0000380,imp_00003581,2026-08-17 03:09:07,usr_000680,merch_0128,search_sponsored_item
clk_0003287,imp_00031270,2026-08-17 03:19:08,usr_003867,merch_0199,category_highlight
clk_0001166,imp_00010952,2026-08-17 03:22:03,usr_004948,merch_0086,category_highlight
clk_0004416,imp_00041782,2026-08-17 03:44:07,usr_004164,merch_0135,search_sponsored_item
clk_0001379,imp_00012760,2026-08-17 03:50:35,usr_002756,merch_0183,post_order_carousel
clk_0002482,imp_00023245,2026-08-17 03:50:40,usr_004898,merch_0092,search_sponsored_item
clk_0005970,imp_00056298,2026-08-17 03:52:14,usr_003038,merch_0032,post_order_carousel
clk_0001065,imp_00009933,2026-08-17 03:52:48,usr_001320,merch_0045,search_sponsored_item
clk_0000921,imp_00008595,2026-08-17 03:56:28,usr_002069,merch_0178,search_sponsored_item
clk_0001035,imp_00009557,2026-08-17 04:43:51,usr_002506,merch_0034,search_sponsored_item
clk_0003981,imp_00037622,2026-08-17 04:57:40,usr_000076,merch_0023,search_sponsored_item
clk_0005777,imp_00054489,2026-08-17 05:01:07,usr_000212,merch_0069,search_sponsored_item
clk_0005216,imp_00049073,2026-08-17 05:12:31,usr_001270,merch_0144,feed_banner_top
clk_0004041,imp_00038104,2026-08-17 05:34:40,usr_000073,merch_0094,search_sponsored_item
clk_0006246,imp_00059317,2026-08-17 05:36:52,usr_003072,merch_0147,search_sponsored_item
clk_0005001,imp_00046956,2026-08-17 05:52:31,usr_001406,merch_0131,search_sponsored_item
clk_0004377,imp_00041369,2026-08-17 06:18:59,usr_003809,merch_0024,search_sponsored_item
clk_0005691,imp_00053677,2026-08-17 06:24:35,usr_000532,merch_0104,search_sponsored_item
clk_0006302,imp_00059867,2026-08-17 07:00:04,usr_002742,merch_0023,category_highlight
clk_0002934,imp_00027894,2026-08-17 07:09:57,usr_001354,merch_0183,search_sponsored_item
clk_0004260,imp_00040156,2026-08-17 07:19:16,usr_002030,merch_0049,search_sponsored_item
clk_0003777,imp_00035878,2026-08-17 07:24:27,usr_002219,merch_0169,feed_banner_top
clk_0001316,imp_00012222,2026-08-17 07:27:09,usr_002870,merch_0144,search_sponsored_item
clk_0003718,imp_00035347,2026-08-17 07:36:26,usr_004575,merch_0199,search_sponsored_item
clk_0005982,imp_00056438,2026-08-17 07:45:45,usr_002416,merch_0056,search_sponsored_item
clk_0003021,imp_00028646,2026-08-17 08:21:42,usr_003108,merch_0163,search_sponsored_item
clk_0003119,imp_00029581,2026-08-17 08:28:16,usr_002608,merch_0163,search_sponsored_item
clk_0004068,imp_00038348,2026-08-17 08:48:45,usr_002744,merch_0150,feed_banner_top
clk_0000346,imp_00003238,2026-08-17 08:51:06,usr_002810,merch_0110,post_order_carousel
clk_0001693,imp_00015601,2026-08-17 09:00:13,usr_004567,merch_0117,feed_banner_top
clk_0000772,imp_00007201,2026-08-17 09:00:50,usr_000018,merch_0056,feed_banner_top
clk_0000926,imp_00008644,2026-08-17 09:02:59,usr_000814,merch_0071,search_sponsored_item
clk_0004046,imp_00038140,2026-08-17 09:10:57,usr_004759,merch_0044,search_sponsored_item
clk_0004720,imp_00044519,2026-08-17 09:27:41,usr_004522,merch_0094,feed_banner_top
clk_0004369,imp_00041303,2026-08-17 10:22:23,usr_001262,merch_0199,search_sponsored_item
clk_0000765,imp_00007130,2026-08-17 10:29:04,usr_003176,merch_0165,search_sponsored_item
clk_0004403,imp_00041664,2026-08-17 10:30:12,usr_002652,merch_0023,feed_banner_top
clk_0006036,imp_00056977,2026-08-17 10:58:48,usr_001304,merch_0110,feed_banner_top
clk_0000897,imp_00008382,2026-08-17 11:03:19,usr_002067,merch_0162,feed_banner_top
clk_0004693,imp_00044308,2026-08-17 11:13:23,usr_004457,merch_0150,feed_banner_top
clk_0000922,imp_00008611,2026-08-17 11:17:02,usr_002966,merch_0142,feed_banner_top
clk_0002982,imp_00028281,2026-08-17 11:40:37,usr_003609,merch_0086,feed_banner_top
clk_0002255,imp_00021165,2026-08-17 11:42:00,usr_003622,merch_0174,feed_banner_top
clk_0001291,imp_00012005,2026-08-17 11:48:36,usr_004360,merch_0092,feed_banner_top
clk_0004023,imp_00037948,2026-08-17 11:56:44,usr_002176,merch_0025,post_order_carousel
clk_0004064,imp_00038302,2026-08-17 12:01:23,usr_001061,merch_0128,post_order_carousel
clk_0000587,imp_00005393,2026-08-17 12:03:06,usr_002856,merch_0144,search_sponsored_item
clk_0000696,imp_00006438,2026-08-17 12:13:03,usr_003349,merch_0079,search_sponsored_item
clk_0004955,imp_00046537,2026-08-17 12:21:10,usr_004027,merch_0147,feed_banner_top
clk_0002567,imp_00024101,2026-08-17 12:49:58,usr_001772,merch_0058,search_sponsored_item
clk_0001851,imp_00017066,2026-08-17 13:13:05,usr_002679,merch_0196,search_sponsored_item
clk_0000257,imp_00002389,2026-08-17 13:26:24,usr_000794,merch_0077,search_sponsored_item
clk_0002976,imp_00028224,2026-08-17 13:27:24,usr_002606,merch_0124,feed_banner_top
clk_0000012,imp_00000131,2026-08-17 13:34:15,usr_003036,merch_0117,feed_banner_top
clk_0001332,imp_00012351,2026-08-17 13:37:38,usr_004763,merch_0097,feed_banner_top
clk_0005196,imp_00048850,2026-08-17 13:38:40,usr_002479,merch_0030,feed_banner_top
clk_0005345,imp_00050306,2026-08-17 13:40:04,usr_002578,merch_0052,feed_banner_top
clk_0004725,imp_00044558,2026-08-17 13:43:10,usr_001033,merch_0103,search_sponsored_item
clk_0005304,imp_00049881,2026-08-17 13:46:23,usr_000517,merch_0170,search_sponsored_item
clk_0002022,imp_00018741,2026-08-17 13:50:02,usr_002202,merch_0147,post_order_carousel
clk_0001510,imp_00013935,2026-08-17 14:04:31,usr_002202,merch_0148,category_highlight
clk_0005985,imp_00056464,2026-08-17 14:34:00,usr_004800,merch_0041,post_order_carousel
clk_0000193,imp_00001852,2026-08-17 14:38:26,usr_003095,merch_0037,search_sponsored_item
clk_0001132,imp_00010535,2026-08-17 15:13:00,usr_002520,merch_0125,search_sponsored_item
clk_0002344,imp_00022033,2026-08-17 15:19:57,usr_001679,merch_0036,search_sponsored_item
clk_0005346,imp_00050343,2026-08-17 15:20:57,usr_001878,merch_0138,feed_banner_top
clk_0002478,imp_00023222,2026-08-17 15:25:43,usr_003843,merch_0062,search_sponsored_item
clk_0006055,imp_00057203,2026-08-17 15:31:37,usr_002482,merch_0037,search_sponsored_item
clk_0001361,imp_00012589,2026-08-17 15:51:08,usr_004207,merch_0069,feed_banner_top
clk_0006145,imp_00058209,2026-08-17 16:03:37,usr_001394,merch_0110,post_order_carousel
clk_0004461,imp_00042180,2026-08-17 16:06:45,usr_004373,merch_0165,post_order_carousel
clk_0004152,imp_00039116,2026-08-17 16:15:42,usr_001535,merch_0045,search_sponsored_item
clk_0005809,imp_00054804,2026-08-17 16:22:12,usr_004175,merch_0103,feed_banner_top
clk_0002847,imp_00027100,2026-08-17 16:29:34,usr_003217,merch_0163,search_sponsored_item
clk_0005246,imp_00049342,2026-08-17 17:03:27,usr_003612,merch_0089,search_sponsored_item
clk_0004297,imp_00040471,2026-08-17 17:06:10,usr_001600,merch_0015,search_sponsored_item
clk_0000959,imp_00008898,2026-08-17 17:06:32,usr_001423,merch_0044,category_highlight
clk_0006218,imp_00059038,2026-08-17 17:40:02,usr_003671,merch_0045,search_sponsored_item
clk_0004990,imp_00046837,2026-08-17 17:51:02,usr_002095,merch_0019,feed_banner_top
clk_0000906,imp_00008486,2026-08-17 17:52:28,usr_001395,merch_0041,feed_banner_top
clk_0003011,imp_00028554,2026-08-17 17:59:58,usr_003013,merch_0052,feed_banner_top
clk_0003204,imp_00030493,2026-08-17 18:05:42,usr_001898,merch_0086,feed_banner_top
clk_0002047,imp_00019030,2026-08-17 18:11:36,usr_000308,merch_0140,search_sponsored_item
clk_0001442,imp_00013318,2026-08-17 18:16:35,usr_002708,merch_0086,search_sponsored_item
clk_0001688,imp_00015561,2026-08-17 18:19:40,usr_001785,merch_0062,search_sponsored_item
clk_0001961,imp_00018155,2026-08-17 18:20:17,usr_001583,merch_0142,search_sponsored_item
clk_0003078,imp_00029259,2026-08-17 18:29:55,usr_001580,merch_0047,search_sponsored_item
clk_0005540,imp_00052298,2026-08-17 18:48:04,usr_003424,merch_0044,search_sponsored_item
clk_0003710,imp_00035314,2026-08-17 18:58:27,usr_000868,merch_0086,search_sponsored_item
clk_0005318,imp_00049985,2026-08-17 19:26:48,usr_001988,merch_0165,search_sponsored_item
clk_0002902,imp_00027524,2026-08-17 19:34:10,usr_003440,merch_0015,feed_banner_top
clk_0004153,imp_00039126,2026-08-17 19:37:13,usr_002037,merch_0138,category_highlight
clk_0001524,imp_00014107,2026-08-17 19:41:24,usr_004581,merch_0023,category_highlight
clk_0003561,imp_00033898,2026-08-17 20:04:24,usr_000077,merch_0004,feed_banner_top
clk_0001565,imp_00014446,2026-08-17 20:04:55,usr_002722,merch_0111,category_highlight
clk_0003513,imp_00033408,2026-08-17 20:19:17,usr_003738,merch_0144,feed_banner_top
clk_0000537,imp_00004859,2026-08-17 20:25:22,usr_001364,merch_0170,search_sponsored_item
clk_0004981,imp_00046792,2026-08-17 20:34:10,usr_000572,merch_0077,feed_banner_top
clk_0004054,imp_00038231,2026-08-17 20:42:43,usr_000268,merch_0008,search_sponsored_item
clk_0005642,imp_00053221,2026-08-17 20:56:45,usr_000445,merch_0154,category_highlight
clk_0001109,imp_00010300,2026-08-17 21:03:46,usr_002505,merch_0072,search_sponsored_item
clk_0005865,imp_00055230,2026-08-17 21:25:41,usr_000924,merch_0019,search_sponsored_item
clk_0001068,imp_00009956,2026-08-17 21:59:04,usr_001858,merch_0196,search_sponsored_item
clk_0005030,imp_00047290,2026-08-17 22:30:07,usr_000100,merch_0168,feed_banner_top
clk_0005425,imp_00051120,2026-08-17 22:51:36,usr_001072,merch_0112,search_sponsored_item
clk_0003049,imp_00028950,2026-08-17 23:06:49,usr_002234,merch_0144,feed_banner_top
clk_0003899,imp_00036947,2026-08-17 23:22:19,usr_004507,merch_0044,search_sponsored_item
clk_0004145,imp_00039045,2026-08-17 23:44:06,usr_001980,merch_0152,search_sponsored_item
clk_0000727,imp_00006788,2026-08-17 23:48:35,usr_002224,merch_0142,category_highlight
clk_0005432,imp_00051218,2026-08-17 23:53:12,usr_003130,merch_0124,search_sponsored_item
clk_0006195,imp_00058767,2026-08-18 00:02:11,usr_002039,merch_0023,search_sponsored_item
clk_0006158,imp_00058307,2026-08-18 00:29:38,usr_003121,merch_0060,search_sponsored_item
clk_0002015,imp_00018674,2026-08-18 00:29:45,usr_004250,merch_0100,search_sponsored_item
clk_0002549,imp_00023937,2026-08-18 00:37:52,usr_002065,merch_0062,search_sponsored_item
clk_0005429,imp_00051174,2026-08-18 00:39:59,usr_002261,merch_0117,search_sponsored_item
clk_0005197,imp_00048853,2026-08-18 00:43:45,usr_000854,merch_0036,search_sponsored_item
clk_0002467,imp_00023150,2026-08-18 00:56:29,usr_000149,merch_0089,feed_banner_top
clk_0001309,imp_00012168,2026-08-18 01:01:06,usr_004806,merch_0079,feed_banner_top
clk_0004070,imp_00038361,2026-08-18 01:03:24,usr_001475,merch_0112,category_highlight
clk_0003234,imp_00030753,2026-08-18 01:05:11,usr_002204,merch_0086,feed_banner_top
clk_0003235,imp_00030758,2026-08-18 01:15:09,usr_002755,merch_0001,search_sponsored_item
clk_0003301,imp_00031348,2026-08-18 01:35:03,usr_004071,merch_0008,search_sponsored_item
clk_0004817,imp_00045331,2026-08-18 01:37:23,usr_002869,merch_0148,feed_banner_top
clk_0003551,imp_00033815,2026-08-18 01:39:42,usr_001427,merch_0170,search_sponsored_item
clk_0005991,imp_00056512,2026-08-18 01:44:49,usr_002569,merch_0083,feed_banner_top
clk_0002997,imp_00028391,2026-08-18 01:46:43,usr_002478,merch_0058,search_sponsored_item
clk_0005851,imp_00055151,2026-08-18 02:07:57,usr_004908,merch_0025,search_sponsored_item
clk_0002408,imp_00022751,2026-08-18 02:23:11,usr_002327,merch_0112,feed_banner_top
clk_0003952,imp_00037371,2026-08-18 02:30:27,usr_000686,merch_0077,post_order_carousel
clk_0002098,imp_00019528,2026-08-18 02:44:42,usr_002033,merch_0112,search_sponsored_item
clk_0003264,imp_00031067,2026-08-18 03:01:52,usr_000036,merch_0163,feed_banner_top
clk_0000657,imp_00006101,2026-08-18 03:04:59,usr_001268,merch_0163,search_sponsored_item
clk_0001287,imp_00011913,2026-08-18 03:06:54,usr_003609,merch_0186,category_highlight
clk_0002404,imp_00022690,2026-08-18 03:20:45,usr_003988,merch_0128,search_sponsored_item
clk_0003667,imp_00035038,2026-08-18 03:25:40,usr_000592,merch_0019,post_order_carousel
clk_0001817,imp_00016820,2026-08-18 03:27:42,usr_003322,merch_0165,search_sponsored_item
clk_0000924,imp_00008640,2026-08-18 03:32:03,usr_001503,merch_0049,search_sponsored_item
clk_0000219,imp_00002086,2026-08-18 03:42:27,usr_001323,merch_0150,feed_banner_top
clk_0002060,imp_00019111,2026-08-18 03:45:49,usr_001275,merch_0004,feed_banner_top
clk_0003010,imp_00028551,2026-08-18 03:49:30,usr_004896,merch_0186,post_order_carousel
clk_0001327,imp_00012318,2026-08-18 04:03:32,usr_004435,merch_0183,search_sponsored_item
clk_0001703,imp_00015715,2026-08-18 04:13:21,usr_003236,merch_0030,feed_banner_top
clk_0004932,imp_00046369,2026-08-18 04:29:18,usr_004417,merch_0119,search_sponsored_item
clk_0005966,imp_00056278,2026-08-18 04:37:28,usr_000662,merch_0049,search_sponsored_item
clk_0001415,imp_00013103,2026-08-18 04:39:15,usr_004047,merch_0069,category_highlight
clk_0004974,imp_00046725,2026-08-18 04:42:08,usr_000134,merch_0071,search_sponsored_item
clk_0001078,imp_00010048,2026-08-18 04:42:32,usr_004041,merch_0150,feed_banner_top
clk_0002105,imp_00019596,2026-08-18 04:44:28,usr_004329,merch_0092,search_sponsored_item
clk_0002782,imp_00026368,2026-08-18 04:58:25,usr_004700,merch_0149,search_sponsored_item
clk_0004862,imp_00045662,2026-08-18 05:25:05,usr_004725,merch_0152,feed_banner_top
clk_0005308,imp_00049902,2026-08-18 06:00:07,usr_003632,merch_0140,feed_banner_top
clk_0005112,imp_00048108,2026-08-18 06:00:35,usr_003946,merch_0071,feed_banner_top
clk_0005754,imp_00054192,2026-08-18 06:10:24,usr_002599,merch_0199,feed_banner_top
clk_0002959,imp_00028081,2026-08-18 06:27:32,usr_003618,merch_0097,post_order_carousel
clk_0005674,imp_00053524,2026-08-18 06:53:50,usr_002260,merch_0030,feed_banner_top
clk_0004161,imp_00039184,2026-08-18 07:10:47,usr_003951,merch_0119,search_sponsored_item
clk_0001214,imp_00011341,2026-08-18 07:41:21,usr_001933,merch_0015,search_sponsored_item
clk_0003760,imp_00035709,2026-08-18 08:13:53,usr_004736,merch_0128,feed_banner_top
clk_0006121,imp_00057986,2026-08-18 08:17:01,usr_004687,merch_0069,feed_banner_top
clk_0000215,imp_00002032,2026-08-18 08:18:00,usr_000903,merch_0138,feed_banner_top
clk_0004977,imp_00046770,2026-08-18 08:21:32,usr_002091,merch_0104,search_sponsored_item
clk_0005648,imp_00053254,2026-08-18 08:25:45,usr_000500,merch_0015,search_sponsored_item
clk_0000512,imp_00004647,2026-08-18 08:32:42,usr_000054,merch_0071,search_sponsored_item
clk_0000993,imp_00009130,2026-08-18 08:38:04,usr_002072,merch_0052,search_sponsored_item
clk_0002331,imp_00021928,2026-08-18 08:41:10,usr_000847,merch_0148,feed_banner_top
clk_0001617,imp_00014980,2026-08-18 08:42:45,usr_001904,merch_0086,category_highlight
clk_0004980,imp_00046787,2026-08-18 08:48:14,usr_000059,merch_0019,search_sponsored_item
clk_0002952,imp_00028038,2026-08-18 09:12:37,usr_003532,merch_0148,feed_banner_top
clk_0004588,imp_00043380,2026-08-18 09:13:01,usr_003248,merch_0199,category_highlight
clk_0003337,imp_00031695,2026-08-18 09:13:30,usr_004037,merch_0183,feed_banner_top
clk_0005933,imp_00055907,2026-08-18 09:17:59,usr_002138,merch_0161,search_sponsored_item
clk_0002492,imp_00023373,2026-08-18 09:19:04,usr_000301,merch_0111,search_sponsored_item
clk_0005514,imp_00052087,2026-08-18 09:32:10,usr_001159,merch_0149,feed_banner_top
clk_0005212,imp_00049028,2026-08-18 09:43:42,usr_002271,merch_0069,feed_banner_top
clk_0000022,imp_00000235,2026-08-18 09:53:26,usr_003010,merch_0148,post_order_carousel
clk_0003965,imp_00037470,2026-08-18 09:55:12,usr_002362,merch_0141,feed_banner_top
clk_0006186,imp_00058598,2026-08-18 10:04:21,usr_002260,merch_0039,search_sponsored_item
clk_0003066,imp_00029140,2026-08-18 10:09:25,usr_004128,merch_0147,search_sponsored_item
clk_0006018,imp_00056788,2026-08-18 10:26:44,usr_000510,merch_0056,post_order_carousel
clk_0002707,imp_00025605,2026-08-18 10:48:33,usr_001386,merch_0148,feed_banner_top
clk_0004221,imp_00039744,2026-08-18 10:58:54,usr_000660,merch_0150,search_sponsored_item
clk_0004364,imp_00041238,2026-08-18 11:00:08,usr_003489,merch_0130,search_sponsored_item
clk_0002130,imp_00019875,2026-08-18 11:12:00,usr_004793,merch_0017,search_sponsored_item
clk_0001805,imp_00016695,2026-08-18 11:12:20,usr_004563,merch_0169,search_sponsored_item
clk_0005968,imp_00056288,2026-08-18 11:21:04,usr_002677,merch_0037,post_order_carousel
clk_0005120,imp_00048163,2026-08-18 11:28:35,usr_003758,merch_0092,post_order_carousel
clk_0004193,imp_00039469,2026-08-18 12:10:28,usr_001328,merch_0086,category_highlight
clk_0004004,imp_00037777,2026-08-18 12:10:33,usr_004594,merch_0128,post_order_carousel
clk_0005652,imp_00053308,2026-08-18 12:15:46,usr_004078,merch_0058,feed_banner_top
clk_0001191,imp_00011192,2026-08-18 12:19:42,usr_001693,merch_0162,feed_banner_top
clk_0006260,imp_00059465,2026-08-18 12:27:24,usr_001042,merch_0170,category_highlight
clk_0004283,imp_00040357,2026-08-18 12:33:02,usr_003110,merch_0094,post_order_carousel
clk_0003905,imp_00036977,2026-08-18 12:54:51,usr_000662,merch_0071,search_sponsored_item
clk_0005912,imp_00055645,2026-08-18 12:58:45,usr_004911,merch_0058,feed_banner_top
clk_0000545,imp_00004958,2026-08-18 13:11:33,usr_003629,merch_0085,feed_banner_top
clk_0002372,imp_00022307,2026-08-18 13:18:03,usr_002786,merch_0142,search_sponsored_item
clk_0005085,imp_00047852,2026-08-18 13:22:40,usr_004078,merch_0147,feed_banner_top
clk_0000216,imp_00002046,2026-08-18 13:25:22,usr_001797,merch_0069,category_highlight
clk_0002773,imp_00026282,2026-08-18 13:25:52,usr_004450,merch_0104,search_sponsored_item
clk_0000045,imp_00000440,2026-08-18 13:31:13,usr_004305,merch_0124,search_sponsored_item
clk_0003837,imp_00036446,2026-08-18 13:31:41,usr_003876,merch_0199,feed_banner_top
clk_0000256,imp_00002370,2026-08-18 13:37:56,usr_001975,merch_0178,post_order_carousel
clk_0000707,imp_00006511,2026-08-18 13:54:17,usr_000870,merch_0154,post_order_carousel
clk_0004288,imp_00040400,2026-08-18 14:14:15,usr_004285,merch_0045,search_sponsored_item
clk_0003019,imp_00028627,2026-08-18 14:17:28,usr_001840,merch_0083,search_sponsored_item
clk_0005551,imp_00052381,2026-08-18 14:26:56,usr_004324,merch_0094,search_sponsored_item
clk_0001152,imp_00010816,2026-08-18 14:42:06,usr_004577,merch_0062,search_sponsored_item
clk_0001799,imp_00016622,2026-08-18 14:43:04,usr_003281,merch_0024,search_sponsored_item
clk_0000180,imp_00001673,2026-08-18 14:56:01,usr_001812,merch_0097,search_sponsored_item
clk_0004142,imp_00039035,2026-08-18 15:31:23,usr_000616,merch_0034,category_highlight
clk_0003468,imp_00033022,2026-08-18 15:42:00,usr_001900,merch_0174,post_order_carousel
clk_0002769,imp_00026236,2026-08-18 16:38:10,usr_002766,merch_0138,post_order_carousel
clk_0000335,imp_00003149,2026-08-18 16:45:41,usr_001604,merch_0111,search_sponsored_item
clk_0002173,imp_00020366,2026-08-18 16:54:47,usr_002038,merch_0092,feed_banner_top
clk_0002760,imp_00026115,2026-08-18 16:57:18,usr_001437,merch_0163,category_highlight
clk_0002874,imp_00027316,2026-08-18 16:59:33,usr_004603,merch_0045,category_highlight
clk_0004865,imp_00045698,2026-08-18 17:01:33,usr_001486,merch_0094,search_sponsored_item
clk_0005889,imp_00055418,2026-08-18 17:11:49,usr_000493,merch_0149,post_order_carousel
clk_0004179,imp_00039353,2026-08-18 17:23:13,usr_004395,merch_0089,category_highlight
clk_0002102,imp_00019573,2026-08-18 17:23:48,usr_001179,merch_0092,search_sponsored_item
clk_0005252,imp_00049380,2026-08-18 17:25:38,usr_001628,merch_0142,feed_banner_top
clk_0005900,imp_00055531,2026-08-18 17:46:49,usr_000924,merch_0052,search_sponsored_item
clk_0002913,imp_00027630,2026-08-18 17:53:08,usr_000624,merch_0069,search_sponsored_item
clk_0005220,imp_00049116,2026-08-18 18:04:02,usr_004978,merch_0056,feed_banner_top
clk_0005497,imp_00051869,2026-08-18 18:15:21,usr_002910,merch_0094,post_order_carousel
clk_0001060,imp_00009901,2026-08-18 18:15:54,usr_001622,merch_0148,post_order_carousel
clk_0003526,imp_00033497,2026-08-18 18:17:53,usr_002651,merch_0047,search_sponsored_item
clk_0000375,imp_00003521,2026-08-18 18:28:28,usr_000707,merch_0200,feed_banner_top
clk_0006086,imp_00057547,2026-08-18 18:43:06,usr_004181,merch_0071,search_sponsored_item
clk_0004872,imp_00045751,2026-08-18 18:44:15,usr_002475,merch_0079,post_order_carousel
clk_0005228,imp_00049182,2026-08-18 18:52:16,usr_000752,merch_0083,post_order_carousel
clk_0003123,imp_00029640,2026-08-18 18:54:56,usr_001594,merch_0047,search_sponsored_item
clk_0002988,imp_00028324,2026-08-18 19:06:44,usr_001594,merch_0200,post_order_carousel
clk_0003853,imp_00036573,2026-08-18 19:10:22,usr_000849,merch_0161,feed_banner_top
clk_0004612,imp_00043577,2026-08-18 19:11:07,usr_002403,merch_0015,feed_banner_top
clk_0005542,imp_00052323,2026-08-18 19:14:27,usr_004570,merch_0086,post_order_carousel
clk_0004394,imp_00041561,2026-08-18 20:04:20,usr_000497,merch_0111,search_sponsored_item
clk_0003329,imp_00031586,2026-08-18 20:28:42,usr_000626,merch_0147,post_order_carousel
clk_0002689,imp_00025425,2026-08-18 20:31:48,usr_000809,merch_0015,feed_banner_top
clk_0002124,imp_00019795,2026-08-18 20:37:33,usr_004152,merch_0125,feed_banner_top
clk_0002197,imp_00020633,2026-08-18 20:46:25,usr_001642,merch_0030,search_sponsored_item
clk_0000728,imp_00006795,2026-08-18 20:52:09,usr_002227,merch_0196,search_sponsored_item
clk_0005575,imp_00052638,2026-08-18 20:56:44,usr_004064,merch_0058,search_sponsored_item
clk_0000981,imp_00009050,2026-08-18 20:56:50,usr_003447,merch_0047,search_sponsored_item
clk_0003396,imp_00032290,2026-08-18 20:59:06,usr_002538,merch_0016,post_order_carousel
clk_0000255,imp_00002360,2026-08-18 21:06:21,usr_002409,merch_0044,search_sponsored_item
clk_0000782,imp_00007310,2026-08-18 21:12:34,usr_004828,merch_0154,feed_banner_top
clk_0003550,imp_00033814,2026-08-18 21:41:34,usr_001533,merch_0154,feed_banner_top
clk_0001733,imp_00015981,2026-08-18 21:41:52,usr_002470,merch_0174,feed_banner_top
clk_0005875,imp_00055308,2026-08-18 21:55:09,usr_000606,merch_0183,search_sponsored_item
clk_0000822,imp_00007685,2026-08-18 22:00:42,usr_002839,merch_0138,feed_banner_top
clk_0003344,imp_00031749,2026-08-18 22:05:08,usr_004299,merch_0112,category_highlight
clk_0005031,imp_00047305,2026-08-18 22:13:42,usr_002514,merch_0152,post_order_carousel
clk_0000236,imp_00002208,2026-08-18 22:50:15,usr_002734,merch_0069,search_sponsored_item
clk_0000917,imp_00008558,2026-08-18 22:54:48,usr_000135,merch_0030,category_highlight
clk_0002564,imp_00024087,2026-08-18 23:08:55,usr_004319,merch_0058,feed_banner_top
clk_0000276,imp_00002597,2026-08-18 23:26:13,usr_004664,merch_0031,feed_banner_top
clk_0004219,imp_00039735,2026-08-18 23:29:59,usr_000718,merch_0037,search_sponsored_item
clk_0000302,imp_00002877,2026-08-18 23:31:01,usr_001392,merch_0092,search_sponsored_item
clk_0005447,imp_00051395,2026-08-19 00:00:36,usr_002848,merch_0037,category_highlight
clk_0004580,imp_00043295,2026-08-19 00:04:13,usr_001785,merch_0168,feed_banner_top
clk_0003599,imp_00034314,2026-08-19 00:05:32,usr_004957,merch_0104,post_order_carousel
clk_0000626,imp_00005708,2026-08-19 00:10:15,usr_001951,merch_0112,search_sponsored_item
clk_0000912,imp_00008537,2026-08-19 00:12:21,usr_004273,merch_0147,search_sponsored_item
clk_0001866,imp_00017199,2026-08-19 00:14:38,usr_002800,merch_0004,category_highlight
clk_0004114,imp_00038690,2026-08-19 00:21:38,usr_003470,merch_0141,feed_banner_top
clk_0001081,imp_00010060,2026-08-19 00:39:57,usr_003918,merch_0071,feed_banner_top
clk_0002441,imp_00023012,2026-08-19 00:44:33,usr_000258,merch_0079,search_sponsored_item
clk_0002439,imp_00022993,2026-08-19 00:44:36,usr_001655,merch_0086,search_sponsored_item
clk_0000021,imp_00000226,2026-08-19 00:48:09,usr_004789,merch_0148,search_sponsored_item
clk_0001784,imp_00016480,2026-08-19 00:50:34,usr_001327,merch_0110,search_sponsored_item
clk_0005803,imp_00054747,2026-08-19 00:52:45,usr_000602,merch_0001,search_sponsored_item
clk_0004615,imp_00043586,2026-08-19 00:58:56,usr_003053,merch_0015,feed_banner_top
clk_0002925,imp_00027738,2026-08-19 01:10:33,usr_004018,merch_0094,category_highlight
clk_0002317,imp_00021784,2026-08-19 01:29:17,usr_001812,merch_0025,search_sponsored_item
clk_0003523,imp_00033479,2026-08-19 01:32:52,usr_000352,merch_0170,search_sponsored_item
clk_0002429,imp_00022923,2026-08-19 01:43:01,usr_000449,merch_0031,search_sponsored_item
clk_0000945,imp_00008783,2026-08-19 01:51:15,usr_004883,merch_0037,feed_banner_top
clk_0001708,imp_00015765,2026-08-19 01:59:10,usr_002416,merch_0103,search_sponsored_item
clk_0001934,imp_00017840,2026-08-19 02:01:04,usr_002230,merch_0119,feed_banner_top
clk_0001493,imp_00013758,2026-08-19 02:13:56,usr_001353,merch_0168,category_highlight
clk_0000735,imp_00006877,2026-08-19 02:21:41,usr_004934,merch_0045,search_sponsored_item
clk_0003370,imp_00032042,2026-08-19 02:28:49,usr_001598,merch_0052,category_highlight
clk_0003645,imp_00034719,2026-08-19 02:37:28,usr_000008,merch_0060,feed_banner_top
clk_0003509,imp_00033364,2026-08-19 02:38:44,usr_001041,merch_0144,search_sponsored_item
clk_0003433,imp_00032673,2026-08-19 02:42:01,usr_003829,merch_0078,category_highlight
clk_0002297,imp_00021572,2026-08-19 02:45:48,usr_000308,merch_0117,search_sponsored_item
clk_0000305,imp_00002931,2026-08-19 03:02:22,usr_000877,merch_0059,category_highlight
clk_0001242,imp_00011521,2026-08-19 03:18:04,usr_004837,merch_0097,search_sponsored_item
clk_0002728,imp_00025797,2026-08-19 03:36:48,usr_003612,merch_0047,search_sponsored_item
clk_0003201,imp_00030476,2026-08-19 03:47:09,usr_001643,merch_0062,search_sponsored_item
clk_0004765,imp_00044890,2026-08-19 04:53:07,usr_003869,merch_0094,feed_banner_top
clk_0004623,imp_00043687,2026-08-19 05:04:07,usr_002176,merch_0017,search_sponsored_item
clk_0002573,imp_00024146,2026-08-19 05:05:23,usr_002046,merch_0149,feed_banner_top
clk_0005044,imp_00047416,2026-08-19 05:11:43,usr_001592,merch_0169,search_sponsored_item
clk_0003779,imp_00035890,2026-08-19 05:29:33,usr_002816,merch_0076,search_sponsored_item
clk_0005292,imp_00049793,2026-08-19 05:30:30,usr_004208,merch_0186,search_sponsored_item
clk_0000048,imp_00000449,2026-08-19 05:40:15,usr_003134,merch_0092,post_order_carousel
clk_0003213,imp_00030565,2026-08-19 05:46:59,usr_001726,merch_0178,feed_banner_top
clk_0001939,imp_00017858,2026-08-19 05:52:54,usr_004592,merch_0008,feed_banner_top
clk_0004665,imp_00044043,2026-08-19 06:09:13,usr_003835,merch_0024,category_highlight
clk_0004003,imp_00037776,2026-08-19 06:28:47,usr_003921,merch_0036,feed_banner_top
clk_0004853,imp_00045608,2026-08-19 06:33:31,usr_002974,merch_0162,category_highlight
clk_0003662,imp_00034944,2026-08-19 06:37:33,usr_001654,merch_0077,post_order_carousel
clk_0005237,imp_00049250,2026-08-19 06:38:04,usr_002249,merch_0017,post_order_carousel
clk_0002548,imp_00023936,2026-08-19 06:45:24,usr_001595,merch_0140,feed_banner_top
clk_0000198,imp_00001888,2026-08-19 06:54:13,usr_001768,merch_0154,search_sponsored_item
clk_0002808,imp_00026617,2026-08-19 06:55:28,usr_001628,merch_0104,search_sponsored_item
clk_0003582,imp_00034110,2026-08-19 07:04:53,usr_000650,merch_0052,search_sponsored_item
clk_0003609,imp_00034379,2026-08-19 07:14:41,usr_001993,merch_0086,search_sponsored_item
clk_0003056,imp_00029038,2026-08-19 07:22:08,usr_004090,merch_0086,search_sponsored_item
clk_0002883,imp_00027396,2026-08-19 07:39:24,usr_003934,merch_0015,search_sponsored_item
clk_0004325,imp_00040845,2026-08-19 07:44:14,usr_003546,merch_0015,feed_banner_top
clk_0004508,imp_00042549,2026-08-19 07:58:34,usr_000941,merch_0037,feed_banner_top
clk_0004694,imp_00044332,2026-08-19 07:58:47,usr_002856,merch_0037,search_sponsored_item
clk_0004639,imp_00043798,2026-08-19 07:59:21,usr_000170,merch_0024,post_order_carousel
clk_0004346,imp_00041039,2026-08-19 08:10:51,usr_002690,merch_0174,feed_banner_top
clk_0001478,imp_00013603,2026-08-19 08:21:24,usr_002312,merch_0049,post_order_carousel
clk_0003587,imp_00034194,2026-08-19 08:21:32,usr_004106,merch_0163,feed_banner_top
clk_0004721,imp_00044534,2026-08-19 08:53:13,usr_002732,merch_0039,search_sponsored_item
clk_0002119,imp_00019754,2026-08-19 09:02:51,usr_004270,merch_0130,post_order_carousel
clk_0002845,imp_00027081,2026-08-19 09:15:15,usr_002769,merch_0119,search_sponsored_item
clk_0005099,imp_00047981,2026-08-19 09:17:36,usr_002430,merch_0178,search_sponsored_item
clk_0002595,imp_00024341,2026-08-19 09:29:01,usr_004176,merch_0077,category_highlight
clk_0000203,imp_00001928,2026-08-19 09:30:37,usr_001258,merch_0168,search_sponsored_item
clk_0000007,imp_00000047,2026-08-19 09:32:34,usr_003286,merch_0045,search_sponsored_item
clk_0002488,imp_00023352,2026-08-19 09:34:57,usr_002068,merch_0045,search_sponsored_item
clk_0003540,imp_00033692,2026-08-19 09:38:28,usr_003432,merch_0138,search_sponsored_item
clk_0002975,imp_00028220,2026-08-19 09:44:24,usr_004607,merch_0077,category_highlight
clk_0002584,imp_00024234,2026-08-19 09:44:47,usr_002096,merch_0092,search_sponsored_item
clk_0001452,imp_00013389,2026-08-19 10:01:39,usr_004531,merch_0104,search_sponsored_item
clk_0000411,imp_00003831,2026-08-19 10:02:12,usr_004277,merch_0092,search_sponsored_item
clk_0004781,imp_00045030,2026-08-19 10:07:27,usr_003008,merch_0033,search_sponsored_item
clk_0003290,imp_00031300,2026-08-19 10:16:39,usr_000372,merch_0125,feed_banner_top
clk_0002850,imp_00027118,2026-08-19 10:19:27,usr_002310,merch_0169,search_sponsored_item
clk_0003477,imp_00033093,2026-08-19 10:31:47,usr_004266,merch_0104,search_sponsored_item
clk_0001662,imp_00015377,2026-08-19 10:33:25,usr_002598,merch_0049,search_sponsored_item
clk_0005870,imp_00055283,2026-08-19 10:34:31,usr_003705,merch_0083,category_highlight
clk_0000420,imp_00003855,2026-08-19 10:53:51,usr_004277,merch_0044,feed_banner_top
clk_0005062,imp_00047587,2026-08-19 11:08:25,usr_002223,merch_0092,search_sponsored_item
clk_0001392,imp_00012844,2026-08-19 11:12:48,usr_000273,merch_0135,search_sponsored_item
clk_0004208,imp_00039669,2026-08-19 11:14:42,usr_002079,merch_0163,feed_banner_top
clk_0001007,imp_00009305,2026-08-19 11:21:00,usr_004151,merch_0059,search_sponsored_item
clk_0003601,imp_00034320,2026-08-19 11:39:04,usr_004717,merch_0039,feed_banner_top
clk_0002339,imp_00021986,2026-08-19 11:40:50,usr_003661,merch_0152,search_sponsored_item
clk_0001943,imp_00017887,2026-08-19 11:40:50,usr_001674,merch_0023,feed_banner_top
clk_0004407,imp_00041694,2026-08-19 11:42:43,usr_003823,merch_0131,search_sponsored_item
clk_0004677,imp_00044145,2026-08-19 11:46:52,usr_003393,merch_0079,post_order_carousel
clk_0002269,imp_00021281,2026-08-19 11:53:08,usr_003312,merch_0078,feed_banner_top
clk_0000442,imp_00004058,2026-08-19 12:03:09,usr_001298,merch_0056,search_sponsored_item
clk_0000162,imp_00001538,2026-08-19 12:21:27,usr_000580,merch_0141,post_order_carousel
clk_0006215,imp_00058989,2026-08-19 12:23:20,usr_000690,merch_0103,search_sponsored_item
clk_0002740,imp_00025922,2026-08-19 12:35:23,usr_004378,merch_0135,search_sponsored_item
clk_0003835,imp_00036409,2026-08-19 12:42:19,usr_001670,merch_0188,feed_banner_top
clk_0004500,imp_00042504,2026-08-19 12:54:09,usr_002225,merch_0150,search_sponsored_item
clk_0000486,imp_00004447,2026-08-19 13:22:23,usr_004787,merch_0015,category_highlight
clk_0004121,imp_00038731,2026-08-19 13:23:37,usr_003857,merch_0112,post_order_carousel
clk_0002153,imp_00020101,2026-08-19 14:02:29,usr_002200,merch_0110,category_highlight
clk_0002950,imp_00028016,2026-08-19 14:16:44,usr_002253,merch_0019,feed_banner_top
clk_0001751,imp_00016182,2026-08-19 14:17:43,usr_002111,merch_0019,search_sponsored_item
clk_0000061,imp_00000595,2026-08-19 14:18:39,usr_001083,merch_0103,search_sponsored_item
clk_0000820,imp_00007681,2026-08-19 14:32:09,usr_002359,merch_0052,search_sponsored_item
clk_0000080,imp_00000768,2026-08-19 14:36:21,usr_003518,merch_0077,feed_banner_top
clk_0005412,imp_00051031,2026-08-19 14:41:19,usr_004704,merch_0162,search_sponsored_item
clk_0006044,imp_00057042,2026-08-19 14:48:38,usr_000530,merch_0015,search_sponsored_item
clk_0004462,imp_00042186,2026-08-19 15:05:37,usr_002473,merch_0150,search_sponsored_item
clk_0003738,imp_00035509,2026-08-19 15:09:43,usr_001975,merch_0104,post_order_carousel
clk_0002727,imp_00025796,2026-08-19 15:10:16,usr_001308,merch_0163,search_sponsored_item
clk_0002936,imp_00027921,2026-08-19 15:16:28,usr_003753,merch_0148,search_sponsored_item
clk_0003620,imp_00034482,2026-08-19 15:19:11,usr_002875,merch_0110,search_sponsored_item
clk_0004619,imp_00043620,2026-08-19 15:21:54,usr_001797,merch_0004,category_highlight
clk_0000212,imp_00002022,2026-08-19 15:22:55,usr_000097,merch_0111,feed_banner_top
clk_0003031,imp_00028749,2026-08-19 15:26:29,usr_001168,merch_0076,search_sponsored_item
clk_0002604,imp_00024462,2026-08-19 15:26:44,usr_004833,merch_0032,search_sponsored_item
clk_0003990,imp_00037713,2026-08-19 15:27:14,usr_000257,merch_0025,feed_banner_top
clk_0006093,imp_00057626,2026-08-19 15:46:25,usr_004305,merch_0049,search_sponsored_item
clk_0003296,imp_00031321,2026-08-19 16:06:51,usr_002029,merch_0138,feed_banner_top
clk_0006153,imp_00058267,2026-08-19 16:11:33,usr_003143,merch_0186,feed_banner_top
clk_0001220,imp_00011369,2026-08-19 16:20:39,usr_003965,merch_0147,feed_banner_top
clk_0005864,imp_00055227,2026-08-19 16:38:47,usr_001668,merch_0112,search_sponsored_item
clk_0004558,imp_00043082,2026-08-19 16:41:58,usr_000254,merch_0036,search_sponsored_item
clk_0001949,imp_00017951,2026-08-19 16:46:59,usr_001496,merch_0183,post_order_carousel
clk_0000297,imp_00002789,2026-08-19 16:50:34,usr_002899,merch_0199,feed_banner_top
clk_0004203,imp_00039583,2026-08-19 16:55:26,usr_002387,merch_0181,post_order_carousel
clk_0004480,imp_00042366,2026-08-19 17:02:47,usr_003877,merch_0049,feed_banner_top
clk_0005405,imp_00050985,2026-08-19 17:03:00,usr_004615,merch_0174,search_sponsored_item
clk_0001685,imp_00015527,2026-08-19 17:17:25,usr_004987,merch_0044,search_sponsored_item
clk_0004435,imp_00041946,2026-08-19 17:23:00,usr_002888,merch_0036,feed_banner_top
clk_0006273,imp_00059570,2026-08-19 18:19:45,usr_001434,merch_0047,feed_banner_top
clk_0000982,imp_00009056,2026-08-19 18:24:26,usr_001961,merch_0141,search_sponsored_item
clk_0004906,imp_00046107,2026-08-19 18:50:24,usr_003300,merch_0037,search_sponsored_item
clk_0002500,imp_00023451,2026-08-19 18:57:12,usr_000917,merch_0039,search_sponsored_item
clk_0000869,imp_00008161,2026-08-19 19:24:53,usr_000135,merch_0083,feed_banner_top
clk_0005113,imp_00048131,2026-08-19 19:28:29,usr_001708,merch_0023,post_order_carousel
clk_0004799,imp_00045210,2026-08-19 19:55:59,usr_000383,merch_0112,search_sponsored_item
clk_0004465,imp_00042205,2026-08-19 20:29:20,usr_003484,merch_0200,search_sponsored_item
clk_0005869,imp_00055263,2026-08-19 20:50:32,usr_003213,merch_0079,search_sponsored_item
clk_0000890,imp_00008341,2026-08-19 20:59:14,usr_002630,merch_0089,search_sponsored_item
clk_0001825,imp_00016885,2026-08-19 21:01:51,usr_001738,merch_0183,feed_banner_top
clk_0002087,imp_00019416,2026-08-19 21:08:02,usr_003879,merch_0016,feed_banner_top
clk_0001428,imp_00013172,2026-08-19 21:10:32,usr_004257,merch_0135,search_sponsored_item
clk_0002824,imp_00026838,2026-08-19 21:14:25,usr_000429,merch_0069,search_sponsored_item
clk_0002110,imp_00019666,2026-08-19 21:23:04,usr_000649,merch_0023,feed_banner_top
clk_0005571,imp_00052560,2026-08-19 21:26:27,usr_001045,merch_0181,search_sponsored_item
clk_0003723,imp_00035380,2026-08-19 21:29:40,usr_001052,merch_0041,search_sponsored_item
clk_0000362,imp_00003418,2026-08-19 21:37:27,usr_004137,merch_0149,search_sponsored_item
clk_0005008,imp_00047049,2026-08-19 21:47:02,usr_003988,merch_0183,feed_banner_top
clk_0003243,imp_00030836,2026-08-19 22:07:49,usr_000966,merch_0092,search_sponsored_item
clk_0001146,imp_00010756,2026-08-19 22:12:10,usr_001030,merch_0183,search_sponsored_item
clk_0004541,imp_00042853,2026-08-19 22:26:20,usr_003321,merch_0032,search_sponsored_item
clk_0002192,imp_00020584,2026-08-19 22:27:24,usr_004252,merch_0186,post_order_carousel
clk_0006212,imp_00058969,2026-08-19 22:38:34,usr_003551,merch_0001,feed_banner_top
clk_0001119,imp_00010400,2026-08-19 22:41:45,usr_004522,merch_0183,category_highlight
clk_0000813,imp_00007636,2026-08-19 23:04:25,usr_003807,merch_0111,feed_banner_top
clk_0002431,imp_00022934,2026-08-19 23:18:57,usr_000498,merch_0069,feed_banner_top
clk_0003682,imp_00035131,2026-08-19 23:31:34,usr_000184,merch_0004,feed_banner_top
clk_0000199,imp_00001892,2026-08-19 23:37:37,usr_003879,merch_0117,search_sponsored_item
clk_0003973,imp_00037510,2026-08-19 23:40:05,usr_000224,merch_0144,feed_banner_top
clk_0001968,imp_00018222,2026-08-19 23:51:02,usr_000878,merch_0142,post_order_carousel
clk_0006004,imp_00056657,2026-08-19 23:51:16,usr_003292,merch_0135,search_sponsored_item
clk_0005702,imp_00053760,2026-08-20 00:01:38,usr_000941,merch_0154,feed_banner_top
clk_0000548,imp_00004989,2026-08-20 00:02:38,usr_004711,merch_0128,search_sponsored_item
clk_0001222,imp_00011392,2026-08-20 00:08:30,usr_004371,merch_0071,feed_banner_top
clk_0004538,imp_00042812,2026-08-20 00:16:48,usr_003129,merch_0162,search_sponsored_item
clk_0004101,imp_00038564,2026-08-20 00:38:07,usr_002507,merch_0052,search_sponsored_item
clk_0004890,imp_00045937,2026-08-20 01:43:09,usr_004302,merch_0150,feed_banner_top
clk_0002745,imp_00025965,2026-08-20 02:52:10,usr_004897,merch_0019,feed_banner_top
clk_0005169,imp_00048604,2026-08-20 03:07:06,usr_002653,merch_0033,feed_banner_top
clk_0002923,imp_00027703,2026-08-20 03:08:29,usr_000360,merch_0104,feed_banner_top
clk_0005943,imp_00056057,2026-08-20 03:24:47,usr_003934,merch_0174,feed_banner_top
clk_0000066,imp_00000642,2026-08-20 03:27:47,usr_004141,merch_0174,category_highlight
clk_0003183,imp_00030230,2026-08-20 03:46:28,usr_002397,merch_0140,category_highlight
clk_0006101,imp_00057720,2026-08-20 03:49:58,usr_000123,merch_0104,feed_banner_top
clk_0004236,imp_00039849,2026-08-20 04:05:42,usr_004039,merch_0147,category_highlight
clk_0002479,imp_00023224,2026-08-20 04:17:38,usr_000964,merch_0076,search_sponsored_item
clk_0005297,imp_00049819,2026-08-20 04:25:53,usr_000827,merch_0141,feed_banner_top
clk_0002376,imp_00022346,2026-08-20 04:30:40,usr_002293,merch_0085,search_sponsored_item
clk_0006148,imp_00058223,2026-08-20 04:48:47,usr_003298,merch_0135,feed_banner_top
clk_0005294,imp_00049809,2026-08-20 04:54:40,usr_002509,merch_0034,search_sponsored_item
clk_0001387,imp_00012811,2026-08-20 04:55:21,usr_002495,merch_0001,post_order_carousel
clk_0003998,imp_00037755,2026-08-20 04:56:23,usr_000561,merch_0135,search_sponsored_item
clk_0002241,imp_00021032,2026-08-20 05:09:57,usr_002539,merch_0076,post_order_carousel
clk_0003654,imp_00034812,2026-08-20 05:24:30,usr_002270,merch_0181,feed_banner_top
clk_0000675,imp_00006262,2026-08-20 05:34:15,usr_000776,merch_0125,post_order_carousel
clk_0004884,imp_00045902,2026-08-20 05:39:22,usr_000496,merch_0030,post_order_carousel
clk_0003576,imp_00033993,2026-08-20 06:06:31,usr_001495,merch_0138,search_sponsored_item
clk_0001814,imp_00016791,2026-08-20 06:07:07,usr_001244,merch_0056,post_order_carousel
clk_0003624,imp_00034535,2026-08-20 06:18:45,usr_001097,merch_0110,search_sponsored_item
clk_0000923,imp_00008628,2026-08-20 06:20:51,usr_001530,merch_0037,search_sponsored_item
clk_0001451,imp_00013385,2026-08-20 06:26:29,usr_002910,merch_0094,feed_banner_top
clk_0001320,imp_00012252,2026-08-20 06:37:22,usr_002056,merch_0142,search_sponsored_item
clk_0002961,imp_00028099,2026-08-20 06:39:06,usr_000297,merch_0079,feed_banner_top
clk_0000484,imp_00004440,2026-08-20 06:54:27,usr_002954,merch_0117,category_highlight
clk_0002736,imp_00025897,2026-08-20 06:59:43,usr_004449,merch_0111,search_sponsored_item
clk_0002426,imp_00022883,2026-08-20 07:10:19,usr_000285,merch_0149,search_sponsored_item
clk_0006100,imp_00057716,2026-08-20 07:21:27,usr_004062,merch_0083,feed_banner_top
clk_0000532,imp_00004816,2026-08-20 07:53:34,usr_001056,merch_0100,search_sponsored_item
clk_0004967,imp_00046680,2026-08-20 07:57:00,usr_004576,merch_0138,search_sponsored_item
clk_0001867,imp_00017208,2026-08-20 08:13:21,usr_002608,merch_0017,feed_banner_top
clk_0001084,imp_00010075,2026-08-20 08:23:13,usr_002897,merch_0161,feed_banner_top
clk_0002237,imp_00020997,2026-08-20 08:23:57,usr_000678,merch_0004,search_sponsored_item
clk_0002351,imp_00022103,2026-08-20 08:42:56,usr_003492,merch_0100,feed_banner_top
clk_0003167,imp_00030073,2026-08-20 08:46:30,usr_002728,merch_0200,feed_banner_top
clk_0001738,imp_00016044,2026-08-20 09:00:04,usr_003521,merch_0094,search_sponsored_item
clk_0005522,imp_00052124,2026-08-20 09:06:08,usr_003807,merch_0186,feed_banner_top
clk_0003440,imp_00032749,2026-08-20 09:11:02,usr_001623,merch_0142,post_order_carousel
clk_0001652,imp_00015244,2026-08-20 09:45:11,usr_002354,merch_0069,search_sponsored_item
clk_0002840,imp_00027045,2026-08-20 09:47:35,usr_000128,merch_0144,feed_banner_top
clk_0005590,imp_00052782,2026-08-20 09:57:07,usr_000755,merch_0124,feed_banner_top
clk_0002904,imp_00027542,2026-08-20 10:02:40,usr_001764,merch_0124,feed_banner_top
clk_0003493,imp_00033238,2026-08-20 10:08:32,usr_002231,merch_0023,search_sponsored_item
clk_0004489,imp_00042395,2026-08-20 10:16:16,usr_001333,merch_0056,search_sponsored_item
clk_0000521,imp_00004703,2026-08-20 10:19:05,usr_000306,merch_0058,search_sponsored_item
clk_0004949,imp_00046490,2026-08-20 10:31:32,usr_003057,merch_0049,feed_banner_top
clk_0003203,imp_00030492,2026-08-20 10:48:06,usr_000060,merch_0039,category_highlight
clk_0003455,imp_00032902,2026-08-20 11:16:41,usr_004662,merch_0112,feed_banner_top
clk_0002418,imp_00022811,2026-08-20 11:24:57,usr_000186,merch_0094,search_sponsored_item
clk_0004083,imp_00038415,2026-08-20 11:30:56,usr_002420,merch_0040,search_sponsored_item
clk_0005059,imp_00047553,2026-08-20 11:36:22,usr_003603,merch_0149,post_order_carousel
clk_0002872,imp_00027282,2026-08-20 11:52:57,usr_000894,merch_0044,search_sponsored_item
clk_0006192,imp_00058696,2026-08-20 12:07:06,usr_004258,merch_0032,feed_banner_top
clk_0004084,imp_00038423,2026-08-20 12:17:07,usr_001651,merch_0186,search_sponsored_item
clk_0002238,imp_00021002,2026-08-20 12:18:53,usr_004002,merch_0092,feed_banner_top
clk_0004104,imp_00038584,2026-08-20 12:26:32,usr_003684,merch_0097,feed_banner_top
clk_0005247,imp_00049348,2026-08-20 12:32:11,usr_000531,merch_0135,feed_banner_top
clk_0000384,imp_00003643,2026-08-20 13:10:43,usr_000732,merch_0092,post_order_carousel
clk_0002100,imp_00019553,2026-08-20 13:11:34,usr_002984,merch_0119,search_sponsored_item
clk_0003908,imp_00037018,2026-08-20 13:15:49,usr_002464,merch_0001,search_sponsored_item
clk_0006242,imp_00059281,2026-08-20 13:20:31,usr_003482,merch_0094,search_sponsored_item
clk_0005826,imp_00054964,2026-08-20 13:27:08,usr_000388,merch_0100,search_sponsored_item
clk_0002658,imp_00025074,2026-08-20 14:04:47,usr_001365,merch_0016,search_sponsored_item
clk_0004065,imp_00038318,2026-08-20 14:06:36,usr_003216,merch_0186,feed_banner_top
clk_0004467,imp_00042208,2026-08-20 14:14:23,usr_004681,merch_0017,feed_banner_top
clk_0005217,imp_00049076,2026-08-20 14:21:14,usr_000403,merch_0144,feed_banner_top
clk_0000243,imp_00002285,2026-08-20 14:25:53,usr_002852,merch_0174,feed_banner_top
clk_0000008,imp_00000052,2026-08-20 14:26:35,usr_000562,merch_0125,category_highlight
clk_0005450,imp_00051432,2026-08-20 14:43:47,usr_004229,merch_0033,feed_banner_top
clk_0003511,imp_00033388,2026-08-20 14:55:31,usr_001935,merch_0060,feed_banner_top
clk_0004842,imp_00045513,2026-08-20 14:58:04,usr_001788,merch_0148,feed_banner_top
clk_0001692,imp_00015594,2026-08-20 15:26:01,usr_003889,merch_0015,feed_banner_top
clk_0002714,imp_00025674,2026-08-20 15:49:35,usr_003320,merch_0181,category_highlight
clk_0001808,imp_00016712,2026-08-20 15:49:58,usr_002387,merch_0117,feed_banner_top
clk_0000444,imp_00004067,2026-08-20 15:53:40,usr_001509,merch_0150,search_sponsored_item
clk_0004821,imp_00045365,2026-08-20 15:54:03,usr_003601,merch_0019,search_sponsored_item
clk_0004049,imp_00038173,2026-08-20 16:00:36,usr_002546,merch_0025,search_sponsored_item
clk_0004053,imp_00038228,2026-08-20 16:02:43,usr_004754,merch_0041,feed_banner_top
clk_0003283,imp_00031252,2026-08-20 16:14:21,usr_001254,merch_0059,search_sponsored_item
clk_0002480,imp_00023226,2026-08-20 16:16:47,usr_002716,merch_0100,post_order_carousel
clk_0003602,imp_00034328,2026-08-20 16:16:52,usr_002376,merch_0150,feed_banner_top
clk_0002620,imp_00024601,2026-08-20 16:42:00,usr_000812,merch_0052,search_sponsored_item
clk_0002136,imp_00019951,2026-08-20 17:02:03,usr_000011,merch_0128,feed_banner_top
clk_0003348,imp_00031799,2026-08-20 17:09:38,usr_001231,merch_0001,feed_banner_top
clk_0000953,imp_00008833,2026-08-20 17:22:12,usr_003611,merch_0152,post_order_carousel
clk_0003737,imp_00035466,2026-08-20 17:41:57,usr_004645,merch_0094,search_sponsored_item
clk_0005951,imp_00056147,2026-08-20 17:44:07,usr_002588,merch_0019,post_order_carousel
clk_0005193,imp_00048821,2026-08-20 17:54:24,usr_000639,merch_0178,search_sponsored_item
clk_0000483,imp_00004438,2026-08-20 18:15:54,usr_003726,merch_0025,search_sponsored_item
clk_0001028,imp_00009512,2026-08-20 18:27:44,usr_001065,merch_0138,search_sponsored_item
clk_0003671,imp_00035062,2026-08-20 19:14:37,usr_001876,merch_0150,feed_banner_top
clk_0001128,imp_00010525,2026-08-20 19:31:03,usr_001872,merch_0170,feed_banner_top
clk_0004545,imp_00042915,2026-08-20 19:39:05,usr_001576,merch_0016,search_sponsored_item
clk_0002413,imp_00022780,2026-08-20 19:43:13,usr_003011,merch_0025,search_sponsored_item
clk_0002233,imp_00020928,2026-08-20 19:48:19,usr_001989,merch_0125,search_sponsored_item
clk_0006034,imp_00056965,2026-08-20 19:52:27,usr_003662,merch_0181,search_sponsored_item
clk_0002451,imp_00023074,2026-08-20 20:00:28,usr_003503,merch_0152,search_sponsored_item
clk_0003400,imp_00032328,2026-08-20 20:01:24,usr_003903,merch_0174,search_sponsored_item
clk_0001087,imp_00010097,2026-08-20 20:24:06,usr_000038,merch_0178,post_order_carousel
clk_0000261,imp_00002420,2026-08-20 20:31:56,usr_004158,merch_0186,search_sponsored_item
clk_0005618,imp_00052990,2026-08-20 20:32:48,usr_000440,merch_0165,post_order_carousel
clk_0000533,imp_00004842,2026-08-20 20:34:33,usr_000023,merch_0049,search_sponsored_item
clk_0000795,imp_00007508,2026-08-20 20:56:53,usr_003477,merch_0181,post_order_carousel
clk_0005717,imp_00053901,2026-08-20 21:02:42,usr_002338,merch_0174,post_order_carousel
clk_0000857,imp_00008061,2026-08-20 21:25:03,usr_004604,merch_0062,feed_banner_top
clk_0000065,imp_00000636,2026-08-20 21:44:12,usr_002009,merch_0199,search_sponsored_item
clk_0004197,imp_00039518,2026-08-20 21:44:53,usr_001538,merch_0125,feed_banner_top
clk_0005704,imp_00053769,2026-08-20 21:48:25,usr_003054,merch_0037,search_sponsored_item
clk_0003473,imp_00033063,2026-08-20 21:51:52,usr_001479,merch_0001,search_sponsored_item
clk_0003007,imp_00028546,2026-08-20 21:52:09,usr_004417,merch_0119,search_sponsored_item
clk_0003815,imp_00036200,2026-08-20 22:01:18,usr_004960,merch_0141,search_sponsored_item
clk_0005552,imp_00052383,2026-08-20 22:03:58,usr_002359,merch_0112,feed_banner_top
clk_0001086,imp_00010087,2026-08-20 22:25:05,usr_004433,merch_0112,search_sponsored_item
clk_0000779,imp_00007274,2026-08-20 22:28:04,usr_000907,merch_0059,search_sponsored_item
clk_0003459,imp_00032935,2026-08-20 22:28:45,usr_002384,merch_0097,search_sponsored_item
clk_0000205,imp_00001962,2026-08-20 22:31:53,usr_004335,merch_0052,search_sponsored_item
clk_0004970,imp_00046695,2026-08-20 22:49:45,usr_002733,merch_0041,search_sponsored_item
clk_0000134,imp_00001250,2026-08-20 23:08:30,usr_000070,merch_0004,search_sponsored_item
clk_0001161,imp_00010903,2026-08-20 23:09:13,usr_001690,merch_0094,search_sponsored_item
clk_0005725,imp_00053952,2026-08-20 23:40:36,usr_001449,merch_0077,search_sponsored_item
clk_0006177,imp_00058500,2026-08-20 23:44:44,usr_003096,merch_0170,search_sponsored_item
clk_0001347,imp_00012500,2026-08-20 23:51:28,usr_000432,merch_0128,search_sponsored_item
clk_0003462,imp_00032974,2026-08-21 00:10:40,usr_000451,merch_0135,post_order_carousel
clk_0003219,imp_00030611,2026-08-21 00:19:27,usr_002680,merch_0141,search_sponsored_item
clk_0005798,imp_00054711,2026-08-21 00:45:02,usr_002163,merch_0044,search_sponsored_item
clk_0005245,imp_00049340,2026-08-21 00:47:34,usr_004078,merch_0037,feed_banner_top
clk_0001717,imp_00015836,2026-08-21 01:02:47,usr_004109,merch_0030,feed_banner_top
clk_0002732,imp_00025835,2026-08-21 01:03:10,usr_003843,merch_0089,feed_banner_top
clk_0002191,imp_00020569,2026-08-21 01:11:04,usr_004880,merch_0025,search_sponsored_item
clk_0000164,imp_00001550,2026-08-21 01:12:52,usr_004206,merch_0049,search_sponsored_item
clk_0000893,imp_00008351,2026-08-21 01:26:28,usr_002087,merch_0059,search_sponsored_item
clk_0006311,imp_00059934,2026-08-21 01:26:54,usr_000164,merch_0086,search_sponsored_item
clk_0003900,imp_00036959,2026-08-21 01:38:24,usr_002456,merch_0148,search_sponsored_item
clk_0002397,imp_00022606,2026-08-21 01:50:40,usr_002150,merch_0181,search_sponsored_item
clk_0000457,imp_00004168,2026-08-21 02:15:46,usr_004057,merch_0069,feed_banner_top
clk_0000123,imp_00001156,2026-08-21 02:23:58,usr_001699,merch_0125,feed_banner_top
clk_0001353,imp_00012536,2026-08-21 02:24:24,usr_000512,merch_0188,search_sponsored_item
clk_0001099,imp_00010228,2026-08-21 02:24:33,usr_000482,merch_0147,search_sponsored_item
clk_0002861,imp_00027177,2026-08-21 02:29:54,usr_004141,merch_0150,search_sponsored_item
clk_0003179,imp_00030191,2026-08-21 02:36:32,usr_001622,merch_0174,post_order_carousel
clk_0004196,imp_00039506,2026-08-21 02:43:55,usr_002266,merch_0034,search_sponsored_item
clk_0005132,imp_00048255,2026-08-21 02:58:03,usr_001976,merch_0188,category_highlight
clk_0005567,imp_00052535,2026-08-21 03:12:43,usr_001189,merch_0047,feed_banner_top
clk_0005442,imp_00051344,2026-08-21 03:24:52,usr_003162,merch_0024,category_highlight
clk_0000973,imp_00008997,2026-08-21 03:26:32,usr_001058,merch_0025,search_sponsored_item
clk_0003830,imp_00036337,2026-08-21 03:29:02,usr_000194,merch_0040,search_sponsored_item
clk_0005420,imp_00051092,2026-08-21 03:31:10,usr_003436,merch_0110,search_sponsored_item
clk_0001554,imp_00014354,2026-08-21 03:43:44,usr_002347,merch_0059,feed_banner_top
clk_0002150,imp_00020073,2026-08-21 03:53:10,usr_003531,merch_0174,search_sponsored_item
clk_0000841,imp_00007879,2026-08-21 04:24:23,usr_000582,merch_0186,search_sponsored_item
clk_0003987,imp_00037658,2026-08-21 04:24:53,usr_003262,merch_0131,search_sponsored_item
clk_0000965,imp_00008950,2026-08-21 04:36:05,usr_002139,merch_0036,feed_banner_top
clk_0003527,imp_00033519,2026-08-21 05:00:04,usr_000711,merch_0056,feed_banner_top
clk_0001098,imp_00010214,2026-08-21 05:00:59,usr_002247,merch_0025,feed_banner_top
clk_0002142,imp_00019973,2026-08-21 05:04:34,usr_003241,merch_0147,search_sponsored_item
clk_0002484,imp_00023312,2026-08-21 05:21:15,usr_002934,merch_0039,post_order_carousel
clk_0005977,imp_00056354,2026-08-21 05:29:23,usr_004535,merch_0060,feed_banner_top
clk_0000348,imp_00003250,2026-08-21 05:33:59,usr_002242,merch_0144,feed_banner_top
clk_0003674,imp_00035075,2026-08-21 05:59:46,usr_002524,merch_0019,search_sponsored_item
clk_0005138,imp_00048281,2026-08-21 06:04:15,usr_002008,merch_0060,category_highlight
clk_0001885,imp_00017389,2026-08-21 06:06:40,usr_000006,merch_0168,post_order_carousel
clk_0000330,imp_00003100,2026-08-21 06:12:39,usr_000615,merch_0036,search_sponsored_item
clk_0006064,imp_00057317,2026-08-21 06:26:12,usr_001969,merch_0072,feed_banner_top
clk_0003395,imp_00032286,2026-08-21 06:28:08,usr_004096,merch_0033,search_sponsored_item
clk_0002096,imp_00019523,2026-08-21 06:42:54,usr_004109,merch_0117,category_highlight
clk_0003972,imp_00037509,2026-08-21 06:43:57,usr_004335,merch_0131,feed_banner_top
clk_0001486,imp_00013666,2026-08-21 06:46:20,usr_002781,merch_0170,feed_banner_top
clk_0006205,imp_00058923,2026-08-21 06:49:08,usr_000521,merch_0085,feed_banner_top
clk_0000345,imp_00003237,2026-08-21 06:51:16,usr_002277,merch_0049,search_sponsored_item
clk_0001033,imp_00009552,2026-08-21 06:55:01,usr_001561,merch_0030,search_sponsored_item
clk_0004724,imp_00044553,2026-08-21 07:07:59,usr_001179,merch_0092,post_order_carousel
clk_0001019,imp_00009410,2026-08-21 07:24:35,usr_003621,merch_0045,post_order_carousel
clk_0004534,imp_00042788,2026-08-21 07:58:09,usr_002875,merch_0148,search_sponsored_item
clk_0004017,imp_00037900,2026-08-21 08:20:28,usr_002003,merch_0103,search_sponsored_item
clk_0004760,imp_00044868,2026-08-21 08:30:48,usr_002272,merch_0162,post_order_carousel
clk_0005732,imp_00054021,2026-08-21 08:38:40,usr_002842,merch_0196,category_highlight
clk_0004711,imp_00044462,2026-08-21 08:46:25,usr_001779,merch_0056,search_sponsored_item
clk_0003122,imp_00029632,2026-08-21 09:00:27,usr_003607,merch_0144,post_order_carousel
clk_0004921,imp_00046277,2026-08-21 09:04:52,usr_001433,merch_0152,search_sponsored_item
clk_0002755,imp_00026055,2026-08-21 09:24:57,usr_003039,merch_0016,feed_banner_top
clk_0005867,imp_00055250,2026-08-21 09:26:33,usr_002618,merch_0154,post_order_carousel
clk_0004855,imp_00045618,2026-08-21 09:29:27,usr_001978,merch_0168,feed_banner_top
clk_0005407,imp_00050990,2026-08-21 09:34:40,usr_000802,merch_0174,feed_banner_top
clk_0000895,imp_00008366,2026-08-21 09:55:02,usr_004073,merch_0032,search_sponsored_item
clk_0005107,imp_00048023,2026-08-21 10:30:12,usr_002537,merch_0023,search_sponsored_item
clk_0001235,imp_00011470,2026-08-21 10:32:10,usr_002778,merch_0097,search_sponsored_item
clk_0000230,imp_00002178,2026-08-21 10:47:07,usr_004047,merch_0069,search_sponsored_item
clk_0003178,imp_00030189,2026-08-21 10:48:22,usr_000373,merch_0138,feed_banner_top
clk_0005036,imp_00047328,2026-08-21 10:49:55,usr_000886,merch_0015,feed_banner_top
clk_0005834,imp_00055042,2026-08-21 10:55:49,usr_002513,merch_0128,search_sponsored_item
clk_0004825,imp_00045392,2026-08-21 10:56:30,usr_004508,merch_0086,search_sponsored_item
clk_0003458,imp_00032927,2026-08-21 11:01:10,usr_000873,merch_0092,search_sponsored_item
clk_0004751,imp_00044773,2026-08-21 11:01:12,usr_000595,merch_0117,search_sponsored_item
clk_0004680,imp_00044171,2026-08-21 11:01:29,usr_002905,merch_0147,feed_banner_top
clk_0001810,imp_00016736,2026-08-21 11:12:42,usr_001139,merch_0181,feed_banner_top
clk_0000295,imp_00002761,2026-08-21 11:17:17,usr_004052,merch_0130,feed_banner_top
clk_0002938,imp_00027936,2026-08-21 11:22:31,usr_000080,merch_0131,feed_banner_top
clk_0000171,imp_00001630,2026-08-21 11:23:17,usr_001171,merch_0147,search_sponsored_item
clk_0000493,imp_00004508,2026-08-21 11:30:19,usr_002126,merch_0144,search_sponsored_item
clk_0003140,imp_00029864,2026-08-21 11:30:39,usr_004566,merch_0097,feed_banner_top
clk_0003181,imp_00030204,2026-08-21 11:32:39,usr_004312,merch_0034,search_sponsored_item
clk_0004269,imp_00040229,2026-08-21 11:55:37,usr_000155,merch_0079,post_order_carousel
clk_0003893,imp_00036899,2026-08-21 11:59:13,usr_002087,merch_0100,category_highlight
clk_0003810,imp_00036122,2026-08-21 12:05:24,usr_000111,merch_0170,feed_banner_top
clk_0005967,imp_00056283,2026-08-21 12:19:39,usr_003537,merch_0089,search_sponsored_item
clk_0002287,imp_00021412,2026-08-21 12:23:01,usr_002129,merch_0024,search_sponsored_item
clk_0001548,imp_00014253,2026-08-21 12:25:57,usr_003288,merch_0001,search_sponsored_item
clk_0004743,imp_00044733,2026-08-21 12:26:17,usr_004060,merch_0077,post_order_carousel
clk_0001501,imp_00013870,2026-08-21 12:28:28,usr_002220,merch_0089,post_order_carousel
clk_0002400,imp_00022651,2026-08-21 12:37:37,usr_002515,merch_0124,search_sponsored_item
clk_0004266,imp_00040191,2026-08-21 12:51:10,usr_004294,merch_0168,search_sponsored_item
clk_0001519,imp_00014037,2026-08-21 13:28:43,usr_004148,merch_0117,search_sponsored_item
clk_0003658,imp_00034863,2026-08-21 13:31:35,usr_003577,merch_0117,search_sponsored_item
clk_0005679,imp_00053554,2026-08-21 13:35:59,usr_001418,merch_0049,search_sponsored_item
clk_0004056,imp_00038258,2026-08-21 13:49:09,usr_002574,merch_0150,feed_banner_top
clk_0000495,imp_00004535,2026-08-21 13:51:55,usr_000418,merch_0130,search_sponsored_item
clk_0002357,imp_00022150,2026-08-21 13:52:57,usr_004207,merch_0094,feed_banner_top
clk_0001994,imp_00018483,2026-08-21 13:54:31,usr_001897,merch_0130,search_sponsored_item
clk_0000920,imp_00008594,2026-08-21 14:21:10,usr_002760,merch_0032,feed_banner_top
clk_0006080,imp_00057486,2026-08-21 14:47:05,usr_000202,merch_0128,feed_banner_top
clk_0006011,imp_00056723,2026-08-21 14:50:42,usr_004660,merch_0032,feed_banner_top
clk_0000842,imp_00007884,2026-08-21 14:51:50,usr_000303,merch_0001,feed_banner_top
clk_0005367,imp_00050614,2026-08-21 14:57:05,usr_004401,merch_0147,feed_banner_top
clk_0003642,imp_00034700,2026-08-21 15:19:00,usr_003409,merch_0058,feed_banner_top
clk_0004175,imp_00039313,2026-08-21 15:23:11,usr_000716,merch_0039,post_order_carousel
clk_0006209,imp_00058934,2026-08-21 15:38:08,usr_000930,merch_0162,search_sponsored_item
clk_0005047,imp_00047459,2026-08-21 16:05:33,usr_001983,merch_0036,search_sponsored_item
clk_0000551,imp_00005004,2026-08-21 16:05:53,usr_001652,merch_0085,feed_banner_top
clk_0001936,imp_00017849,2026-08-21 16:19:51,usr_004899,merch_0144,category_highlight
clk_0001586,imp_00014676,2026-08-21 16:26:37,usr_004434,merch_0015,feed_banner_top
clk_0003683,imp_00035138,2026-08-21 16:47:57,usr_003663,merch_0163,feed_banner_top
clk_0005753,imp_00054191,2026-08-21 16:48:16,usr_001140,merch_0041,search_sponsored_item
clk_0003075,imp_00029206,2026-08-21 16:55:39,usr_003607,merch_0112,search_sponsored_item
clk_0000327,imp_00003072,2026-08-21 17:10:53,usr_000327,merch_0150,category_highlight
clk_0000499,imp_00004551,2026-08-21 17:12:41,usr_000918,merch_0033,feed_banner_top
clk_0004679,imp_00044169,2026-08-21 17:19:22,usr_002076,merch_0086,search_sponsored_item
clk_0004240,imp_00039887,2026-08-21 17:21:35,usr_002297,merch_0092,search_sponsored_item
clk_0005375,imp_00050669,2026-08-21 17:26:17,usr_000640,merch_0045,search_sponsored_item
clk_0001853,imp_00017087,2026-08-21 17:52:34,usr_000067,merch_0186,post_order_carousel
clk_0004559,imp_00043088,2026-08-21 17:53:31,usr_003967,merch_0059,search_sponsored_item
clk_0004766,imp_00044928,2026-08-21 18:14:45,usr_003685,merch_0077,search_sponsored_item
clk_0004220,imp_00039740,2026-08-21 18:19:16,usr_000605,merch_0097,feed_banner_top
clk_0005572,imp_00052575,2026-08-21 18:26:17,usr_001387,merch_0025,search_sponsored_item
clk_0002179,imp_00020428,2026-08-21 18:33:01,usr_002970,merch_0097,search_sponsored_item
clk_0003278,imp_00031199,2026-08-21 18:38:16,usr_003276,merch_0111,search_sponsored_item
clk_0001199,imp_00011247,2026-08-21 18:41:04,usr_002364,merch_0047,search_sponsored_item
clk_0000775,imp_00007224,2026-08-21 18:47:29,usr_003001,merch_0036,search_sponsored_item
clk_0002091,imp_00019434,2026-08-21 18:48:18,usr_001385,merch_0148,category_highlight
clk_0005109,imp_00048042,2026-08-21 18:54:34,usr_001322,merch_0141,feed_banner_top
clk_0002724,imp_00025771,2026-08-21 19:30:35,usr_002976,merch_0045,feed_banner_top
clk_0002928,imp_00027800,2026-08-21 19:36:18,usr_001537,merch_0032,search_sponsored_item
clk_0005188,imp_00048775,2026-08-21 19:40:14,usr_003629,merch_0056,feed_banner_top
clk_0001773,imp_00016378,2026-08-21 19:56:03,usr_000459,merch_0131,feed_banner_top
clk_0001786,imp_00016487,2026-08-21 20:10:28,usr_003693,merch_0125,search_sponsored_item
clk_0001514,imp_00013972,2026-08-21 20:24:25,usr_001364,merch_0140,feed_banner_top
clk_0002677,imp_00025284,2026-08-21 20:30:16,usr_001652,merch_0117,search_sponsored_item
clk_0003736,imp_00035451,2026-08-21 20:30:25,usr_003527,merch_0023,search_sponsored_item
clk_0000347,imp_00003249,2026-08-21 21:00:01,usr_003681,merch_0004,search_sponsored_item
clk_0001824,imp_00016873,2026-08-21 21:02:15,usr_003262,merch_0060,post_order_carousel
clk_0000938,imp_00008726,2026-08-21 21:09:54,usr_004756,merch_0004,category_highlight
clk_0006006,imp_00056680,2026-08-21 21:52:36,usr_002747,merch_0052,search_sponsored_item
clk_0000535,imp_00004854,2026-08-21 22:27:17,usr_000001,merch_0147,search_sponsored_item
clk_0000671,imp_00006224,2026-08-21 22:34:36,usr_002760,merch_0100,feed_banner_top
clk_0005227,imp_00049180,2026-08-21 23:00:44,usr_004663,merch_0169,search_sponsored_item
clk_0000693,imp_00006392,2026-08-21 23:03:00,usr_004858,merch_0144,search_sponsored_item
clk_0000183,imp_00001695,2026-08-21 23:08:29,usr_000449,merch_0188,feed_banner_top
clk_0004782,imp_00045037,2026-08-21 23:21:48,usr_001046,merch_0083,search_sponsored_item
clk_0001971,imp_00018241,2026-08-21 23:30:25,usr_004754,merch_0032,search_sponsored_item
clk_0006147,imp_00058222,2026-08-21 23:31:00,usr_001160,merch_0149,feed_banner_top
clk_0001026,imp_00009475,2026-08-21 23:35:20,usr_004553,merch_0030,feed_banner_top
clk_0004098,imp_00038552,2026-08-21 23:49:58,usr_000544,merch_0183,feed_banner_top
clk_0004963,imp_00046631,2026-08-22 00:02:02,usr_002913,merch_0150,feed_banner_top
clk_0005055,imp_00047524,2026-08-22 00:08:29,usr_002247,merch_0163,search_sponsored_item
clk_0001711,imp_00015791,2026-08-22 00:39:45,usr_001193,merch_0163,post_order_carousel
clk_0001850,imp_00017063,2026-08-22 00:58:59,usr_004646,merch_0178,search_sponsored_item
clk_0005490,imp_00051817,2026-08-22 01:29:06,usr_002164,merch_0124,search_sponsored_item
clk_0004506,imp_00042538,2026-08-22 01:53:51,usr_003271,merch_0128,feed_banner_top
clk_0006074,imp_00057448,2026-08-22 02:18:45,usr_004261,merch_0149,category_highlight
clk_0000273,imp_00002553,2026-08-22 02:41:12,usr_001619,merch_0169,search_sponsored_item
clk_0004972,imp_00046700,2026-08-22 02:53:57,usr_003371,merch_0154,search_sponsored_item
clk_0002542,imp_00023823,2026-08-22 03:06:38,usr_003143,merch_0112,feed_banner_top
clk_0005756,imp_00054212,2026-08-22 03:12:49,usr_001346,merch_0062,feed_banner_top
clk_0000423,imp_00003896,2026-08-22 03:18:40,usr_003323,merch_0161,search_sponsored_item
clk_0005557,imp_00052428,2026-08-22 03:29:24,usr_001242,merch_0040,category_highlight
clk_0001051,imp_00009768,2026-08-22 03:38:46,usr_002046,merch_0169,feed_banner_top
clk_0005208,imp_00048988,2026-08-22 03:47:34,usr_001828,merch_0058,search_sponsored_item
clk_0001843,imp_00017029,2026-08-22 03:48:00,usr_000502,merch_0032,search_sponsored_item
clk_0000589,imp_00005401,2026-08-22 03:54:14,usr_001673,merch_0023,feed_banner_top
clk_0000023,imp_00000278,2026-08-22 04:14:03,usr_003253,merch_0017,feed_banner_top
clk_0003712,imp_00035316,2026-08-22 04:15:00,usr_002396,merch_0019,feed_banner_top
clk_0003383,imp_00032170,2026-08-22 04:16:51,usr_000779,merch_0089,search_sponsored_item
clk_0001669,imp_00015438,2026-08-22 04:20:20,usr_001522,merch_0052,post_order_carousel
clk_0003085,imp_00029321,2026-08-22 04:29:08,usr_000617,merch_0162,feed_banner_top
clk_0001274,imp_00011797,2026-08-22 04:49:06,usr_001003,merch_0168,post_order_carousel
clk_0002681,imp_00025320,2026-08-22 05:00:18,usr_001323,merch_0041,category_highlight
clk_0000352,imp_00003313,2026-08-22 05:40:03,usr_001989,merch_0138,feed_banner_top
clk_0004631,imp_00043758,2026-08-22 05:47:43,usr_003497,merch_0062,feed_banner_top
clk_0000846,imp_00007929,2026-08-22 05:55:02,usr_004236,merch_0004,search_sponsored_item
clk_0000017,imp_00000167,2026-08-22 06:01:37,usr_002231,merch_0060,search_sponsored_item
clk_0004888,imp_00045910,2026-08-22 06:34:37,usr_002352,merch_0032,search_sponsored_item
clk_0004926,imp_00046352,2026-08-22 07:01:03,usr_002166,merch_0044,search_sponsored_item
clk_0004028,imp_00037978,2026-08-22 07:04:44,usr_003762,merch_0015,search_sponsored_item
clk_0000980,imp_00009043,2026-08-22 07:24:20,usr_001628,merch_0004,search_sponsored_item
clk_0006048,imp_00057077,2026-08-22 07:32:37,usr_004501,merch_0062,feed_banner_top
clk_0003665,imp_00035010,2026-08-22 07:54:42,usr_002501,merch_0030,feed_banner_top
clk_0001989,imp_00018443,2026-08-22 07:59:24,usr_002336,merch_0008,post_order_carousel
clk_0004696,imp_00044353,2026-08-22 08:02:30,usr_004658,merch_0040,feed_banner_top
clk_0003147,imp_00029924,2026-08-22 08:08:31,usr_001162,merch_0071,search_sponsored_item
clk_0005778,imp_00054523,2026-08-22 08:29:09,usr_003007,merch_0092,feed_banner_top
clk_0003374,imp_00032088,2026-08-22 08:30:41,usr_000212,merch_0142,feed_banner_top
clk_0000280,imp_00002646,2026-08-22 08:41:30,usr_004598,merch_0148,feed_banner_top
clk_0001923,imp_00017748,2026-08-22 08:55:14,usr_004322,merch_0083,post_order_carousel
clk_0000421,imp_00003882,2026-08-22 09:20:01,usr_002972,merch_0186,search_sponsored_item
clk_0002629,imp_00024772,2026-08-22 09:34:40,usr_002342,merch_0178,category_highlight
clk_0005312,imp_00049938,2026-08-22 09:35:34,usr_000999,merch_0148,search_sponsored_item
clk_0003897,imp_00036937,2026-08-22 09:49:20,usr_002628,merch_0124,search_sponsored_item
clk_0006127,imp_00058033,2026-08-22 09:58:04,usr_000428,merch_0078,feed_banner_top
clk_0006188,imp_00058625,2026-08-22 10:07:03,usr_000869,merch_0034,post_order_carousel
clk_0004090,imp_00038485,2026-08-22 10:12:44,usr_002036,merch_0047,feed_banner_top
clk_0003481,imp_00033118,2026-08-22 10:21:42,usr_001398,merch_0015,category_highlight
clk_0002960,imp_00028093,2026-08-22 10:25:16,usr_002757,merch_0036,feed_banner_top
clk_0000505,imp_00004586,2026-08-22 10:26:36,usr_001158,merch_0040,post_order_carousel
clk_0000279,imp_00002639,2026-08-22 10:51:08,usr_000599,merch_0015,search_sponsored_item
clk_0000564,imp_00005096,2026-08-22 10:54:49,usr_004996,merch_0015,feed_banner_top
clk_0003546,imp_00033781,2026-08-22 11:07:12,usr_003115,merch_0174,search_sponsored_item
clk_0001489,imp_00013703,2026-08-22 11:12:07,usr_001656,merch_0032,feed_banner_top
clk_0005978,imp_00056360,2026-08-22 11:15:17,usr_004537,merch_0112,search_sponsored_item
clk_0004307,imp_00040584,2026-08-22 11:18:50,usr_004826,merch_0174,search_sponsored_item
clk_0002385,imp_00022418,2026-08-22 11:28:18,usr_004306,merch_0072,feed_banner_top
clk_0005126,imp_00048193,2026-08-22 11:29:40,usr_003568,merch_0144,feed_banner_top
clk_0004335,imp_00040985,2026-08-22 11:51:04,usr_000982,merch_0178,feed_banner_top
clk_0001110,imp_00010303,2026-08-22 12:00:34,usr_004146,merch_0023,search_sponsored_item
clk_0001352,imp_00012526,2026-08-22 13:13:59,usr_000198,merch_0052,search_sponsored_item
clk_0000562,imp_00005075,2026-08-22 13:16:25,usr_000404,merch_0130,search_sponsored_item
clk_0000189,imp_00001792,2026-08-22 13:16:57,usr_000843,merch_0058,feed_banner_top
clk_0004835,imp_00045450,2026-08-22 13:22:09,usr_003218,merch_0148,category_highlight
clk_0004294,imp_00040433,2026-08-22 13:29:57,usr_002840,merch_0015,search_sponsored_item
clk_0001206,imp_00011285,2026-08-22 13:48:32,usr_001543,merch_0150,feed_banner_top
clk_0006053,imp_00057152,2026-08-22 14:05:06,usr_004783,merch_0104,search_sponsored_item
clk_0000999,imp_00009213,2026-08-22 14:07:25,usr_004325,merch_0162,post_order_carousel
clk_0003487,imp_00033175,2026-08-22 14:18:14,usr_004243,merch_0083,category_highlight
clk_0004604,imp_00043521,2026-08-22 14:21:27,usr_004329,merch_0083,search_sponsored_item
clk_0002945,imp_00027997,2026-08-22 15:10:30,usr_004107,merch_0110,search_sponsored_item
clk_0006284,imp_00059644,2026-08-22 15:23:32,usr_002174,merch_0144,post_order_carousel
clk_0002018,imp_00018693,2026-08-22 15:26:01,usr_004941,merch_0149,category_highlight
clk_0002034,imp_00018835,2026-08-22 15:27:07,usr_002207,merch_0015,search_sponsored_item
clk_0000759,imp_00007088,2026-08-22 15:30:50,usr_004082,merch_0200,search_sponsored_item
clk_0001779,imp_00016438,2026-08-22 15:31:35,usr_002225,merch_0047,search_sponsored_item
clk_0000177,imp_00001653,2026-08-22 15:37:07,usr_001029,merch_0100,feed_banner_top
clk_0004299,imp_00040518,2026-08-22 15:37:21,usr_004779,merch_0047,search_sponsored_item
clk_0004310,imp_00040620,2026-08-22 15:48:56,usr_001780,merch_0163,post_order_carousel
clk_0005136,imp_00048273,2026-08-22 15:56:49,usr_004145,merch_0147,feed_banner_top
clk_0002362,imp_00022194,2026-08-22 16:03:47,usr_004206,merch_0174,feed_banner_top
clk_0000833,imp_00007812,2026-08-22 16:18:49,usr_004488,merch_0196,feed_banner_top
clk_0005744,imp_00054114,2026-08-22 16:25:20,usr_000919,merch_0077,search_sponsored_item
clk_0005936,imp_00055919,2026-08-22 16:28:33,usr_002136,merch_0125,search_sponsored_item
clk_0003616,imp_00034449,2026-08-22 16:36:04,usr_001421,merch_0089,post_order_carousel
clk_0005860,imp_00055191,2026-08-22 16:44:11,usr_001007,merch_0025,search_sponsored_item
clk_0004632,imp_00043760,2026-08-22 16:46:46,usr_000621,merch_0072,category_highlight
clk_0004994,imp_00046878,2026-08-22 16:53:42,usr_000708,merch_0040,search_sponsored_item
clk_0005657,imp_00053342,2026-08-22 17:06:40,usr_004512,merch_0144,search_sponsored_item
clk_0005668,imp_00053459,2026-08-22 17:08:09,usr_001879,merch_0094,search_sponsored_item
clk_0001516,imp_00014009,2026-08-22 17:12:37,usr_002566,merch_0085,search_sponsored_item
clk_0001284,imp_00011893,2026-08-22 17:17:16,usr_004227,merch_0092,search_sponsored_item
clk_0003883,imp_00036813,2026-08-22 17:23:00,usr_003624,merch_0056,search_sponsored_item
clk_0004959,imp_00046560,2026-08-22 17:37:09,usr_001731,merch_0168,feed_banner_top
clk_0005448,imp_00051400,2026-08-22 17:45:51,usr_002070,merch_0033,category_highlight
clk_0000087,imp_00000810,2026-08-22 18:04:54,usr_003761,merch_0147,category_highlight
clk_0001539,imp_00014175,2026-08-22 18:05:16,usr_004317,merch_0079,category_highlight
clk_0002406,imp_00022728,2026-08-22 18:27:23,usr_002379,merch_0040,feed_banner_top
clk_0005495,imp_00051835,2026-08-22 18:38:44,usr_002057,merch_0124,search_sponsored_item
clk_0005764,imp_00054293,2026-08-22 18:42:36,usr_003259,merch_0161,search_sponsored_item
clk_0001270,imp_00011733,2026-08-22 18:53:29,usr_004097,merch_0083,feed_banner_top
clk_0000477,imp_00004407,2026-08-22 19:43:07,usr_003316,merch_0196,post_order_carousel
clk_0000343,imp_00003233,2026-08-22 19:50:32,usr_003257,merch_0092,search_sponsored_item
clk_0000528,imp_00004767,2026-08-22 19:52:37,usr_000926,merch_0168,feed_banner_top
clk_0005622,imp_00053032,2026-08-22 19:58:43,usr_004564,merch_0130,feed_banner_top
clk_0006228,imp_00059156,2026-08-22 20:15:36,usr_001662,merch_0040,feed_banner_top
clk_0005455,imp_00051467,2026-08-22 20:18:25,usr_001716,merch_0196,feed_banner_top
clk_0005469,imp_00051601,2026-08-22 20:30:59,usr_002379,merch_0183,feed_banner_top
clk_0001091,imp_00010152,2026-08-22 21:09:40,usr_001203,merch_0150,search_sponsored_item
clk_0002125,imp_00019799,2026-08-22 21:20:46,usr_004766,merch_0015,feed_banner_top
clk_0001461,imp_00013485,2026-08-22 21:25:16,usr_004563,merch_0200,feed_banner_top
clk_0001175,imp_00011023,2026-08-22 21:39:03,usr_002292,merch_0162,search_sponsored_item
clk_0001785,imp_00016481,2026-08-22 22:06:00,usr_001457,merch_0148,feed_banner_top
clk_0000319,imp_00003009,2026-08-22 22:13:16,usr_002133,merch_0135,search_sponsored_item
clk_0003535,imp_00033605,2026-08-22 22:17:06,usr_000046,merch_0112,search_sponsored_item
clk_0000178,imp_00001655,2026-08-22 22:19:34,usr_003472,merch_0163,post_order_carousel
clk_0000829,imp_00007792,2026-08-22 22:51:19,usr_000480,merch_0162,search_sponsored_item
clk_0004174,imp_00039305,2026-08-22 23:05:52,usr_002585,merch_0148,search_sponsored_item
clk_0000552,imp_00005005,2026-08-22 23:21:47,usr_003850,merch_0024,search_sponsored_item
clk_0001227,imp_00011429,2026-08-22 23:46:52,usr_003134,merch_0044,post_order_carousel
clk_0003376,imp_00032105,2026-08-23 00:04:35,usr_001045,merch_0154,category_highlight
clk_0003017,imp_00028583,2026-08-23 00:05:30,usr_003387,merch_0092,feed_banner_top
clk_0004306,imp_00040573,2026-08-23 00:15:44,usr_000522,merch_0148,post_order_carousel
clk_0003470,imp_00033033,2026-08-23 00:17:54,usr_002101,merch_0015,search_sponsored_item
clk_0005249,imp_00049363,2026-08-23 00:18:49,usr_003787,merch_0130,category_highlight
clk_0001967,imp_00018215,2026-08-23 00:25:57,usr_004770,merch_0138,category_highlight
clk_0004729,imp_00044623,2026-08-23 00:29:07,usr_004093,merch_0170,search_sponsored_item
clk_0005593,imp_00052803,2026-08-23 00:33:30,usr_003252,merch_0045,search_sponsored_item
clk_0002425,imp_00022876,2026-08-23 00:41:13,usr_002741,merch_0056,search_sponsored_item
clk_0001536,imp_00014155,2026-08-23 00:47:49,usr_003786,merch_0119,feed_banner_top
clk_0003240,imp_00030809,2026-08-23 00:59:54,usr_002796,merch_0104,search_sponsored_item
clk_0003983,imp_00037647,2026-08-23 01:13:42,usr_001639,merch_0196,feed_banner_top
clk_0002609,imp_00024497,2026-08-23 01:16:10,usr_001235,merch_0186,feed_banner_top
clk_0002784,imp_00026398,2026-08-23 01:19:38,usr_004883,merch_0058,feed_banner_top
clk_0004187,imp_00039421,2026-08-23 01:31:06,usr_003224,merch_0161,search_sponsored_item
clk_0005969,imp_00056297,2026-08-23 01:33:28,usr_004819,merch_0103,feed_banner_top
clk_0003223,imp_00030633,2026-08-23 01:37:19,usr_002356,merch_0052,search_sponsored_item
clk_0003380,imp_00032157,2026-08-23 01:58:01,usr_003710,merch_0168,feed_banner_top
clk_0006109,imp_00057792,2026-08-23 02:36:30,usr_001567,merch_0030,search_sponsored_item
clk_0004363,imp_00041228,2026-08-23 02:41:16,usr_002948,merch_0154,post_order_carousel
clk_0003015,imp_00028577,2026-08-23 02:51:22,usr_002531,merch_0149,search_sponsored_item
clk_0002646,imp_00024917,2026-08-23 03:05:04,usr_002165,merch_0078,search_sponsored_item
clk_0000651,imp_00006043,2026-08-23 03:11:19,usr_001228,merch_0165,search_sponsored_item
clk_0005547,imp_00052347,2026-08-23 03:24:09,usr_004082,merch_0094,search_sponsored_item
clk_0001661,imp_00015376,2026-08-23 03:36:31,usr_002384,merch_0069,search_sponsored_item
clk_0005550,imp_00052376,2026-08-23 03:38:34,usr_003667,merch_0031,post_order_carousel
clk_0005519,imp_00052101,2026-08-23 04:04:18,usr_001010,merch_0186,search_sponsored_item
clk_0000474,imp_00004382,2026-08-23 04:22:19,usr_001966,merch_0059,post_order_carousel
clk_0000525,imp_00004732,2026-08-23 04:29:35,usr_004281,merch_0045,category_highlight
clk_0003208,imp_00030513,2026-08-23 04:31:28,usr_002636,merch_0142,feed_banner_top
clk_0004535,imp_00042798,2026-08-23 04:56:27,usr_002666,merch_0040,post_order_carousel
clk_0005989,imp_00056505,2026-08-23 05:10:12,usr_000759,merch_0119,feed_banner_top
clk_0002030,imp_00018816,2026-08-23 05:12:02,usr_000559,merch_0152,post_order_carousel
clk_0001758,imp_00016227,2026-08-23 05:14:02,usr_004318,merch_0183,feed_banner_top
clk_0000031,imp_00000337,2026-08-23 05:14:21,usr_001105,merch_0170,feed_banner_top
clk_0004062,imp_00038296,2026-08-23 05:16:04,usr_003047,merch_0186,feed_banner_top
clk_0002931,imp_00027856,2026-08-23 05:22:52,usr_004643,merch_0039,search_sponsored_item
clk_0004432,imp_00041937,2026-08-23 05:24:48,usr_001678,merch_0152,feed_banner_top
clk_0001761,imp_00016256,2026-08-23 05:25:30,usr_003960,merch_0047,search_sponsored_item
clk_0000054,imp_00000521,2026-08-23 05:27:11,usr_004062,merch_0045,post_order_carousel
clk_0005007,imp_00047034,2026-08-23 05:48:30,usr_003467,merch_0124,search_sponsored_item
clk_0000160,imp_00001510,2026-08-23 05:48:31,usr_003029,merch_0188,search_sponsored_item
clk_0003388,imp_00032219,2026-08-23 05:49:50,usr_001842,merch_0025,category_highlight
clk_0004446,imp_00042029,2026-08-23 05:53:46,usr_003953,merch_0052,search_sponsored_item
clk_0004567,imp_00043139,2026-08-23 06:01:08,usr_001969,merch_0015,feed_banner_top
clk_0006005,imp_00056677,2026-08-23 06:02:30,usr_003929,merch_0097,feed_banner_top
clk_0003848,imp_00036522,2026-08-23 06:04:10,usr_000063,merch_0125,feed_banner_top
clk_0000456,imp_00004163,2026-08-23 06:08:48,usr_001080,merch_0135,post_order_carousel
clk_0002804,imp_00026577,2026-08-23 06:09:16,usr_003667,merch_0016,search_sponsored_item
clk_0003578,imp_00034027,2026-08-23 06:14:46,usr_001526,merch_0077,feed_banner_top
clk_0005172,imp_00048615,2026-08-23 06:23:34,usr_002244,merch_0170,feed_banner_top
clk_0000463,imp_00004278,2026-08-23 06:24:34,usr_000258,merch_0059,category_highlight
clk_0003652,imp_00034790,2026-08-23 06:28:52,usr_002420,merch_0183,search_sponsored_item
clk_0001639,imp_00015131,2026-08-23 06:35:22,usr_004251,merch_0085,search_sponsored_item
clk_0000002,imp_00000018,2026-08-23 06:36:14,usr_003242,merch_0196,search_sponsored_item
clk_0000586,imp_00005368,2026-08-23 06:43:34,usr_004258,merch_0032,post_order_carousel
clk_0003495,imp_00033252,2026-08-23 06:45:23,usr_002017,merch_0045,category_highlight
clk_0001422,imp_00013144,2026-08-23 06:47:32,usr_000805,merch_0031,search_sponsored_item
clk_0004718,imp_00044502,2026-08-23 06:50:21,usr_003697,merch_0031,search_sponsored_item
clk_0002647,imp_00024923,2026-08-23 06:55:15,usr_004520,merch_0019,feed_banner_top
clk_0005484,imp_00051743,2026-08-23 06:58:22,usr_001079,merch_0168,search_sponsored_item
clk_0005658,imp_00053343,2026-08-23 07:06:54,usr_002859,merch_0150,search_sponsored_item
clk_0000725,imp_00006774,2026-08-23 07:12:56,usr_004679,merch_0104,search_sponsored_item
clk_0002417,imp_00022793,2026-08-23 07:14:28,usr_003860,merch_0130,search_sponsored_item
clk_0005621,imp_00053022,2026-08-23 07:15:51,usr_000363,merch_0186,search_sponsored_item
clk_0000565,imp_00005107,2026-08-23 07:34:22,usr_001546,merch_0169,search_sponsored_item
clk_0004858,imp_00045633,2026-08-23 07:38:15,usr_004408,merch_0148,post_order_carousel
clk_0000573,imp_00005201,2026-08-23 08:08:18,usr_003140,merch_0165,search_sponsored_item
clk_0000269,imp_00002506,2026-08-23 08:21:01,usr_000086,merch_0083,feed_banner_top
clk_0000271,imp_00002530,2026-08-23 08:37:35,usr_002836,merch_0059,search_sponsored_item
clk_0002894,imp_00027491,2026-08-23 08:40:27,usr_001659,merch_0083,search_sponsored_item
clk_0006224,imp_00059103,2026-08-23 09:16:12,usr_003054,merch_0058,feed_banner_top
clk_0005708,imp_00053832,2026-08-23 09:18:10,usr_002826,merch_0040,feed_banner_top
clk_0004791,imp_00045109,2026-08-23 09:22:18,usr_003516,merch_0111,post_order_carousel
clk_0005905,imp_00055551,2026-08-23 09:24:49,usr_002446,merch_0024,feed_banner_top
clk_0000238,imp_00002255,2026-08-23 09:26:42,usr_003822,merch_0092,post_order_carousel
clk_0001959,imp_00018130,2026-08-23 09:28:43,usr_004143,merch_0178,feed_banner_top
clk_0001050,imp_00009762,2026-08-23 09:32:51,usr_000546,merch_0040,feed_banner_top
clk_0005839,imp_00055096,2026-08-23 09:35:31,usr_002242,merch_0154,post_order_carousel
clk_0000936,imp_00008707,2026-08-23 09:41:46,usr_003304,merch_0031,post_order_carousel
clk_0002836,imp_00026959,2026-08-23 09:41:48,usr_000192,merch_0130,post_order_carousel
clk_0004279,imp_00040298,2026-08-23 09:46:23,usr_003089,merch_0094,category_highlight
clk_0005932,imp_00055903,2026-08-23 10:00:25,usr_003109,merch_0045,search_sponsored_item
clk_0005828,imp_00054966,2026-08-23 10:14:43,usr_000405,merch_0147,search_sponsored_item
clk_0006066,imp_00057347,2026-08-23 10:25:41,usr_004201,merch_0083,category_highlight
clk_0006258,imp_00059440,2026-08-23 10:29:26,usr_004870,merch_0174,feed_banner_top
clk_0006219,imp_00059039,2026-08-23 10:31:22,usr_001528,merch_0004,feed_banner_top
clk_0006249,imp_00059342,2026-08-23 10:33:33,usr_001972,merch_0131,post_order_carousel
clk_0005504,imp_00051970,2026-08-23 10:52:56,usr_003828,merch_0154,search_sponsored_item
clk_0000253,imp_00002346,2026-08-23 11:06:48,usr_002167,merch_0131,search_sponsored_item
clk_0005263,imp_00049536,2026-08-23 11:40:18,usr_004308,merch_0036,feed_banner_top
clk_0004840,imp_00045493,2026-08-23 11:45:12,usr_003728,merch_0094,search_sponsored_item
clk_0003073,imp_00029178,2026-08-23 11:45:49,usr_004960,merch_0149,search_sponsored_item
clk_0001570,imp_00014496,2026-08-23 11:51:56,usr_001022,merch_0039,search_sponsored_item
clk_0006201,imp_00058846,2026-08-23 12:12:58,usr_001739,merch_0147,search_sponsored_item
clk_0003113,imp_00029540,2026-08-23 12:19:31,usr_002455,merch_0015,search_sponsored_item
clk_0003055,imp_00029035,2026-08-23 12:37:47,usr_002754,merch_0150,feed_banner_top
clk_0004935,imp_00046392,2026-08-23 12:43:50,usr_003755,merch_0001,search_sponsored_item
clk_0001406,imp_00013022,2026-08-23 12:55:27,usr_000488,merch_0103,search_sponsored_item
clk_0000851,imp_00007955,2026-08-23 13:12:02,usr_004261,merch_0001,search_sponsored_item
clk_0004341,imp_00041021,2026-08-23 13:28:01,usr_003734,merch_0097,search_sponsored_item
clk_0001066,imp_00009940,2026-08-23 13:41:28,usr_004521,merch_0162,post_order_carousel
clk_0005384,imp_00050802,2026-08-23 14:00:11,usr_002131,merch_0085,search_sponsored_item
clk_0005026,imp_00047232,2026-08-23 14:08:50,usr_003888,merch_0016,search_sponsored_item
clk_0005594,imp_00052811,2026-08-23 14:23:22,usr_002040,merch_0045,search_sponsored_item
clk_0002967,imp_00028152,2026-08-23 14:35:56,usr_001590,merch_0001,post_order_carousel
clk_0004673,imp_00044120,2026-08-23 14:41:59,usr_003053,merch_0017,search_sponsored_item
clk_0004235,imp_00039837,2026-08-23 15:09:46,usr_001344,merch_0138,search_sponsored_item
clk_0004585,imp_00043322,2026-08-23 15:11:43,usr_001822,merch_0140,feed_banner_top
clk_0005177,imp_00048660,2026-08-23 15:53:31,usr_000384,merch_0188,search_sponsored_item
clk_0000756,imp_00007038,2026-08-23 15:59:10,usr_001286,merch_0144,search_sponsored_item
clk_0001969,imp_00018223,2026-08-23 16:08:02,usr_000111,merch_0017,post_order_carousel
clk_0000778,imp_00007270,2026-08-23 16:12:07,usr_002737,merch_0083,post_order_carousel
clk_0001684,imp_00015522,2026-08-23 16:18:56,usr_004502,merch_0104,search_sponsored_item
clk_0000984,imp_00009058,2026-08-23 16:27:19,usr_003110,merch_0138,category_highlight
clk_0000359,imp_00003380,2026-08-23 16:28:11,usr_003842,merch_0049,feed_banner_top
clk_0003228,imp_00030696,2026-08-23 16:56:42,usr_004253,merch_0154,post_order_carousel
clk_0003924,imp_00037146,2026-08-23 17:00:38,usr_002857,merch_0135,feed_banner_top
clk_0005382,imp_00050787,2026-08-23 17:17:47,usr_000044,merch_0128,feed_banner_top
clk_0000439,imp_00004038,2026-08-23 17:18:01,usr_002654,merch_0045,feed_banner_top
clk_0003286,imp_00031264,2026-08-23 17:36:25,usr_002992,merch_0069,search_sponsored_item
clk_0000653,imp_00006050,2026-08-23 17:43:22,usr_003738,merch_0083,search_sponsored_item
clk_0005911,imp_00055623,2026-08-23 17:43:54,usr_001641,merch_0062,search_sponsored_item
clk_0000800,imp_00007531,2026-08-23 18:07:33,usr_001824,merch_0128,post_order_carousel
clk_0000417,imp_00003846,2026-08-23 18:56:28,usr_004846,merch_0111,feed_banner_top
clk_0005666,imp_00053427,2026-08-23 18:58:00,usr_004030,merch_0124,feed_banner_top
clk_0004667,imp_00044051,2026-08-23 19:13:19,usr_000425,merch_0008,search_sponsored_item
clk_0006060,imp_00057269,2026-08-23 19:14:59,usr_000434,merch_0148,feed_banner_top
clk_0003733,imp_00035444,2026-08-23 19:45:22,usr_003370,merch_0161,feed_banner_top
clk_0000010,imp_00000121,2026-08-23 19:57:25,usr_003454,merch_0024,category_highlight
clk_0001476,imp_00013592,2026-08-23 19:59:18,usr_003958,merch_0049,post_order_carousel
clk_0002505,imp_00023470,2026-08-23 20:05:37,usr_001648,merch_0148,feed_banner_top
clk_0000079,imp_00000759,2026-08-23 20:13:35,usr_002409,merch_0047,feed_banner_top
clk_0001485,imp_00013664,2026-08-23 20:17:27,usr_000481,merch_0152,search_sponsored_item
clk_0006307,imp_00059906,2026-08-23 20:32:02,usr_003826,merch_0147,search_sponsored_item
clk_0004128,imp_00038837,2026-08-23 20:43:36,usr_002434,merch_0174,search_sponsored_item
clk_0001095,imp_00010191,2026-08-23 21:01:13,usr_002935,merch_0135,feed_banner_top
clk_0000705,imp_00006503,2026-08-23 21:05:30,usr_000023,merch_0036,search_sponsored_item
clk_0005927,imp_00055855,2026-08-23 21:29:35,usr_002696,merch_0037,feed_banner_top
clk_0000877,imp_00008208,2026-08-23 21:32:06,usr_001897,merch_0041,category_highlight
clk_0001748,imp_00016148,2026-08-23 21:40:41,usr_003108,merch_0004,post_order_carousel
clk_0000281,imp_00002651,2026-08-23 21:46:50,usr_002502,merch_0144,search_sponsored_item
clk_0005570,imp_00052558,2026-08-23 21:48:30,usr_003192,merch_0023,search_sponsored_item
clk_0000861,imp_00008105,2026-08-23 21:50:12,usr_001986,merch_0032,search_sponsored_item
clk_0004746,imp_00044741,2026-08-23 22:00:52,usr_003023,merch_0163,search_sponsored_item
clk_0001367,imp_00012659,2026-08-23 22:01:46,usr_001550,merch_0071,search_sponsored_item
clk_0000502,imp_00004561,2026-08-23 22:06:51,usr_003735,merch_0148,search_sponsored_item
clk_0003596,imp_00034289,2026-08-23 22:14:03,usr_002179,merch_0025,feed_banner_top
clk_0002316,imp_00021774,2026-08-23 22:14:50,usr_002630,merch_0188,category_highlight
clk_0001966,imp_00018196,2026-08-23 22:19:55,usr_000760,merch_0094,search_sponsored_item
clk_0000726,imp_00006776,2026-08-23 22:22:51,usr_000114,merch_0119,search_sponsored_item
clk_0001654,imp_00015270,2026-08-23 22:25:09,usr_003738,merch_0036,search_sponsored_item
clk_0005255,imp_00049386,2026-08-23 22:30:25,usr_004527,merch_0052,feed_banner_top
clk_0005810,imp_00054813,2026-08-23 22:33:58,usr_000159,merch_0083,search_sponsored_item
clk_0003785,imp_00035924,2026-08-23 22:48:42,usr_003486,merch_0089,search_sponsored_item
clk_0001894,imp_00017455,2026-08-23 22:57:33,usr_000320,merch_0117,post_order_carousel
clk_0000774,imp_00007220,2026-08-23 23:11:00,usr_000172,merch_0030,feed_banner_top
clk_0005118,imp_00048153,2026-08-23 23:11:55,usr_001040,merch_0124,feed_banner_top
clk_0003532,imp_00033572,2026-08-23 23:20:01,usr_004085,merch_0058,search_sponsored_item
clk_0003211,imp_00030548,2026-08-23 23:34:27,usr_004869,merch_0141,search_sponsored_item
clk_0002541,imp_00023818,2026-08-23 23:35:36,usr_001700,merch_0196,post_order_carousel
clk_0000241,imp_00002266,2026-08-23 23:57:33,usr_000794,merch_0024,search_sponsored_item
clk_0000940,imp_00008740,2026-08-23 23:58:57,usr_000034,merch_0059,search_sponsored_item
clk_0003391,imp_00032274,2026-08-24 00:11:53,usr_001453,merch_0036,feed_banner_top
clk_0001599,imp_00014813,2026-08-24 00:12:49,usr_001430,merch_0140,search_sponsored_item
clk_0004978,imp_00046775,2026-08-24 00:12:58,usr_002281,merch_0092,feed_banner_top
clk_0004111,imp_00038619,2026-08-24 00:13:22,usr_002562,merch_0110,feed_banner_top
clk_0000902,imp_00008453,2026-08-24 00:29:25,usr_002742,merch_0032,feed_banner_top
clk_0001346,imp_00012497,2026-08-24 00:31:22,usr_004246,merch_0154,post_order_carousel
clk_0001319,imp_00012248,2026-08-24 00:55:23,usr_004415,merch_0004,post_order_carousel
clk_0005731,imp_00054016,2026-08-24 00:56:07,usr_001719,merch_0015,post_order_carousel
clk_0003321,imp_00031510,2026-08-24 01:02:11,usr_001058,merch_0025,search_sponsored_item
clk_0003643,imp_00034701,2026-08-24 01:07:44,usr_002044,merch_0019,feed_banner_top
clk_0000185,imp_00001761,2026-08-24 01:09:59,usr_000522,merch_0045,post_order_carousel
clk_0000899,imp_00008389,2026-08-24 01:11:38,usr_004867,merch_0186,post_order_carousel
clk_0001917,imp_00017671,2026-08-24 01:12:49,usr_003425,merch_0058,search_sponsored_item
clk_0000572,imp_00005178,2026-08-24 01:13:06,usr_001235,merch_0083,search_sponsored_item
clk_0002398,imp_00022618,2026-08-24 01:14:37,usr_001414,merch_0104,search_sponsored_item
clk_0002229,imp_00020892,2026-08-24 01:21:45,usr_001269,merch_0047,search_sponsored_item
clk_0003009,imp_00028550,2026-08-24 01:35:37,usr_003204,merch_0060,search_sponsored_item
clk_0004996,imp_00046887,2026-08-24 01:38:53,usr_004952,merch_0015,search_sponsored_item
clk_0000932,imp_00008681,2026-08-24 01:50:29,usr_001559,merch_0040,search_sponsored_item
clk_0004551,imp_00043015,2026-08-24 02:01:16,usr_002650,merch_0024,category_highlight
clk_0001823,imp_00016869,2026-08-24 02:14:34,usr_002760,merch_0076,search_sponsored_item
clk_0004141,imp_00039034,2026-08-24 02:19:12,usr_000683,merch_0128,feed_banner_top
clk_0002356,imp_00022141,2026-08-24 02:26:03,usr_004668,merch_0016,search_sponsored_item
clk_0006105,imp_00057766,2026-08-24 02:26:36,usr_003025,merch_0170,search_sponsored_item
clk_0004497,imp_00042470,2026-08-24 02:27:53,usr_003555,merch_0052,feed_banner_top
clk_0005820,imp_00054868,2026-08-24 02:30:22,usr_000357,merch_0069,search_sponsored_item
clk_0002866,imp_00027216,2026-08-24 02:31:43,usr_003638,merch_0008,search_sponsored_item
clk_0004586,imp_00043325,2026-08-24 02:32:38,usr_004254,merch_0076,feed_banner_top
clk_0000220,imp_00002100,2026-08-24 02:50:40,usr_003984,merch_0163,search_sponsored_item
clk_0000652,imp_00006049,2026-08-24 03:00:19,usr_001084,merch_0162,search_sponsored_item
clk_0005644,imp_00053237,2026-08-24 03:03:11,usr_000536,merch_0032,feed_banner_top
clk_0001951,imp_00018004,2026-08-24 03:20:56,usr_004666,merch_0110,search_sponsored_item
clk_0001230,imp_00011445,2026-08-24 03:24:27,usr_003187,merch_0025,search_sponsored_item
clk_0003698,imp_00035209,2026-08-24 03:29:43,usr_001968,merch_0015,post_order_carousel
clk_0004520,imp_00042658,2026-08-24 03:32:26,usr_001398,merch_0128,feed_banner_top
clk_0001518,imp_00014028,2026-08-24 03:32:38,usr_003793,merch_0083,feed_banner_top
clk_0003668,imp_00035041,2026-08-24 03:42:33,usr_000500,merch_0162,feed_banner_top
clk_0000338,imp_00003180,2026-08-24 03:52:48,usr_002907,merch_0162,feed_banner_top
clk_0004706,imp_00044421,2026-08-24 03:55:03,usr_000685,merch_0016,feed_banner_top
clk_0003502,imp_00033298,2026-08-24 03:57:41,usr_004296,merch_0119,search_sponsored_item
clk_0005878,imp_00055318,2026-08-24 04:08:02,usr_002015,merch_0130,search_sponsored_item
clk_0002260,imp_00021239,2026-08-24 04:10:06,usr_003754,merch_0125,search_sponsored_item
clk_0006113,imp_00057889,2026-08-24 04:20:25,usr_001009,merch_0178,search_sponsored_item
clk_0001506,imp_00013914,2026-08-24 04:29:13,usr_000411,merch_0016,category_highlight
clk_0000015,imp_00000152,2026-08-24 04:35:47,usr_000421,merch_0174,search_sponsored_item
clk_0002472,imp_00023182,2026-08-24 04:53:17,usr_004054,merch_0131,search_sponsored_item
clk_0005156,imp_00048458,2026-08-24 04:53:53,usr_004823,merch_0135,search_sponsored_item
clk_0005261,imp_00049516,2026-08-24 05:11:50,usr_000333,merch_0001,search_sponsored_item
clk_0002040,imp_00018948,2026-08-24 05:22:17,usr_000822,merch_0140,search_sponsored_item
clk_0002313,imp_00021759,2026-08-24 05:22:59,usr_002636,merch_0017,search_sponsored_item
clk_0005531,imp_00052182,2026-08-24 05:28:29,usr_001855,merch_0128,search_sponsored_item
clk_0002917,imp_00027667,2026-08-24 05:29:40,usr_003731,merch_0058,post_order_carousel
clk_0004172,imp_00039297,2026-08-24 05:38:27,usr_004561,merch_0032,search_sponsored_item
clk_0002501,imp_00023454,2026-08-24 05:42:42,usr_003722,merch_0044,search_sponsored_item
clk_0005898,imp_00055492,2026-08-24 05:49:13,usr_001377,merch_0041,search_sponsored_item
clk_0005859,imp_00055188,2026-08-24 05:53:21,usr_001733,merch_0131,category_highlight
clk_0005796,imp_00054680,2026-08-24 05:54:28,usr_003503,merch_0169,search_sponsored_item
clk_0006292,imp_00059710,2026-08-24 05:57:19,usr_002162,merch_0128,feed_banner_top
clk_0005161,imp_00048491,2026-08-24 05:57:31,usr_001115,merch_0071,search_sponsored_item
clk_0000070,imp_00000660,2026-08-24 06:07:00,usr_002418,merch_0085,feed_banner_top
clk_0003560,imp_00033891,2026-08-24 06:26:32,usr_004328,merch_0196,search_sponsored_item
clk_0005411,imp_00051027,2026-08-24 06:54:39,usr_004419,merch_0148,search_sponsored_item
clk_0000322,imp_00003028,2026-08-24 06:55:23,usr_002213,merch_0141,post_order_carousel
clk_0005181,imp_00048699,2026-08-24 07:03:33,usr_003982,merch_0119,feed_banner_top
clk_0001407,imp_00013028,2026-08-24 07:23:28,usr_000704,merch_0062,search_sponsored_item
clk_0004188,imp_00039437,2026-08-24 07:49:47,usr_003758,merch_0154,search_sponsored_item
clk_0003497,imp_00033270,2026-08-24 07:52:38,usr_000280,merch_0148,post_order_carousel
clk_0003871,imp_00036714,2026-08-24 07:55:42,usr_002690,merch_0163,post_order_carousel
clk_0000272,imp_00002543,2026-08-24 08:00:28,usr_002549,merch_0174,search_sponsored_item
clk_0002186,imp_00020510,2026-08-24 08:11:11,usr_004796,merch_0072,feed_banner_top
clk_0001984,imp_00018332,2026-08-24 08:18:25,usr_002087,merch_0059,feed_banner_top
clk_0002879,imp_00027362,2026-08-24 08:21:06,usr_003818,merch_0017,feed_banner_top
clk_0004514,imp_00042592,2026-08-24 08:45:33,usr_004563,merch_0161,feed_banner_top
clk_0001233,imp_00011461,2026-08-24 08:54:20,usr_000418,merch_0086,feed_banner_top
clk_0004094,imp_00038524,2026-08-24 08:59:55,usr_002695,merch_0001,category_highlight
clk_0002029,imp_00018811,2026-08-24 08:59:59,usr_000132,merch_0154,category_highlight
clk_0004286,imp_00040387,2026-08-24 09:18:02,usr_001730,merch_0036,search_sponsored_item
clk_0006114,imp_00057892,2026-08-24 09:37:45,usr_000504,merch_0169,search_sponsored_item
clk_0002190,imp_00020566,2026-08-24 09:44:49,usr_000503,merch_0024,search_sponsored_item
clk_0002768,imp_00026234,2026-08-24 09:53:54,usr_001139,merch_0124,feed_banner_top
clk_0001560,imp_00014403,2026-08-24 10:07:48,usr_002049,merch_0056,feed_banner_top
clk_0002223,imp_00020828,2026-08-24 10:15:47,usr_002056,merch_0163,search_sponsored_item
clk_0001940,imp_00017862,2026-08-24 10:20:11,usr_001853,merch_0072,search_sponsored_item
clk_0003675,imp_00035096,2026-08-24 10:21:41,usr_003590,merch_0149,feed_banner_top
clk_0000056,imp_00000540,2026-08-24 10:28:36,usr_001235,merch_0036,search_sponsored_item
clk_0005149,imp_00048395,2026-08-24 10:30:17,usr_000511,merch_0178,feed_banner_top
clk_0003781,imp_00035892,2026-08-24 10:52:03,usr_004572,merch_0077,search_sponsored_item
clk_0001957,imp_00018098,2026-08-24 10:53:43,usr_001741,merch_0089,feed_banner_top
clk_0005081,imp_00047792,2026-08-24 10:58:29,usr_004519,merch_0124,feed_banner_top
clk_0001401,imp_00012976,2026-08-24 11:13:09,usr_001019,merch_0168,feed_banner_top
clk_0002516,imp_00023538,2026-08-24 11:17:02,usr_002657,merch_0104,post_order_carousel
clk_0001892,imp_00017451,2026-08-24 11:37:05,usr_001504,merch_0069,search_sponsored_item
clk_0003414,imp_00032499,2026-08-24 11:42:30,usr_004741,merch_0037,post_order_carousel
clk_0001663,imp_00015392,2026-08-24 11:46:26,usr_004565,merch_0148,feed_banner_top
clk_0005827,imp_00054965,2026-08-24 12:04:27,usr_000289,merch_0069,feed_banner_top
clk_0005157,imp_00048462,2026-08-24 12:21:40,usr_000196,merch_0041,post_order_carousel
clk_0002553,imp_00023983,2026-08-24 12:29:03,usr_004132,merch_0142,search_sponsored_item
clk_0005361,imp_00050548,2026-08-24 12:39:32,usr_001492,merch_0161,search_sponsored_item
clk_0000957,imp_00008872,2026-08-24 12:59:53,usr_004844,merch_0125,search_sponsored_item
clk_0005266,imp_00049545,2026-08-24 13:01:08,usr_000181,merch_0104,post_order_carousel
clk_0004134,imp_00038951,2026-08-24 13:01:16,usr_002726,merch_0181,search_sponsored_item
clk_0001515,imp_00013977,2026-08-24 13:02:21,usr_004187,merch_0072,feed_banner_top
clk_0004857,imp_00045623,2026-08-24 13:13:07,usr_004380,merch_0144,feed_banner_top
clk_0003108,imp_00029521,2026-08-24 13:20:48,usr_001524,merch_0036,search_sponsored_item
clk_0004776,imp_00045000,2026-08-24 13:35:34,usr_000622,merch_0163,search_sponsored_item
clk_0006210,imp_00058949,2026-08-24 13:48:58,usr_001545,merch_0162,search_sponsored_item
clk_0002178,imp_00020409,2026-08-24 14:14:12,usr_004282,merch_0199,feed_banner_top
clk_0003544,imp_00033745,2026-08-24 14:51:47,usr_004210,merch_0150,search_sponsored_item
clk_0005380,imp_00050777,2026-08-24 15:09:41,usr_002906,merch_0030,search_sponsored_item
clk_0001596,imp_00014786,2026-08-24 15:15:59,usr_001093,merch_0004,search_sponsored_item
clk_0006255,imp_00059429,2026-08-24 15:22:49,usr_000964,merch_0130,search_sponsored_item
clk_0000697,imp_00006443,2026-08-24 15:45:08,usr_001049,merch_0097,feed_banner_top
clk_0000539,imp_00004877,2026-08-24 15:51:08,usr_004156,merch_0130,feed_banner_top
clk_0005722,imp_00053945,2026-08-24 16:02:20,usr_004460,merch_0163,feed_banner_top
clk_0003437,imp_00032713,2026-08-24 16:14:19,usr_004836,merch_0154,search_sponsored_item
clk_0005976,imp_00056352,2026-08-24 16:22:46,usr_000293,merch_0037,search_sponsored_item
clk_0003670,imp_00035058,2026-08-24 16:23:21,usr_001826,merch_0019,search_sponsored_item
clk_0002684,imp_00025350,2026-08-24 16:24:14,usr_000208,merch_0199,search_sponsored_item
clk_0005637,imp_00053159,2026-08-24 16:31:32,usr_002723,merch_0100,feed_banner_top
clk_0006103,imp_00057751,2026-08-24 16:32:34,usr_004903,merch_0092,search_sponsored_item
clk_0002403,imp_00022681,2026-08-24 16:39:42,usr_002853,merch_0174,category_highlight
clk_0001165,imp_00010948,2026-08-24 16:53:12,usr_001273,merch_0140,feed_banner_top
clk_0003351,imp_00031806,2026-08-24 16:54:40,usr_002790,merch_0169,post_order_carousel
clk_0005151,imp_00048406,2026-08-24 16:59:36,usr_000816,merch_0112,search_sponsored_item
clk_0006170,imp_00058453,2026-08-24 17:14:59,usr_001810,merch_0119,search_sponsored_item
clk_0000186,imp_00001763,2026-08-24 17:16:46,usr_000263,merch_0178,feed_banner_top
clk_0001757,imp_00016226,2026-08-24 17:20:57,usr_003211,merch_0069,search_sponsored_item
clk_0000172,imp_00001631,2026-08-24 17:29:46,usr_001767,merch_0124,feed_banner_top
clk_0003081,imp_00029287,2026-08-24 17:34:23,usr_002720,merch_0037,search_sponsored_item
clk_0005636,imp_00053152,2026-08-24 17:36:22,usr_000003,merch_0168,search_sponsored_item
clk_0000645,imp_00005960,2026-08-24 17:47:13,usr_004319,merch_0036,search_sponsored_item
clk_0001884,imp_00017378,2026-08-24 18:04:56,usr_004849,merch_0037,feed_banner_top
clk_0001590,imp_00014729,2026-08-24 18:16:05,usr_002562,merch_0154,search_sponsored_item
clk_0003786,imp_00035959,2026-08-24 18:18:20,usr_002037,merch_0016,search_sponsored_item
clk_0004454,imp_00042136,2026-08-24 18:22:19,usr_002913,merch_0041,feed_banner_top
clk_0004662,imp_00044000,2026-08-24 18:42:56,usr_003618,merch_0174,search_sponsored_item
clk_0001713,imp_00015808,2026-08-24 18:47:00,usr_000888,merch_0032,search_sponsored_item
clk_0004422,imp_00041831,2026-08-24 19:16:03,usr_001289,merch_0148,feed_banner_top
clk_0004656,imp_00043894,2026-08-24 19:44:05,usr_002861,merch_0148,search_sponsored_item
clk_0001712,imp_00015795,2026-08-24 19:57:17,usr_001404,merch_0100,search_sponsored_item
clk_0001942,imp_00017878,2026-08-24 20:12:02,usr_004440,merch_0060,search_sponsored_item
clk_0004154,imp_00039136,2026-08-24 20:14:08,usr_003383,merch_0031,search_sponsored_item
clk_0003633,imp_00034591,2026-08-24 20:47:53,usr_002599,merch_0056,search_sponsored_item
clk_0001062,imp_00009908,2026-08-24 21:00:45,usr_001609,merch_0079,search_sponsored_item
clk_0000509,imp_00004615,2026-08-24 21:00:53,usr_004015,merch_0023,feed_banner_top
clk_0003959,imp_00037424,2026-08-24 21:07:33,usr_001137,merch_0100,search_sponsored_item
clk_0001213,imp_00011337,2026-08-24 21:38:01,usr_003013,merch_0023,search_sponsored_item
clk_0002842,imp_00027052,2026-08-24 21:45:10,usr_002435,merch_0071,search_sponsored_item
clk_0005336,imp_00050192,2026-08-24 21:52:37,usr_000958,merch_0032,search_sponsored_item
clk_0001155,imp_00010838,2026-08-24 22:06:34,usr_000341,merch_0154,search_sponsored_item
clk_0004450,imp_00042100,2026-08-24 22:12:09,usr_001618,merch_0037,post_order_carousel
clk_0001424,imp_00013155,2026-08-24 22:28:48,usr_000443,merch_0144,search_sponsored_item
clk_0002174,imp_00020377,2026-08-24 22:50:54,usr_003387,merch_0128,search_sponsored_item
clk_0004058,imp_00038266,2026-08-24 22:54:24,usr_003957,merch_0138,search_sponsored_item
clk_0002953,imp_00028041,2026-08-24 23:15:05,usr_004545,merch_0086,post_order_carousel
clk_0002059,imp_00019102,2026-08-24 23:38:42,usr_004395,merch_0183,feed_banner_top
clk_0004592,imp_00043436,2026-08-25 00:06:23,usr_002275,merch_0092,search_sponsored_item
clk_0003320,imp_00031509,2026-08-25 00:13:42,usr_004317,merch_0183,search_sponsored_item
clk_0004717,imp_00044492,2026-08-25 00:15:23,usr_001660,merch_0041,post_order_carousel
clk_0000303,imp_00002919,2026-08-25 00:26:10,usr_000681,merch_0165,feed_banner_top
clk_0001389,imp_00012828,2026-08-25 00:26:34,usr_004375,merch_0032,post_order_carousel
clk_0001330,imp_00012341,2026-08-25 00:42:35,usr_001356,merch_0142,feed_banner_top
clk_0004738,imp_00044688,2026-08-25 00:53:37,usr_003850,merch_0111,feed_banner_top
clk_0001209,imp_00011305,2026-08-25 01:01:56,usr_000150,merch_0110,feed_banner_top
clk_0000252,imp_00002332,2026-08-25 01:08:25,usr_000693,merch_0161,feed_banner_top
clk_0001888,imp_00017424,2026-08-25 01:20:50,usr_002698,merch_0183,post_order_carousel
clk_0002881,imp_00027385,2026-08-25 01:27:14,usr_000880,merch_0025,search_sponsored_item
clk_0002310,imp_00021746,2026-08-25 01:29:22,usr_003378,merch_0077,search_sponsored_item
clk_0000448,imp_00004083,2026-08-25 02:02:45,usr_000583,merch_0199,post_order_carousel
clk_0000758,imp_00007045,2026-08-25 02:06:13,usr_003365,merch_0199,search_sponsored_item
clk_0001216,imp_00011355,2026-08-25 02:07:31,usr_001445,merch_0147,post_order_carousel
clk_0004176,imp_00039317,2026-08-25 02:25:41,usr_000986,merch_0017,feed_banner_top
clk_0005979,imp_00056366,2026-08-25 02:36:32,usr_002839,merch_0178,feed_banner_top
clk_0003144,imp_00029887,2026-08-25 02:58:01,usr_000294,merch_0069,category_highlight
clk_0005790,imp_00054605,2026-08-25 03:12:25,usr_004588,merch_0165,feed_banner_top
clk_0001791,imp_00016547,2026-08-25 03:17:05,usr_000377,merch_0045,feed_banner_top
clk_0002717,imp_00025706,2026-08-25 03:22:18,usr_003665,merch_0169,feed_banner_top
clk_0003207,imp_00030504,2026-08-25 03:34:29,usr_003930,merch_0149,post_order_carousel
clk_0002900,imp_00027521,2026-08-25 03:55:17,usr_001463,merch_0045,feed_banner_top
clk_0000958,imp_00008886,2026-08-25 04:11:54,usr_002679,merch_0163,search_sponsored_item
clk_0001512,imp_00013963,2026-08-25 04:21:48,usr_000679,merch_0124,category_highlight
clk_0004078,imp_00038400,2026-08-25 04:24:59,usr_001285,merch_0130,search_sponsored_item
clk_0004259,imp_00040136,2026-08-25 05:27:31,usr_004780,merch_0200,search_sponsored_item
clk_0002166,imp_00020304,2026-08-25 05:56:57,usr_001514,merch_0085,search_sponsored_item
clk_0004087,imp_00038481,2026-08-25 06:20:42,usr_001781,merch_0169,post_order_carousel
clk_0005416,imp_00051075,2026-08-25 06:35:38,usr_002095,merch_0039,post_order_carousel
clk_0004449,imp_00042076,2026-08-25 06:39:38,usr_003923,merch_0097,search_sponsored_item
clk_0003160,imp_00030005,2026-08-25 06:45:45,usr_004737,merch_0039,search_sponsored_item
clk_0001446,imp_00013357,2026-08-25 07:15:15,usr_004945,merch_0174,search_sponsored_item
clk_0003127,imp_00029721,2026-08-25 07:20:32,usr_002172,merch_0097,feed_banner_top
clk_0005720,imp_00053934,2026-08-25 07:20:47,usr_001864,merch_0144,feed_banner_top
clk_0003491,imp_00033235,2026-08-25 07:31:11,usr_003419,merch_0047,feed_banner_top
clk_0003157,imp_00029971,2026-08-25 07:40:25,usr_004725,merch_0016,search_sponsored_item
clk_0005309,imp_00049907,2026-08-25 08:01:23,usr_000692,merch_0083,post_order_carousel
clk_0006104,imp_00057758,2026-08-25 08:20:14,usr_003914,merch_0097,search_sponsored_item
clk_0000568,imp_00005136,2026-08-25 08:55:51,usr_000425,merch_0110,post_order_carousel
clk_0001474,imp_00013582,2026-08-25 08:57:17,usr_000428,merch_0140,search_sponsored_item
clk_0005604,imp_00052897,2026-08-25 08:58:06,usr_002669,merch_0083,search_sponsored_item
clk_0004313,imp_00040650,2026-08-25 09:05:02,usr_000146,merch_0015,search_sponsored_item
clk_0005583,imp_00052712,2026-08-25 09:06:38,usr_001184,merch_0001,search_sponsored_item
clk_0005427,imp_00051143,2026-08-25 09:14:06,usr_001708,merch_0060,search_sponsored_item
clk_0002225,imp_00020846,2026-08-25 09:14:43,usr_001161,merch_0030,search_sponsored_item
clk_0005464,imp_00051567,2026-08-25 09:23:04,usr_000237,merch_0049,search_sponsored_item
clk_0000719,imp_00006659,2026-08-25 09:27:37,usr_000708,merch_0058,post_order_carousel
clk_0005562,imp_00052467,2026-08-25 10:09:49,usr_003889,merch_0071,feed_banner_top
clk_0004117,imp_00038697,2026-08-25 10:53:06,usr_003599,merch_0019,search_sponsored_item
clk_0002392,imp_00022531,2026-08-25 10:55:15,usr_002412,merch_0103,feed_banner_top
clk_0006281,imp_00059621,2026-08-25 10:59:19,usr_000043,merch_0128,search_sponsored_item
clk_0002256,imp_00021178,2026-08-25 11:01:42,usr_004855,merch_0033,feed_banner_top
clk_0001398,imp_00012902,2026-08-25 11:05:50,usr_001730,merch_0162,feed_banner_top
clk_0000593,imp_00005445,2026-08-25 11:06:58,usr_001241,merch_0023,post_order_carousel
clk_0001614,imp_00014966,2026-08-25 11:24:24,usr_003669,merch_0004,feed_banner_top
clk_0002006,imp_00018587,2026-08-25 11:27:06,usr_003863,merch_0169,feed_banner_top
clk_0002839,imp_00027044,2026-08-25 12:04:49,usr_000805,merch_0072,search_sponsored_item
clk_0003331,imp_00031628,2026-08-25 12:07:39,usr_003022,merch_0015,feed_banner_top
clk_0001649,imp_00015205,2026-08-25 12:28:12,usr_001674,merch_0079,search_sponsored_item
clk_0001929,imp_00017776,2026-08-25 12:44:38,usr_000755,merch_0001,feed_banner_top
clk_0005833,imp_00055037,2026-08-25 12:55:43,usr_004798,merch_0169,feed_banner_top
clk_0005190,imp_00048791,2026-08-25 13:05:29,usr_003350,merch_0044,search_sponsored_item
clk_0003107,imp_00029515,2026-08-25 13:14:45,usr_002688,merch_0086,feed_banner_top
clk_0004444,imp_00042005,2026-08-25 13:25:55,usr_000902,merch_0100,search_sponsored_item
clk_0001193,imp_00011206,2026-08-25 13:35:02,usr_001224,merch_0041,search_sponsored_item
clk_0003993,imp_00037732,2026-08-25 13:49:21,usr_001694,merch_0083,feed_banner_top
clk_0004409,imp_00041702,2026-08-25 14:14:58,usr_002852,merch_0017,feed_banner_top
clk_0005338,imp_00050218,2026-08-25 15:02:03,usr_003649,merch_0036,post_order_carousel
clk_0000167,imp_00001590,2026-08-25 15:03:56,usr_000835,merch_0017,post_order_carousel
clk_0001071,imp_00009975,2026-08-25 15:10:34,usr_003344,merch_0148,category_highlight
clk_0004284,imp_00040375,2026-08-25 15:40:55,usr_000875,merch_0147,search_sponsored_item
clk_0004319,imp_00040744,2026-08-25 15:42:10,usr_001224,merch_0178,search_sponsored_item
clk_0000393,imp_00003673,2026-08-25 16:17:39,usr_000499,merch_0052,post_order_carousel
clk_0006116,imp_00057910,2026-08-25 16:20:50,usr_004264,merch_0037,feed_banner_top
clk_0005493,imp_00051830,2026-08-25 16:28:40,usr_002980,merch_0124,search_sponsored_item
clk_0003758,imp_00035682,2026-08-25 17:09:30,usr_001186,merch_0103,search_sponsored_item
clk_0003310,imp_00031395,2026-08-25 17:11:16,usr_004493,merch_0147,post_order_carousel
clk_0004700,imp_00044374,2026-08-25 17:39:14,usr_002553,merch_0154,search_sponsored_item
clk_0003651,imp_00034768,2026-08-25 17:42:07,usr_000706,merch_0149,search_sponsored_item
clk_0004513,imp_00042590,2026-08-25 17:51:20,usr_002447,merch_0154,search_sponsored_item
clk_0001285,imp_00011899,2026-08-25 18:14:48,usr_002014,merch_0097,feed_banner_top
clk_0000889,imp_00008320,2026-08-25 18:15:40,usr_003684,merch_0188,search_sponsored_item
clk_0004293,imp_00040431,2026-08-25 18:20:24,usr_001021,merch_0030,category_highlight
clk_0005426,imp_00051124,2026-08-25 18:34:43,usr_001903,merch_0008,search_sponsored_item
clk_0004767,imp_00044932,2026-08-25 18:35:18,usr_003884,merch_0031,post_order_carousel
clk_0005892,imp_00055439,2026-08-25 18:38:51,usr_003711,merch_0125,feed_banner_top
clk_0001714,imp_00015809,2026-08-25 18:42:03,usr_003846,merch_0058,post_order_carousel
clk_0003467,imp_00033013,2026-08-25 19:03:37,usr_000596,merch_0124,category_highlight
clk_0000349,imp_00003262,2026-08-25 19:06:48,usr_000995,merch_0169,search_sponsored_item
clk_0004295,imp_00040442,2026-08-25 19:18:41,usr_004080,merch_0148,search_sponsored_item
clk_0000796,imp_00007515,2026-08-25 19:34:02,usr_003035,merch_0152,search_sponsored_item
clk_0002656,imp_00025039,2026-08-25 19:45:36,usr_002712,merch_0142,post_order_carousel
clk_0001054,imp_00009792,2026-08-25 19:53:45,usr_000985,merch_0162,feed_banner_top
clk_0006046,imp_00057059,2026-08-25 20:09:56,usr_001655,merch_0032,search_sponsored_item
clk_0003894,imp_00036903,2026-08-25 20:17:47,usr_004073,merch_0183,search_sponsored_item
clk_0001231,imp_00011449,2026-08-25 20:24:02,usr_002536,merch_0025,search_sponsored_item
clk_0000680,imp_00006306,2026-08-25 20:31:11,usr_000385,merch_0163,search_sponsored_item
clk_0003188,imp_00030354,2026-08-25 21:06:23,usr_000837,merch_0097,post_order_carousel
clk_0002123,imp_00019783,2026-08-25 21:21:47,usr_002156,merch_0117,search_sponsored_item
clk_0005492,imp_00051828,2026-08-25 21:22:21,usr_001839,merch_0110,search_sponsored_item
clk_0005053,imp_00047501,2026-08-25 21:27:01,usr_001253,merch_0056,feed_banner_top
clk_0001097,imp_00010211,2026-08-25 21:31:39,usr_000499,merch_0112,post_order_carousel
clk_0004674,imp_00044121,2026-08-25 21:46:55,usr_001708,merch_0154,search_sponsored_item
clk_0003729,imp_00035414,2026-08-25 21:48:20,usr_004005,merch_0094,feed_banner_top
clk_0004609,imp_00043561,2026-08-25 22:04:32,usr_000141,merch_0023,feed_banner_top
clk_0001359,imp_00012568,2026-08-25 22:37:39,usr_001246,merch_0148,search_sponsored_item
clk_0004898,imp_00046007,2026-08-25 22:38:03,usr_001084,merch_0016,search_sponsored_item
clk_0005656,imp_00053338,2026-08-25 22:38:39,usr_004269,merch_0039,post_order_carousel
clk_0005818,imp_00054862,2026-08-25 22:54:38,usr_004324,merch_0040,search_sponsored_item
clk_0004663,imp_00044026,2026-08-25 23:28:17,usr_001906,merch_0141,search_sponsored_item
clk_0001912,imp_00017612,2026-08-25 23:29:55,usr_000735,merch_0016,feed_banner_top
clk_0002509,imp_00023495,2026-08-25 23:38:50,usr_002673,merch_0041,feed_banner_top
clk_0005159,imp_00048474,2026-08-25 23:42:47,usr_002428,merch_0069,search_sponsored_item
clk_0001864,imp_00017182,2026-08-25 23:54:10,usr_004896,merch_0092,search_sponsored_item
clk_0004881,imp_00045830,2026-08-26 00:03:00,usr_002921,merch_0161,category_highlight
clk_0005739,imp_00054088,2026-08-26 00:07:23,usr_004314,merch_0004,search_sponsored_item
clk_0002659,imp_00025104,2026-08-26 00:17:26,usr_001939,merch_0170,search_sponsored_item
clk_0005998,imp_00056595,2026-08-26 00:28:12,usr_001396,merch_0056,search_sponsored_item
clk_0002280,imp_00021362,2026-08-26 00:30:43,usr_003061,merch_0188,search_sponsored_item
clk_0002898,imp_00027512,2026-08-26 00:33:10,usr_000241,merch_0148,feed_banner_top
clk_0000710,imp_00006528,2026-08-26 00:37:00,usr_002254,merch_0016,feed_banner_top
clk_0003700,imp_00035223,2026-08-26 00:38:34,usr_003597,merch_0083,search_sponsored_item
clk_0000689,imp_00006377,2026-08-26 00:51:54,usr_003383,merch_0045,search_sponsored_item
clk_0003420,imp_00032581,2026-08-26 00:53:42,usr_001586,merch_0144,post_order_carousel
clk_0003754,imp_00035649,2026-08-26 00:58:28,usr_002765,merch_0103,search_sponsored_item
clk_0002627,imp_00024718,2026-08-26 01:06:48,usr_003821,merch_0025,feed_banner_top
clk_0004472,imp_00042260,2026-08-26 01:07:43,usr_002648,merch_0017,feed_banner_top
clk_0000788,imp_00007396,2026-08-26 01:09:10,usr_003764,merch_0092,feed_banner_top
clk_0003580,imp_00034068,2026-08-26 01:20:52,usr_001284,merch_0045,search_sponsored_item
clk_0000391,imp_00003671,2026-08-26 01:30:36,usr_000738,merch_0178,search_sponsored_item
clk_0002914,imp_00027646,2026-08-26 01:33:34,usr_003141,merch_0069,feed_banner_top
clk_0003014,imp_00028576,2026-08-26 01:35:34,usr_002571,merch_0138,category_highlight
clk_0003751,imp_00035641,2026-08-26 02:03:44,usr_003575,merch_0056,search_sponsored_item
clk_0000676,imp_00006265,2026-08-26 02:04:29,usr_004841,merch_0058,search_sponsored_item
clk_0003688,imp_00035156,2026-08-26 02:08:39,usr_000624,merch_0037,search_sponsored_item
clk_0005554,imp_00052409,2026-08-26 02:19:05,usr_004643,merch_0047,feed_banner_top
clk_0002185,imp_00020502,2026-08-26 02:20:39,usr_003070,merch_0052,category_highlight
clk_0006189,imp_00058633,2026-08-26 02:22:03,usr_001330,merch_0130,search_sponsored_item
clk_0006027,imp_00056887,2026-08-26 02:49:23,usr_003877,merch_0103,feed_banner_top
clk_0005762,imp_00054269,2026-08-26 03:05:19,usr_003532,merch_0140,feed_banner_top
clk_0004528,imp_00042772,2026-08-26 03:08:11,usr_002696,merch_0036,search_sponsored_item
clk_0005924,imp_00055769,2026-08-26 03:13:00,usr_000669,merch_0077,feed_banner_top
clk_0006083,imp_00057513,2026-08-26 03:27:01,usr_000616,merch_0019,feed_banner_top
clk_0004948,imp_00046481,2026-08-26 03:34:18,usr_002060,merch_0150,search_sponsored_item
clk_0003695,imp_00035200,2026-08-26 04:02:13,usr_003790,merch_0128,feed_banner_top
clk_0001664,imp_00015396,2026-08-26 04:20:13,usr_001640,merch_0040,feed_banner_top
clk_0004027,imp_00037976,2026-08-26 04:47:57,usr_000803,merch_0017,search_sponsored_item
clk_0003638,imp_00034655,2026-08-26 05:13:51,usr_001668,merch_0040,search_sponsored_item
clk_0003375,imp_00032093,2026-08-26 05:16:46,usr_000073,merch_0112,search_sponsored_item
clk_0004303,imp_00040558,2026-08-26 05:29:06,usr_000567,merch_0119,search_sponsored_item
clk_0000104,imp_00000924,2026-08-26 05:34:42,usr_000059,merch_0024,feed_banner_top
clk_0004075,imp_00038379,2026-08-26 05:34:48,usr_002141,merch_0163,feed_banner_top
clk_0005359,imp_00050504,2026-08-26 05:39:31,usr_002683,merch_0163,search_sponsored_item
clk_0003162,imp_00030012,2026-08-26 06:02:42,usr_000192,merch_0078,post_order_carousel
clk_0003794,imp_00036033,2026-08-26 06:04:35,usr_001817,merch_0086,search_sponsored_item
clk_0003088,imp_00029361,2026-08-26 06:22:52,usr_003681,merch_0017,search_sponsored_item
clk_0000094,imp_00000849,2026-08-26 06:33:35,usr_002604,merch_0044,feed_banner_top
clk_0002092,imp_00019446,2026-08-26 06:41:40,usr_001582,merch_0072,search_sponsored_item
clk_0001418,imp_00013111,2026-08-26 06:56:50,usr_000145,merch_0119,search_sponsored_item
clk_0004744,imp_00044734,2026-08-26 07:00:21,usr_000740,merch_0030,category_highlight
clk_0004357,imp_00041126,2026-08-26 07:04:04,usr_004447,merch_0178,feed_banner_top
clk_0000837,imp_00007830,2026-08-26 07:15:41,usr_002019,merch_0162,search_sponsored_item
clk_0002919,imp_00027676,2026-08-26 07:25:41,usr_004338,merch_0036,feed_banner_top
clk_0004875,imp_00045771,2026-08-26 07:36:34,usr_002141,merch_0072,feed_banner_top
clk_0005150,imp_00048397,2026-08-26 07:41:34,usr_003487,merch_0174,feed_banner_top
clk_0001547,imp_00014252,2026-08-26 08:03:29,usr_000945,merch_0140,feed_banner_top
clk_0005686,imp_00053635,2026-08-26 08:04:22,usr_003472,merch_0147,search_sponsored_item
clk_0002144,imp_00020039,2026-08-26 08:04:40,usr_000102,merch_0056,feed_banner_top
clk_0002816,imp_00026739,2026-08-26 08:22:52,usr_001297,merch_0112,post_order_carousel
clk_0002589,imp_00024279,2026-08-26 08:24:09,usr_001680,merch_0196,search_sponsored_item
clk_0002855,imp_00027141,2026-08-26 08:26:25,usr_000097,merch_0142,search_sponsored_item
clk_0001535,imp_00014151,2026-08-26 08:32:02,usr_002817,merch_0163,search_sponsored_item
clk_0004011,imp_00037860,2026-08-26 08:44:05,usr_004563,merch_0001,search_sponsored_item
clk_0004774,imp_00044986,2026-08-26 09:31:10,usr_001409,merch_0085,search_sponsored_item
clk_0003259,imp_00031012,2026-08-26 09:33:01,usr_001323,merch_0168,search_sponsored_item
clk_0002922,imp_00027691,2026-08-26 09:34:00,usr_003785,merch_0083,search_sponsored_item
clk_0001643,imp_00015156,2026-08-26 09:37:14,usr_002647,merch_0162,feed_banner_top
clk_0004300,imp_00040525,2026-08-26 10:03:22,usr_004925,merch_0071,search_sponsored_item
clk_0002428,imp_00022916,2026-08-26 10:10:33,usr_000805,merch_0008,feed_banner_top
clk_0000669,imp_00006182,2026-08-26 10:31:09,usr_001314,merch_0089,feed_banner_top
clk_0001411,imp_00013061,2026-08-26 10:33:39,usr_001556,merch_0183,post_order_carousel
clk_0005729,imp_00053980,2026-08-26 10:37:01,usr_000768,merch_0008,search_sponsored_item
clk_0006134,imp_00058094,2026-08-26 10:57:51,usr_001997,merch_0124,feed_banner_top
clk_0003834,imp_00036407,2026-08-26 11:16:45,usr_002002,merch_0083,feed_banner_top
clk_0000558,imp_00005046,2026-08-26 11:28:58,usr_002572,merch_0147,search_sponsored_item
clk_0000293,imp_00002740,2026-08-26 11:43:55,usr_001244,merch_0200,feed_banner_top
clk_0001306,imp_00012161,2026-08-26 11:53:35,usr_004779,merch_0183,post_order_carousel
clk_0004033,imp_00038049,2026-08-26 12:03:43,usr_001113,merch_0094,category_highlight
clk_0003308,imp_00031379,2026-08-26 12:07:51,usr_002304,merch_0034,search_sponsored_item
clk_0004805,imp_00045238,2026-08-26 12:23:47,usr_002526,merch_0092,search_sponsored_item
clk_0003999,imp_00037762,2026-08-26 12:28:06,usr_002296,merch_0023,feed_banner_top
clk_0001781,imp_00016451,2026-08-26 12:46:06,usr_004356,merch_0161,post_order_carousel
clk_0005370,imp_00050630,2026-08-26 12:53:53,usr_000618,merch_0170,search_sponsored_item
clk_0000916,imp_00008557,2026-08-26 13:18:00,usr_003872,merch_0017,post_order_carousel
clk_0005315,imp_00049952,2026-08-26 13:42:31,usr_002768,merch_0059,search_sponsored_item
clk_0000120,imp_00001085,2026-08-26 13:46:07,usr_000151,merch_0148,feed_banner_top
clk_0004281,imp_00040321,2026-08-26 13:51:06,usr_001008,merch_0056,feed_banner_top
clk_0002693,imp_00025473,2026-08-26 14:29:14,usr_002683,merch_0071,search_sponsored_item
clk_0002885,imp_00027410,2026-08-26 15:01:25,usr_001465,merch_0047,feed_banner_top
clk_0002038,imp_00018891,2026-08-26 15:05:46,usr_001226,merch_0037,category_highlight
clk_0006040,imp_00057006,2026-08-26 15:19:24,usr_000208,merch_0199,search_sponsored_item
clk_0006301,imp_00059840,2026-08-26 15:29:40,usr_003830,merch_0131,feed_banner_top
clk_0002395,imp_00022598,2026-08-26 15:30:13,usr_004900,merch_0140,post_order_carousel
clk_0000165,imp_00001572,2026-08-26 15:32:05,usr_003997,merch_0004,search_sponsored_item
clk_0001996,imp_00018494,2026-08-26 16:13:04,usr_004488,merch_0138,search_sponsored_item
clk_0003508,imp_00033361,2026-08-26 16:31:51,usr_002585,merch_0154,search_sponsored_item
clk_0005022,imp_00047198,2026-08-26 16:36:22,usr_004426,merch_0077,search_sponsored_item
clk_0003028,imp_00028707,2026-08-26 16:56:02,usr_001171,merch_0103,feed_banner_top
clk_0003274,imp_00031185,2026-08-26 17:25:42,usr_000966,merch_0186,post_order_carousel
clk_0006229,imp_00059163,2026-08-26 17:37:51,usr_002397,merch_0001,search_sponsored_item
clk_0000960,imp_00008899,2026-08-26 17:41:43,usr_002857,merch_0183,search_sponsored_item
clk_0006047,imp_00057069,2026-08-26 17:53:00,usr_003560,merch_0104,feed_banner_top
clk_0000309,imp_00002945,2026-08-26 18:08:56,usr_002056,merch_0069,post_order_carousel
clk_0006058,imp_00057253,2026-08-26 18:20:03,usr_004587,merch_0104,feed_banner_top
clk_0002205,imp_00020717,2026-08-26 19:02:47,usr_003163,merch_0094,post_order_carousel
clk_0002347,imp_00022053,2026-08-26 19:03:29,usr_001217,merch_0104,search_sponsored_item
clk_0004044,imp_00038121,2026-08-26 20:05:18,usr_001063,merch_0030,search_sponsored_item
clk_0006033,imp_00056949,2026-08-26 20:06:18,usr_003155,merch_0141,search_sponsored_item
clk_0001437,imp_00013236,2026-08-26 20:27:41,usr_004792,merch_0085,post_order_carousel
clk_0002014,imp_00018666,2026-08-26 20:28:42,usr_003763,merch_0165,feed_banner_top
clk_0004367,imp_00041280,2026-08-26 20:42:55,usr_003648,merch_0044,search_sponsored_item
clk_0000636,imp_00005821,2026-08-26 20:47:13,usr_002432,merch_0060,feed_banner_top
clk_0000633,imp_00005813,2026-08-26 20:50:34,usr_000337,merch_0056,search_sponsored_item
clk_0001776,imp_00016391,2026-08-26 21:04:28,usr_002820,merch_0032,search_sponsored_item
clk_0005549,imp_00052375,2026-08-26 21:18:54,usr_003919,merch_0024,category_highlight
clk_0004886,imp_00045908,2026-08-26 21:22:00,usr_004403,merch_0169,search_sponsored_item
clk_0002521,imp_00023587,2026-08-26 21:23:54,usr_002663,merch_0147,search_sponsored_item
clk_0004822,imp_00045367,2026-08-26 21:26:18,usr_004683,merch_0058,feed_banner_top
clk_0003419,imp_00032568,2026-08-26 21:34:15,usr_004290,merch_0025,search_sponsored_item
clk_0003177,imp_00030170,2026-08-26 22:09:21,usr_001001,merch_0196,search_sponsored_item
clk_0001563,imp_00014428,2026-08-26 22:16:26,usr_002388,merch_0059,search_sponsored_item
clk_0005174,imp_00048628,2026-08-26 22:28:56,usr_003692,merch_0186,feed_banner_top
clk_0002956,imp_00028072,2026-08-26 22:36:25,usr_001026,merch_0196,feed_banner_top
clk_0005250,imp_00049375,2026-08-26 22:43:13,usr_001362,merch_0023,feed_banner_top
clk_0004139,imp_00038987,2026-08-26 22:44:31,usr_000037,merch_0138,search_sponsored_item
clk_0005895,imp_00055461,2026-08-26 22:49:56,usr_004028,merch_0181,search_sponsored_item
clk_0000211,imp_00002007,2026-08-26 22:51:36,usr_002040,merch_0058,search_sponsored_item
clk_0000914,imp_00008539,2026-08-26 23:00:43,usr_001489,merch_0059,feed_banner_top
clk_0004298,imp_00040482,2026-08-26 23:09:23,usr_001582,merch_0188,search_sponsored_item
clk_0001049,imp_00009742,2026-08-26 23:29:34,usr_000219,merch_0168,post_order_carousel
clk_0002459,imp_00023125,2026-08-26 23:42:06,usr_000831,merch_0154,feed_banner_top
clk_0003937,imp_00037261,2026-08-27 00:17:26,usr_001371,merch_0104,search_sponsored_item
clk_0000228,imp_00002156,2026-08-27 00:26:28,usr_000997,merch_0036,feed_banner_top
clk_0005523,imp_00052132,2026-08-27 00:36:41,usr_002881,merch_0138,feed_banner_top
clk_0000318,imp_00003006,2026-08-27 00:45:53,usr_001345,merch_0017,search_sponsored_item
clk_0004831,imp_00045422,2026-08-27 00:46:24,usr_000503,merch_0165,feed_banner_top
clk_0001613,imp_00014952,2026-08-27 00:47:26,usr_004127,merch_0140,feed_banner_top
clk_0000737,imp_00006887,2026-08-27 00:48:11,usr_004035,merch_0019,search_sponsored_item
clk_0003342,imp_00031742,2026-08-27 00:55:39,usr_000147,merch_0044,search_sponsored_item
clk_0002652,imp_00025021,2026-08-27 01:03:57,usr_001550,merch_0131,search_sponsored_item
clk_0005609,imp_00052919,2026-08-27 01:17:47,usr_004729,merch_0086,search_sponsored_item
clk_0001545,imp_00014246,2026-08-27 01:23:50,usr_000723,merch_0023,search_sponsored_item
clk_0002071,imp_00019216,2026-08-27 01:44:34,usr_003450,merch_0188,search_sponsored_item
clk_0000513,imp_00004654,2026-08-27 02:07:52,usr_003496,merch_0186,feed_banner_top
clk_0005419,imp_00051083,2026-08-27 02:14:46,usr_004606,merch_0181,feed_banner_top
clk_0004907,imp_00046126,2026-08-27 02:40:18,usr_001500,merch_0041,category_highlight
clk_0003084,imp_00029300,2026-08-27 03:34:36,usr_003755,merch_0170,post_order_carousel
clk_0002731,imp_00025833,2026-08-27 03:35:35,usr_000726,merch_0036,feed_banner_top
clk_0004290,imp_00040416,2026-08-27 03:53:21,usr_000115,merch_0001,search_sponsored_item
clk_0000529,imp_00004781,2026-08-27 04:28:58,usr_001668,merch_0148,feed_banner_top
clk_0005444,imp_00051374,2026-08-27 04:39:37,usr_003378,merch_0085,post_order_carousel
clk_0001986,imp_00018397,2026-08-27 04:56:57,usr_003126,merch_0016,feed_banner_top
clk_0003330,imp_00031588,2026-08-27 05:09:41,usr_002275,merch_0083,category_highlight
clk_0005647,imp_00053252,2026-08-27 05:12:26,usr_003884,merch_0161,post_order_carousel
clk_0005975,imp_00056346,2026-08-27 05:18:53,usr_003418,merch_0045,category_highlight
clk_0000424,imp_00003900,2026-08-27 05:22:32,usr_002441,merch_0062,post_order_carousel
clk_0002263,imp_00021247,2026-08-27 05:26:58,usr_000779,merch_0097,search_sponsored_item
clk_0000538,imp_00004872,2026-08-27 05:43:04,usr_000173,merch_0154,search_sponsored_item
clk_0004428,imp_00041901,2026-08-27 05:58:27,usr_004581,merch_0052,post_order_carousel
clk_0000739,imp_00006895,2026-08-27 06:12:11,usr_001266,merch_0072,search_sponsored_item
clk_0003416,imp_00032548,2026-08-27 06:14:05,usr_001308,merch_0036,search_sponsored_item
clk_0001911,imp_00017605,2026-08-27 06:41:29,usr_002545,merch_0144,search_sponsored_item
clk_0005078,imp_00047757,2026-08-27 07:00:19,usr_003239,merch_0030,search_sponsored_item
clk_0005836,imp_00055049,2026-08-27 07:06:17,usr_000533,merch_0112,post_order_carousel
clk_0003556,imp_00033862,2026-08-27 07:33:58,usr_000504,merch_0162,search_sponsored_item
clk_0001855,imp_00017099,2026-08-27 07:39:43,usr_002154,merch_0008,category_highlight
clk_0004731,imp_00044637,2026-08-27 07:46:07,usr_002890,merch_0125,feed_banner_top
clk_0002556,imp_00024000,2026-08-27 07:49:05,usr_003637,merch_0103,category_highlight
clk_0001508,imp_00013923,2026-08-27 08:03:15,usr_001875,merch_0017,feed_banner_top
clk_0002319,imp_00021787,2026-08-27 08:56:10,usr_002585,merch_0186,feed_banner_top
clk_0001046,imp_00009691,2026-08-27 09:05:22,usr_001348,merch_0024,search_sponsored_item
clk_0005256,imp_00049444,2026-08-27 09:09:28,usr_003211,merch_0015,feed_banner_top
clk_0005114,imp_00048142,2026-08-27 09:15:40,usr_001068,merch_0138,category_highlight
clk_0000055,imp_00000533,2026-08-27 09:23:58,usr_004151,merch_0125,post_order_carousel
clk_0005386,imp_00050822,2026-08-27 09:46:00,usr_003702,merch_0086,feed_banner_top
clk_0001150,imp_00010806,2026-08-27 10:00:58,usr_003263,merch_0037,feed_banner_top
clk_0002327,imp_00021871,2026-08-27 10:10:07,usr_001095,merch_0142,search_sponsored_item
clk_0004849,imp_00045563,2026-08-27 10:34:09,usr_003687,merch_0125,search_sponsored_item
clk_0005184,imp_00048741,2026-08-27 10:35:34,usr_000195,merch_0142,search_sponsored_item
clk_0006029,imp_00056898,2026-08-27 10:36:48,usr_004586,merch_0030,post_order_carousel
clk_0005366,imp_00050602,2026-08-27 10:55:23,usr_002190,merch_0072,search_sponsored_item
clk_0004116,imp_00038696,2026-08-27 11:15:16,usr_003422,merch_0149,search_sponsored_item
clk_0004387,imp_00041508,2026-08-27 11:20:48,usr_000115,merch_0069,search_sponsored_item
clk_0005726,imp_00053960,2026-08-27 11:22:55,usr_001542,merch_0062,post_order_carousel
clk_0006073,imp_00057439,2026-08-27 11:34:10,usr_000693,merch_0169,feed_banner_top
clk_0002161,imp_00020270,2026-08-27 11:41:48,usr_002069,merch_0041,feed_banner_top
clk_0005760,imp_00054248,2026-08-27 11:47:00,usr_004147,merch_0037,feed_banner_top
clk_0001488,imp_00013691,2026-08-27 11:49:15,usr_002486,merch_0200,category_highlight
clk_0002888,imp_00027454,2026-08-27 11:53:00,usr_001927,merch_0154,feed_banner_top
clk_0001425,imp_00013161,2026-08-27 11:54:33,usr_002913,merch_0152,feed_banner_top
clk_0005238,imp_00049278,2026-08-27 11:57:08,usr_000016,merch_0142,search_sponsored_item
clk_0005010,imp_00047069,2026-08-27 12:01:29,usr_000440,merch_0024,search_sponsored_item
clk_0001658,imp_00015351,2026-08-27 12:03:17,usr_000832,merch_0196,search_sponsored_item
clk_0003134,imp_00029814,2026-08-27 12:06:37,usr_003304,merch_0040,feed_banner_top
clk_0002889,imp_00027459,2026-08-27 12:17:59,usr_002069,merch_0178,search_sponsored_item
clk_0000227,imp_00002155,2026-08-27 12:42:29,usr_003965,merch_0174,search_sponsored_item
clk_0000809,imp_00007600,2026-08-27 12:49:20,usr_002023,merch_0131,search_sponsored_item
clk_0005669,imp_00053464,2026-08-27 13:04:28,usr_002549,merch_0025,feed_banner_top
clk_0006303,imp_00059870,2026-08-27 13:04:56,usr_001968,merch_0140,category_highlight
clk_0001281,imp_00011876,2026-08-27 13:05:28,usr_000006,merch_0165,feed_banner_top
clk_0000559,imp_00005055,2026-08-27 13:06:19,usr_000723,merch_0131,feed_banner_top
clk_0000475,imp_00004390,2026-08-27 13:09:02,usr_000307,merch_0144,search_sponsored_item
clk_0005909,imp_00055585,2026-08-27 13:17:05,usr_002513,merch_0169,feed_banner_top
clk_0000500,imp_00004556,2026-08-27 13:20:46,usr_000058,merch_0069,search_sponsored_item
clk_0001040,imp_00009645,2026-08-27 13:21:55,usr_002224,merch_0037,category_highlight
clk_0002951,imp_00028031,2026-08-27 13:47:44,usr_004416,merch_0059,search_sponsored_item
clk_0002288,imp_00021426,2026-08-27 13:50:11,usr_000227,merch_0049,feed_banner_top
clk_0004498,imp_00042474,2026-08-27 13:50:19,usr_002080,merch_0112,feed_banner_top
clk_0001301,imp_00012109,2026-08-27 14:00:37,usr_001393,merch_0144,search_sponsored_item
clk_0006133,imp_00058085,2026-08-27 14:03:11,usr_004871,merch_0186,search_sponsored_item
clk_0004689,imp_00044237,2026-08-27 14:07:53,usr_002916,merch_0154,category_highlight
clk_0004389,imp_00041524,2026-08-27 14:58:20,usr_003198,merch_0079,feed_banner_top
clk_0003594,imp_00034277,2026-08-27 15:01:42,usr_002250,merch_0008,feed_banner_top
clk_0002430,imp_00022926,2026-08-27 15:16:21,usr_003379,merch_0183,feed_banner_top
clk_0002323,imp_00021822,2026-08-27 15:37:34,usr_000043,merch_0150,feed_banner_top
clk_0002530,imp_00023735,2026-08-27 15:50:12,usr_003037,merch_0186,category_highlight
clk_0003426,imp_00032634,2026-08-27 15:53:26,usr_002910,merch_0128,feed_banner_top
clk_0001732,imp_00015979,2026-08-27 16:05:23,usr_000365,merch_0150,feed_banner_top
clk_0003333,imp_00031634,2026-08-27 16:07:11,usr_003617,merch_0060,feed_banner_top
clk_0004308,imp_00040594,2026-08-27 16:09:06,usr_000242,merch_0097,post_order_carousel
clk_0000919,imp_00008585,2026-08-27 16:14:01,usr_004938,merch_0030,feed_banner_top
clk_0004024,imp_00037949,2026-08-27 16:46:23,usr_000171,merch_0044,search_sponsored_item
clk_0004937,imp_00046402,2026-08-27 16:59:45,usr_003687,merch_0104,feed_banner_top
clk_0002067,imp_00019179,2026-08-27 17:07:28,usr_000160,merch_0032,category_highlight
clk_0001815,imp_00016797,2026-08-27 17:11:32,usr_003415,merch_0056,feed_banner_top
clk_0002380,imp_00022381,2026-08-27 17:20:08,usr_003819,merch_0154,feed_banner_top
clk_0000428,imp_00003961,2026-08-27 17:30:27,usr_004388,merch_0144,category_highlight
clk_0002582,imp_00024226,2026-08-27 17:43:33,usr_002301,merch_0163,feed_banner_top
clk_0000780,imp_00007294,2026-08-27 17:57:36,usr_001550,merch_0023,search_sponsored_item
clk_0004936,imp_00046401,2026-08-27 18:01:10,usr_003890,merch_0039,category_highlight
clk_0000304,imp_00002924,2026-08-27 18:17:32,usr_003753,merch_0094,category_highlight
clk_0003159,imp_00030000,2026-08-27 18:33:12,usr_004554,merch_0097,search_sponsored_item
clk_0004806,imp_00045240,2026-08-27 18:40:25,usr_004734,merch_0144,post_order_carousel
clk_0000016,imp_00000159,2026-08-27 19:07:05,usr_000666,merch_0044,feed_banner_top
clk_0005319,imp_00049989,2026-08-27 19:09:29,usr_001834,merch_0117,search_sponsored_item
clk_0000091,imp_00000842,2026-08-27 19:16:36,usr_003413,merch_0089,search_sponsored_item
clk_0002895,imp_00027494,2026-08-27 19:19:30,usr_000100,merch_0062,feed_banner_top
clk_0002591,imp_00024318,2026-08-27 19:27:51,usr_004896,merch_0162,search_sponsored_item
clk_0003307,imp_00031369,2026-08-27 19:51:08,usr_001561,merch_0111,feed_banner_top
clk_0002780,imp_00026333,2026-08-27 20:31:15,usr_002371,merch_0025,feed_banner_top
clk_0006019,imp_00056815,2026-08-27 20:42:25,usr_000843,merch_0062,search_sponsored_item
clk_0001479,imp_00013607,2026-08-27 20:47:41,usr_002449,merch_0040,feed_banner_top
clk_0001103,imp_00010252,2026-08-27 20:56:32,usr_002617,merch_0031,feed_banner_top
clk_0005340,imp_00050244,2026-08-27 21:24:49,usr_002004,merch_0117,feed_banner_top
clk_0003045,imp_00028923,2026-08-27 21:28:31,usr_000621,merch_0141,post_order_carousel
clk_0000028,imp_00000333,2026-08-27 21:38:33,usr_004458,merch_0144,search_sponsored_item
clk_0001053,imp_00009791,2026-08-27 21:57:40,usr_003392,merch_0036,search_sponsored_item
clk_0004082,imp_00038407,2026-08-27 22:02:53,usr_004433,merch_0083,search_sponsored_item
clk_0005258,imp_00049471,2026-08-27 22:09:24,usr_003668,merch_0058,post_order_carousel
clk_0004379,imp_00041411,2026-08-27 22:19:20,usr_004049,merch_0181,search_sponsored_item
clk_0004668,imp_00044073,2026-08-27 22:20:10,usr_003541,merch_0148,search_sponsored_item
clk_0006132,imp_00058084,2026-08-27 22:25:51,usr_002530,merch_0154,category_highlight
clk_0005179,imp_00048671,2026-08-27 22:27:35,usr_000972,merch_0199,search_sponsored_item
clk_0003151,imp_00029946,2026-08-27 22:53:03,usr_003642,merch_0199,feed_banner_top
clk_0002851,imp_00027122,2026-08-27 22:56:30,usr_003767,merch_0188,search_sponsored_item
clk_0006063,imp_00057307,2026-08-27 23:01:28,usr_004897,merch_0019,feed_banner_top
clk_0002699,imp_00025521,2026-08-27 23:06:12,usr_003852,merch_0069,search_sponsored_item
clk_0002489,imp_00023359,2026-08-27 23:13:05,usr_002278,merch_0008,feed_banner_top
clk_0002000,imp_00018548,2026-08-27 23:25:26,usr_004443,merch_0196,search_sponsored_item
clk_0002606,imp_00024482,2026-08-28 00:01:56,usr_004375,merch_0125,search_sponsored_item
clk_0002511,imp_00023502,2026-08-28 00:06:37,usr_002842,merch_0150,feed_banner_top
clk_0003888,imp_00036851,2026-08-28 00:06:52,usr_003141,merch_0039,search_sponsored_item
clk_0005334,imp_00050182,2026-08-28 00:19:22,usr_003070,merch_0023,search_sponsored_item
clk_0001641,imp_00015133,2026-08-28 00:25:18,usr_001131,merch_0135,feed_banner_top
clk_0003430,imp_00032649,2026-08-28 00:38:40,usr_002353,merch_0083,feed_banner_top
clk_0003790,imp_00036009,2026-08-28 00:39:34,usr_004610,merch_0148,search_sponsored_item
clk_0000166,imp_00001582,2026-08-28 00:45:19,usr_004045,merch_0125,post_order_carousel
clk_0000161,imp_00001512,2026-08-28 00:57:30,usr_004893,merch_0037,post_order_carousel
clk_0003109,imp_00029526,2026-08-28 00:58:25,usr_000989,merch_0142,search_sponsored_item
clk_0004867,imp_00045715,2026-08-28 01:19:00,usr_004222,merch_0019,feed_banner_top
clk_0003568,imp_00033954,2026-08-28 01:19:22,usr_002381,merch_0138,post_order_carousel
clk_0003917,imp_00037107,2026-08-28 01:32:01,usr_001330,merch_0100,post_order_carousel
clk_0001623,imp_00015029,2026-08-28 01:34:42,usr_000140,merch_0034,search_sponsored_item
clk_0004595,imp_00043457,2026-08-28 01:46:07,usr_000008,merch_0016,search_sponsored_item
clk_0002230,imp_00020895,2026-08-28 01:58:41,usr_004974,merch_0089,feed_banner_top
clk_0002911,imp_00027610,2026-08-28 02:04:13,usr_002673,merch_0149,search_sponsored_item
clk_0002940,imp_00027940,2026-08-28 02:20:11,usr_003304,merch_0135,post_order_carousel
clk_0005737,imp_00054072,2026-08-28 02:22:58,usr_000320,merch_0165,post_order_carousel
clk_0002843,imp_00027055,2026-08-28 02:24:11,usr_003686,merch_0079,search_sponsored_item
clk_0002552,imp_00023978,2026-08-28 02:28:18,usr_001827,merch_0025,search_sponsored_item
clk_0005718,imp_00053907,2026-08-28 02:29:13,usr_001928,merch_0161,feed_banner_top
clk_0003233,imp_00030747,2026-08-28 02:51:14,usr_000995,merch_0049,feed_banner_top
clk_0005842,imp_00055103,2026-08-28 03:12:26,usr_003627,merch_0069,search_sponsored_item
clk_0004587,imp_00043369,2026-08-28 03:15:50,usr_003034,merch_0062,post_order_carousel
clk_0003326,imp_00031541,2026-08-28 03:28:16,usr_002889,merch_0085,search_sponsored_item
clk_0004938,imp_00046412,2026-08-28 03:49:57,usr_003389,merch_0161,feed_banner_top
clk_0003826,imp_00036291,2026-08-28 03:52:26,usr_003911,merch_0148,search_sponsored_item
clk_0002016,imp_00018682,2026-08-28 03:55:53,usr_003668,merch_0144,search_sponsored_item
clk_0001344,imp_00012477,2026-08-28 03:58:20,usr_001792,merch_0015,feed_banner_top
clk_0002729,imp_00025801,2026-08-28 04:30:37,usr_000704,merch_0008,search_sponsored_item
clk_0001299,imp_00012079,2026-08-28 04:34:04,usr_002503,merch_0154,post_order_carousel
clk_0003163,imp_00030021,2026-08-28 05:00:55,usr_004972,merch_0135,post_order_carousel
clk_0005913,imp_00055646,2026-08-28 05:04:40,usr_001535,merch_0178,search_sponsored_item
clk_0006161,imp_00058338,2026-08-28 05:07:43,usr_002932,merch_0004,search_sponsored_item
clk_0000540,imp_00004882,2026-08-28 05:28:21,usr_004401,merch_0083,post_order_carousel
clk_0001190,imp_00011187,2026-08-28 05:40:27,usr_001088,merch_0186,feed_banner_top
clk_0002649,imp_00024939,2026-08-28 05:56:45,usr_002389,merch_0089,post_order_carousel
clk_0003912,imp_00037033,2026-08-28 06:10:52,usr_001211,merch_0016,search_sponsored_item
clk_0004066,imp_00038327,2026-08-28 06:15:19,usr_002757,merch_0045,search_sponsored_item
clk_0001787,imp_00016505,2026-08-28 06:18:27,usr_001252,merch_0148,post_order_carousel
clk_0003935,imp_00037227,2026-08-28 06:26:25,usr_001160,merch_0025,category_highlight
clk_0004302,imp_00040552,2026-08-28 06:30:21,usr_000566,merch_0019,feed_banner_top
clk_0003002,imp_00028480,2026-08-28 06:31:35,usr_003448,merch_0047,search_sponsored_item
clk_0003110,imp_00029532,2026-08-28 07:02:10,usr_004947,merch_0085,post_order_carousel
clk_0002109,imp_00019649,2026-08-28 07:02:16,usr_002346,merch_0030,search_sponsored_item
clk_0002968,imp_00028157,2026-08-28 07:24:24,usr_000797,merch_0072,feed_banner_top
clk_0001835,imp_00016967,2026-08-28 07:25:56,usr_001368,merch_0016,feed_banner_top
clk_0001980,imp_00018323,2026-08-28 07:36:44,usr_001567,merch_0033,category_highlight
clk_0005965,imp_00056270,2026-08-28 08:03:15,usr_000347,merch_0168,post_order_carousel
clk_0002053,imp_00019062,2026-08-28 08:23:41,usr_003976,merch_0150,search_sponsored_item
clk_0000399,imp_00003714,2026-08-28 08:27:12,usr_001474,merch_0111,search_sponsored_item
clk_0002607,imp_00024489,2026-08-28 08:39:26,usr_002102,merch_0119,post_order_carousel
clk_0002744,imp_00025953,2026-08-28 08:57:45,usr_004855,merch_0165,search_sponsored_item
clk_0000046,imp_00000444,2026-08-28 09:00:45,usr_001081,merch_0097,category_highlight
clk_0006184,imp_00058592,2026-08-28 09:05:16,usr_004394,merch_0071,feed_banner_top
clk_0005734,imp_00054043,2026-08-28 09:13:01,usr_000513,merch_0024,post_order_carousel
clk_0003559,imp_00033882,2026-08-28 09:24:42,usr_000418,merch_0078,feed_banner_top
clk_0002832,imp_00026922,2026-08-28 09:32:45,usr_002024,merch_0033,feed_banner_top
clk_0004438,imp_00041963,2026-08-28 09:36:55,usr_003733,merch_0135,feed_banner_top
clk_0004486,imp_00042385,2026-08-28 09:59:29,usr_004854,merch_0008,search_sponsored_item
clk_0004214,imp_00039712,2026-08-28 10:06:52,usr_001482,merch_0104,feed_banner_top
clk_0005012,imp_00047089,2026-08-28 10:09:49,usr_003921,merch_0092,feed_banner_top
clk_0004719,imp_00044510,2026-08-28 10:10:54,usr_002891,merch_0032,search_sponsored_item
clk_0004412,imp_00041758,2026-08-28 10:15:59,usr_003435,merch_0144,category_highlight
clk_0001237,imp_00011478,2026-08-28 10:23:25,usr_004631,merch_0004,search_sponsored_item
clk_0005786,imp_00054586,2026-08-28 10:25:18,usr_000691,merch_0100,search_sponsored_item
clk_0005553,imp_00052398,2026-08-28 10:32:53,usr_002258,merch_0044,search_sponsored_item
clk_0003979,imp_00037600,2026-08-28 10:33:20,usr_003699,merch_0186,search_sponsored_item
clk_0000369,imp_00003457,2026-08-28 10:40:10,usr_004660,merch_0071,feed_banner_top
clk_0002770,imp_00026252,2026-08-28 10:54:54,usr_002276,merch_0196,post_order_carousel
clk_0002586,imp_00024251,2026-08-28 11:12:30,usr_004278,merch_0044,search_sponsored_item
clk_0004940,imp_00046431,2026-08-28 11:21:17,usr_000020,merch_0024,feed_banner_top
clk_0004160,imp_00039176,2026-08-28 11:31:54,usr_001098,merch_0019,search_sponsored_item
clk_0002560,imp_00024032,2026-08-28 11:34:15,usr_000009,merch_0016,post_order_carousel
clk_0003254,imp_00030979,2026-08-28 11:35:46,usr_000417,merch_0016,search_sponsored_item
clk_0004649,imp_00043857,2026-08-28 11:40:24,usr_001353,merch_0062,category_highlight
clk_0003713,imp_00035319,2026-08-28 11:44:52,usr_003748,merch_0169,search_sponsored_item
clk_0000482,imp_00004433,2026-08-28 11:52:48,usr_001673,merch_0060,category_highlight
clk_0001013,imp_00009359,2026-08-28 11:56:51,usr_003247,merch_0199,post_order_carousel
clk_0004633,imp_00043764,2026-08-28 11:57:21,usr_002228,merch_0135,feed_banner_top
clk_0003174,imp_00030129,2026-08-28 11:57:22,usr_002909,merch_0056,search_sponsored_item
clk_0000334,imp_00003125,2026-08-28 12:06:04,usr_003468,merch_0188,post_order_carousel
clk_0000452,imp_00004131,2026-08-28 12:06:24,usr_001216,merch_0060,feed_banner_top
clk_0005700,imp_00053755,2026-08-28 12:18:07,usr_002450,merch_0150,search_sponsored_item
clk_0001101,imp_00010237,2026-08-28 12:22:40,usr_004635,merch_0045,search_sponsored_item
clk_0004358,imp_00041169,2026-08-28 12:30:10,usr_004250,merch_0044,post_order_carousel
clk_0004404,imp_00041671,2026-08-28 12:40:58,usr_001478,merch_0125,category_highlight
clk_0000908,imp_00008510,2026-08-28 12:55:40,usr_002330,merch_0163,feed_banner_top
clk_0000072,imp_00000683,2026-08-28 13:10:35,usr_004693,merch_0170,feed_banner_top
clk_0003776,imp_00035867,2026-08-28 13:17:03,usr_002858,merch_0152,search_sponsored_item
clk_0005603,imp_00052891,2026-08-28 13:22:48,usr_004852,merch_0041,search_sponsored_item
clk_0001253,imp_00011640,2026-08-28 13:27:32,usr_000998,merch_0052,post_order_carousel
clk_0003946,imp_00037332,2026-08-28 13:31:21,usr_003399,merch_0019,search_sponsored_item
clk_0003849,imp_00036528,2026-08-28 13:48:13,usr_003503,merch_0168,search_sponsored_item
clk_0000221,imp_00002101,2026-08-28 14:01:11,usr_001193,merch_0089,search_sponsored_item
clk_0003943,imp_00037312,2026-08-28 14:12:30,usr_003003,merch_0125,search_sponsored_item
clk_0004699,imp_00044366,2026-08-28 14:14:33,usr_002384,merch_0071,feed_banner_top
clk_0000163,imp_00001549,2026-08-28 14:23:37,usr_002037,merch_0138,feed_banner_top
clk_0002449,imp_00023054,2026-08-28 14:26:37,usr_003454,merch_0181,feed_banner_top
clk_0000301,imp_00002870,2026-08-28 14:42:16,usr_001724,merch_0017,feed_banner_top
clk_0002221,imp_00020821,2026-08-28 14:44:15,usr_002874,merch_0039,post_order_carousel
clk_0002163,imp_00020285,2026-08-28 14:46:11,usr_001731,merch_0040,search_sponsored_item
clk_0001767,imp_00016304,2026-08-28 15:02:38,usr_000864,merch_0030,post_order_carousel
clk_0003325,imp_00031532,2026-08-28 15:28:36,usr_004750,merch_0117,post_order_carousel
clk_0003886,imp_00036830,2026-08-28 15:38:43,usr_001398,merch_0170,search_sponsored_item
clk_0000844,imp_00007906,2026-08-28 15:52:13,usr_002300,merch_0062,search_sponsored_item
clk_0002384,imp_00022399,2026-08-28 15:56:22,usr_002247,merch_0056,search_sponsored_item
clk_0003750,imp_00035633,2026-08-28 16:16:03,usr_003749,merch_0200,feed_banner_top
clk_0005894,imp_00055446,2026-08-28 16:21:09,usr_000928,merch_0033,search_sponsored_item
clk_0004016,imp_00037896,2026-08-28 16:55:00,usr_004141,merch_0199,search_sponsored_item
clk_0003053,imp_00029021,2026-08-28 16:55:42,usr_000630,merch_0041,feed_banner_top
clk_0004006,imp_00037808,2026-08-28 17:01:40,usr_004804,merch_0186,category_highlight
clk_0002821,imp_00026806,2026-08-28 17:04:20,usr_004500,merch_0079,search_sponsored_item
clk_0002169,imp_00020338,2026-08-28 17:34:50,usr_004969,merch_0037,feed_banner_top
clk_0000356,imp_00003346,2026-08-28 18:05:20,usr_000221,merch_0186,search_sponsored_item
clk_0006037,imp_00056983,2026-08-28 18:15:02,usr_002953,merch_0170,search_sponsored_item
clk_0004469,imp_00042216,2026-08-28 18:15:04,usr_002172,merch_0092,search_sponsored_item
clk_0003977,imp_00037580,2026-08-28 18:15:17,usr_002445,merch_0058,post_order_carousel
clk_0000368,imp_00003441,2026-08-28 18:29:17,usr_004171,merch_0092,feed_banner_top
clk_0006220,imp_00059054,2026-08-28 18:35:02,usr_001992,merch_0092,feed_banner_top
clk_0003469,imp_00033031,2026-08-28 18:37:13,usr_000773,merch_0019,post_order_carousel
clk_0000044,imp_00000433,2026-08-28 19:27:44,usr_002701,merch_0163,category_highlight
clk_0000557,imp_00005042,2026-08-28 19:50:41,usr_001868,merch_0181,search_sponsored_item
clk_0005628,imp_00053060,2026-08-28 20:02:28,usr_004875,merch_0033,search_sponsored_item
clk_0003521,imp_00033470,2026-08-28 20:18:18,usr_004718,merch_0131,feed_banner_top
clk_0003608,imp_00034368,2026-08-28 21:01:32,usr_003961,merch_0162,post_order_carousel
clk_0000883,imp_00008287,2026-08-28 21:24:47,usr_000589,merch_0025,feed_banner_top
clk_0003222,imp_00030630,2026-08-28 21:38:18,usr_001264,merch_0148,category_highlight
clk_0005171,imp_00048609,2026-08-28 21:41:45,usr_001737,merch_0094,feed_banner_top
clk_0000107,imp_00000944,2026-08-28 21:49:06,usr_001594,merch_0161,feed_banner_top
clk_0001710,imp_00015785,2026-08-28 21:55:07,usr_001729,merch_0044,category_highlight
clk_0003295,imp_00031319,2026-08-28 22:03:32,usr_004632,merch_0154,feed_banner_top
clk_0006237,imp_00059224,2026-08-28 22:03:33,usr_003715,merch_0144,feed_banner_top
clk_0000145,imp_00001382,2026-08-28 22:14:08,usr_000980,merch_0119,category_highlight
clk_0004167,imp_00039249,2026-08-28 22:17:50,usr_003932,merch_0041,post_order_carousel
clk_0000204,imp_00001945,2026-08-28 22:17:53,usr_001967,merch_0045,search_sponsored_item
clk_0002132,imp_00019881,2026-08-28 22:19:06,usr_001893,merch_0124,search_sponsored_item
clk_0003164,imp_00030047,2026-08-28 22:29:16,usr_001917,merch_0183,search_sponsored_item
clk_0006253,imp_00059385,2026-08-28 22:43:07,usr_004306,merch_0058,category_highlight
clk_0001794,imp_00016603,2026-08-28 22:43:46,usr_003329,merch_0104,search_sponsored_item
clk_0005512,imp_00052030,2026-08-28 22:48:17,usr_004143,merch_0032,search_sponsored_item
clk_0001832,imp_00016950,2026-08-28 23:10:04,usr_001730,merch_0025,category_highlight
clk_0004390,imp_00041534,2026-08-28 23:26:35,usr_003092,merch_0062,category_highlight
clk_0002849,imp_00027117,2026-08-28 23:28:54,usr_002081,merch_0049,post_order_carousel
clk_0006091,imp_00057594,2026-08-28 23:48:10,usr_003648,merch_0186,search_sponsored_item
clk_0006139,imp_00058176,2026-08-28 23:53:04,usr_003172,merch_0162,search_sponsored_item
clk_0003590,imp_00034220,2026-08-28 23:54:35,usr_001974,merch_0094,search_sponsored_item
clk_0001483,imp_00013650,2026-08-29 00:02:40,usr_003865,merch_0044,feed_banner_top
clk_0004539,imp_00042838,2026-08-29 00:13:43,usr_001685,merch_0131,search_sponsored_item
clk_0002864,imp_00027201,2026-08-29 00:45:18,usr_004707,merch_0083,search_sponsored_item
clk_0000470,imp_00004340,2026-08-29 00:46:12,usr_004540,merch_0025,feed_banner_top
clk_0001546,imp_00014248,2026-08-29 00:53:05,usr_002621,merch_0103,search_sponsored_item
clk_0003268,imp_00031126,2026-08-29 01:03:33,usr_000448,merch_0138,search_sponsored_item
clk_0004222,imp_00039747,2026-08-29 01:12:53,usr_003980,merch_0034,feed_banner_top
clk_0000648,imp_00006021,2026-08-29 01:38:34,usr_004776,merch_0165,search_sponsored_item
clk_0000554,imp_00005010,2026-08-29 01:52:37,usr_000567,merch_0119,search_sponsored_item
clk_0005800,imp_00054720,2026-08-29 01:53:19,usr_001017,merch_0154,feed_banner_top
clk_0003867,imp_00036690,2026-08-29 02:00:23,usr_000391,merch_0168,search_sponsored_item
clk_0000584,imp_00005358,2026-08-29 02:07:19,usr_001132,merch_0049,search_sponsored_item
clk_0002415,imp_00022785,2026-08-29 02:11:42,usr_004499,merch_0016,search_sponsored_item
clk_0003399,imp_00032326,2026-08-29 02:55:51,usr_003152,merch_0125,search_sponsored_item
clk_0001645,imp_00015188,2026-08-29 03:00:44,usr_001804,merch_0032,feed_banner_top
clk_0000592,imp_00005440,2026-08-29 03:07:10,usr_001494,merch_0024,post_order_carousel
clk_0002859,imp_00027161,2026-08-29 03:27:08,usr_004353,merch_0034,feed_banner_top
clk_0004873,imp_00045753,2026-08-29 03:35:54,usr_002596,merch_0148,post_order_carousel
clk_0003442,imp_00032777,2026-08-29 03:51:15,usr_004210,merch_0041,category_highlight
clk_0002039,imp_00018943,2026-08-29 03:58:26,usr_001008,merch_0052,feed_banner_top
clk_0001277,imp_00011838,2026-08-29 03:59:32,usr_004760,merch_0181,feed_banner_top
clk_0001511,imp_00013958,2026-08-29 04:09:12,usr_003037,merch_0058,feed_banner_top
clk_0000878,imp_00008239,2026-08-29 04:23:58,usr_003289,merch_0154,search_sponsored_item
clk_0004140,imp_00038990,2026-08-29 04:25:19,usr_004632,merch_0183,category_highlight
clk_0006180,imp_00058512,2026-08-29 04:30:46,usr_004147,merch_0154,feed_banner_top
clk_0004224,imp_00039750,2026-08-29 04:31:38,usr_003310,merch_0161,feed_banner_top
clk_0001819,imp_00016860,2026-08-29 04:44:26,usr_004635,merch_0144,search_sponsored_item
clk_0005529,imp_00052174,2026-08-29 04:47:57,usr_003917,merch_0097,search_sponsored_item
clk_0006223,imp_00059099,2026-08-29 04:52:38,usr_004872,merch_0083,post_order_carousel
clk_0000927,imp_00008672,2026-08-29 04:59:04,usr_003808,merch_0181,search_sponsored_item
clk_0005207,imp_00048981,2026-08-29 05:29:58,usr_004306,merch_0100,post_order_carousel
clk_0003062,imp_00029116,2026-08-29 05:37:51,usr_002691,merch_0015,search_sponsored_item
clk_0003270,imp_00031141,2026-08-29 05:44:55,usr_003364,merch_0178,search_sponsored_item
clk_0005202,imp_00048892,2026-08-29 06:07:16,usr_000700,merch_0041,search_sponsored_item
clk_0005662,imp_00053361,2026-08-29 06:08:14,usr_002888,merch_0040,feed_banner_top
clk_0000879,imp_00008253,2026-08-29 06:40:08,usr_001349,merch_0148,feed_banner_top
clk_0002491,imp_00023367,2026-08-29 07:04:02,usr_002613,merch_0170,search_sponsored_item
clk_0000341,imp_00003216,2026-08-29 07:05:10,usr_002538,merch_0016,search_sponsored_item
clk_0002261,imp_00021241,2026-08-29 07:21:10,usr_004521,merch_0044,post_order_carousel
clk_0001082,imp_00010065,2026-08-29 07:31:41,usr_003225,merch_0094,search_sponsored_item
clk_0004433,imp_00041939,2026-08-29 07:49:25,usr_003248,merch_0199,search_sponsored_item
clk_0002057,imp_00019094,2026-08-29 07:56:40,usr_004669,merch_0148,category_highlight
clk_0005185,imp_00048742,2026-08-29 08:03:39,usr_001418,merch_0117,post_order_carousel
clk_0003316,imp_00031479,2026-08-29 08:21:41,usr_000669,merch_0024,search_sponsored_item
clk_0006217,imp_00059024,2026-08-29 08:34:31,usr_002901,merch_0149,feed_banner_top
clk_0000627,imp_00005725,2026-08-29 08:41:46,usr_000183,merch_0130,search_sponsored_item
clk_0002763,imp_00026130,2026-08-29 08:52:45,usr_001040,merch_0165,search_sponsored_item
clk_0003788,imp_00035994,2026-08-29 08:55:06,usr_000842,merch_0045,search_sponsored_item
clk_0000876,imp_00008205,2026-08-29 09:03:28,usr_004060,merch_0094,post_order_carousel
clk_0001743,imp_00016101,2026-08-29 09:03:50,usr_000069,merch_0117,search_sponsored_item
clk_0001085,imp_00010082,2026-08-29 09:15:21,usr_003378,merch_0039,search_sponsored_item
clk_0002388,imp_00022479,2026-08-29 09:23:30,usr_002193,merch_0004,category_highlight
clk_0001630,imp_00015081,2026-08-29 10:10:11,usr_001096,merch_0135,post_order_carousel
clk_0003059,imp_00029100,2026-08-29 10:33:15,usr_002078,merch_0072,feed_banner_top
clk_0002265,imp_00021250,2026-08-29 10:54:52,usr_000637,merch_0058,feed_banner_top
clk_0001937,imp_00017852,2026-08-29 11:15:00,usr_003065,merch_0111,feed_banner_top
clk_0004745,imp_00044735,2026-08-29 11:41:55,usr_003754,merch_0178,search_sponsored_item
clk_0002369,imp_00022260,2026-08-29 12:27:42,usr_001903,merch_0031,feed_banner_top
clk_0000660,imp_00006147,2026-08-29 12:28:20,usr_001894,merch_0119,post_order_carousel
clk_0003612,imp_00034415,2026-08-29 12:39:54,usr_001199,merch_0111,search_sponsored_item
clk_0005488,imp_00051799,2026-08-29 12:54:19,usr_000100,merch_0016,search_sponsored_item
clk_0001729,imp_00015950,2026-08-29 13:08:36,usr_002266,merch_0085,search_sponsored_item
clk_0002581,imp_00024216,2026-08-29 13:08:55,usr_000056,merch_0117,search_sponsored_item
clk_0000181,imp_00001677,2026-08-29 13:15:47,usr_004940,merch_0023,search_sponsored_item
clk_0004411,imp_00041744,2026-08-29 13:20:43,usr_003583,merch_0161,post_order_carousel
clk_0001772,imp_00016345,2026-08-29 13:39:30,usr_000761,merch_0161,post_order_carousel
clk_0002399,imp_00022619,2026-08-29 13:50:22,usr_003861,merch_0077,feed_banner_top
clk_0002654,imp_00025032,2026-08-29 13:52:05,usr_003900,merch_0049,feed_banner_top
clk_0004096,imp_00038527,2026-08-29 14:00:04,usr_003936,merch_0181,search_sponsored_item
clk_0000173,imp_00001643,2026-08-29 14:06:39,usr_004371,merch_0119,search_sponsored_item
clk_0002702,imp_00025554,2026-08-29 14:06:58,usr_003201,merch_0033,search_sponsored_item
clk_0002435,imp_00022963,2026-08-29 14:12:50,usr_003614,merch_0103,search_sponsored_item
clk_0004405,imp_00041672,2026-08-29 14:23:30,usr_002305,merch_0092,search_sponsored_item
clk_0000907,imp_00008508,2026-08-29 14:28:00,usr_000234,merch_0092,post_order_carousel
clk_0003060,imp_00029103,2026-08-29 14:38:46,usr_004834,merch_0148,post_order_carousel
clk_0003037,imp_00028870,2026-08-29 14:48:23,usr_004952,merch_0199,post_order_carousel
clk_0000881,imp_00008273,2026-08-29 15:30:49,usr_001171,merch_0154,category_highlight
clk_0004599,imp_00043501,2026-08-29 15:34:08,usr_000759,merch_0168,feed_banner_top
clk_0000609,imp_00005572,2026-08-29 15:57:11,usr_000903,merch_0083,feed_banner_top
clk_0002334,imp_00021942,2026-08-29 16:02:20,usr_004859,merch_0062,search_sponsored_item
clk_0002391,imp_00022524,2026-08-29 16:20:25,usr_004702,merch_0112,feed_banner_top
clk_0003949,imp_00037350,2026-08-29 16:32:15,usr_001932,merch_0135,search_sponsored_item
clk_0005360,imp_00050530,2026-08-29 16:37:44,usr_000327,merch_0125,category_highlight
clk_0003741,imp_00035564,2026-08-29 16:45:09,usr_003917,merch_0174,search_sponsored_item
clk_0004036,imp_00038084,2026-08-29 16:45:40,usr_001067,merch_0119,search_sponsored_item
clk_0005665,imp_00053414,2026-08-29 17:00:25,usr_004873,merch_0039,category_highlight
clk_0004008,imp_00037843,2026-08-29 17:28:08,usr_002753,merch_0104,feed_banner_top
clk_0001887,imp_00017419,2026-08-29 17:38:32,usr_000796,merch_0025,search_sponsored_item
clk_0006271,imp_00059560,2026-08-29 17:38:47,usr_004350,merch_0056,search_sponsored_item
clk_0005403,imp_00050982,2026-08-29 17:54:57,usr_000470,merch_0058,search_sponsored_item
clk_0001226,imp_00011426,2026-08-29 17:56:56,usr_003254,merch_0200,feed_banner_top
clk_0000373,imp_00003501,2026-08-29 18:22:47,usr_004467,merch_0034,feed_banner_top
clk_0006014,imp_00056762,2026-08-29 18:24:38,usr_003850,merch_0058,feed_banner_top
clk_0000392,imp_00003672,2026-08-29 18:36:10,usr_003001,merch_0044,feed_banner_top
clk_0000667,imp_00006174,2026-08-29 18:44:01,usr_004139,merch_0165,feed_banner_top
clk_0002464,imp_00023143,2026-08-29 18:49:32,usr_003828,merch_0154,category_highlight
clk_0002715,imp_00025682,2026-08-29 18:58:02,usr_001567,merch_0104,search_sponsored_item
clk_0001941,imp_00017868,2026-08-29 19:19:35,usr_001405,merch_0045,feed_banner_top
clk_0006065,imp_00057333,2026-08-29 19:21:42,usr_003850,merch_0047,search_sponsored_item
clk_0002278,imp_00021357,2026-08-29 19:29:29,usr_004347,merch_0117,feed_banner_top
clk_0003503,imp_00033303,2026-08-29 19:37:42,usr_001959,merch_0174,search_sponsored_item
clk_0005526,imp_00052153,2026-08-29 19:42:40,usr_001992,merch_0083,feed_banner_top
clk_0002822,imp_00026808,2026-08-29 20:01:38,usr_002202,merch_0112,feed_banner_top
clk_0000517,imp_00004695,2026-08-29 20:05:09,usr_002241,merch_0089,feed_banner_top
clk_0000425,imp_00003903,2026-08-29 20:08:39,usr_001498,merch_0004,search_sponsored_item
clk_0003653,imp_00034806,2026-08-29 20:25:05,usr_000245,merch_0141,search_sponsored_item
clk_0005896,imp_00055463,2026-08-29 20:30:14,usr_000897,merch_0140,feed_banner_top
clk_0004352,imp_00041080,2026-08-29 21:06:46,usr_000657,merch_0037,category_highlight
clk_0002253,imp_00021130,2026-08-29 21:07:19,usr_002318,merch_0130,feed_banner_top
clk_0000511,imp_00004643,2026-08-29 21:15:15,usr_000847,merch_0044,search_sponsored_item
clk_0002447,imp_00023045,2026-08-29 21:17:14,usr_004538,merch_0097,feed_banner_top
clk_0004657,imp_00043910,2026-08-29 21:17:29,usr_003852,merch_0069,feed_banner_top
clk_0004810,imp_00045276,2026-08-29 21:22:47,usr_000179,merch_0199,search_sponsored_item
clk_0004181,imp_00039362,2026-08-29 21:38:30,usr_001427,merch_0069,search_sponsored_item
clk_0002994,imp_00028373,2026-08-29 21:46:06,usr_003087,merch_0001,search_sponsored_item
clk_0001666,imp_00015402,2026-08-29 21:46:40,usr_001418,merch_0111,feed_banner_top
clk_0005296,imp_00049815,2026-08-29 21:50:32,usr_004514,merch_0196,category_highlight
clk_0003328,imp_00031560,2026-08-29 22:03:40,usr_000189,merch_0058,feed_banner_top
clk_0001531,imp_00014129,2026-08-29 22:33:56,usr_004420,merch_0097,feed_banner_top
clk_0004136,imp_00038959,2026-08-29 22:34:15,usr_003666,merch_0037,category_highlight
clk_0001004,imp_00009265,2026-08-29 23:00:50,usr_001316,merch_0144,post_order_carousel
clk_0000835,imp_00007822,2026-08-29 23:01:04,usr_000255,merch_0142,search_sponsored_item
clk_0002111,imp_00019667,2026-08-29 23:11:04,usr_003140,merch_0077,post_order_carousel
clk_0004965,imp_00046669,2026-08-29 23:20:48,usr_002960,merch_0154,search_sponsored_item
clk_0000093,imp_00000847,2026-08-29 23:25:39,usr_001269,merch_0149,search_sponsored_item
clk_0001351,imp_00012524,2026-08-29 23:37:30,usr_003860,merch_0100,post_order_carousel
clk_0003444,imp_00032791,2026-08-30 00:27:27,usr_001793,merch_0060,search_sponsored_item
clk_0000831,imp_00007805,2026-08-30 00:29:48,usr_004400,merch_0062,post_order_carousel
clk_0003874,imp_00036753,2026-08-30 00:35:11,usr_002258,merch_0036,post_order_carousel
clk_0001371,imp_00012692,2026-08-30 00:58:02,usr_003173,merch_0077,search_sponsored_item
clk_0004264,imp_00040176,2026-08-30 01:00:13,usr_002088,merch_0125,feed_banner_top
clk_0001011,imp_00009351,2026-08-30 01:10:30,usr_003871,merch_0052,post_order_carousel
clk_0003406,imp_00032373,2026-08-30 01:16:03,usr_000754,merch_0168,search_sponsored_item
clk_0004740,imp_00044716,2026-08-30 01:30:34,usr_000841,merch_0104,search_sponsored_item
clk_0000458,imp_00004172,2026-08-30 01:39:36,usr_000526,merch_0083,feed_banner_top
clk_0005772,imp_00054433,2026-08-30 01:52:26,usr_000635,merch_0174,post_order_carousel
clk_0004245,imp_00039967,2026-08-30 01:59:19,usr_001407,merch_0034,search_sponsored_item
clk_0002304,imp_00021681,2026-08-30 02:01:02,usr_002282,merch_0085,category_highlight
clk_0003024,imp_00028661,2026-08-30 02:21:51,usr_001115,merch_0017,search_sponsored_item
clk_0000404,imp_00003762,2026-08-30 02:28:12,usr_004746,merch_0150,feed_banner_top
clk_0002213,imp_00020768,2026-08-30 02:46:27,usr_004335,merch_0060,feed_banner_top
clk_0000580,imp_00005305,2026-08-30 03:09:49,usr_001506,merch_0183,feed_banner_top
clk_0004930,imp_00046363,2026-08-30 03:13:05,usr_000394,merch_0059,feed_banner_top
clk_0000619,imp_00005642,2026-08-30 03:21:56,usr_004765,merch_0183,feed_banner_top
clk_0001530,imp_00014125,2026-08-30 03:25:34,usr_001972,merch_0023,search_sponsored_item
clk_0001755,imp_00016207,2026-08-30 03:56:56,usr_002501,merch_0033,search_sponsored_item
clk_0001595,imp_00014782,2026-08-30 04:26:39,usr_001740,merch_0196,feed_banner_top
clk_0000658,imp_00006122,2026-08-30 04:41:49,usr_000409,merch_0001,search_sponsored_item
clk_0003043,imp_00028911,2026-08-30 04:53:30,usr_003758,merch_0083,post_order_carousel
clk_0000954,imp_00008839,2026-08-30 04:59:31,usr_000963,merch_0150,category_highlight
clk_0006262,imp_00059483,2026-08-30 05:06:53,usr_002794,merch_0044,feed_banner_top
clk_0006256,imp_00059431,2026-08-30 05:20:06,usr_000843,merch_0112,post_order_carousel
clk_0002138,imp_00019965,2026-08-30 05:23:03,usr_003588,merch_0041,feed_banner_top
clk_0004275,imp_00040259,2026-08-30 05:33:41,usr_000028,merch_0200,search_sponsored_item
clk_0004868,imp_00045716,2026-08-30 05:56:05,usr_003580,merch_0128,category_highlight
clk_0003548,imp_00033786,2026-08-30 06:01:56,usr_002655,merch_0169,category_highlight
clk_0003411,imp_00032452,2026-08-30 06:14:22,usr_003900,merch_0024,feed_banner_top
clk_0000043,imp_00000425,2026-08-30 06:17:58,usr_000307,merch_0147,feed_banner_top
clk_0003703,imp_00035253,2026-08-30 06:18:25,usr_004067,merch_0147,search_sponsored_item
clk_0000838,imp_00007850,2026-08-30 06:20:07,usr_002842,merch_0125,post_order_carousel
clk_0002636,imp_00024816,2026-08-30 06:55:02,usr_000055,merch_0135,search_sponsored_item
clk_0002926,imp_00027740,2026-08-30 06:59:00,usr_004153,merch_0069,feed_banner_top
clk_0005468,imp_00051593,2026-08-30 07:00:21,usr_004604,merch_0008,feed_banner_top
clk_0003256,imp_00030993,2026-08-30 07:00:36,usr_001704,merch_0056,post_order_carousel
clk_0003061,imp_00029106,2026-08-30 07:06:44,usr_004361,merch_0071,category_highlight
clk_0001646,imp_00015189,2026-08-30 07:16:36,usr_002559,merch_0045,post_order_carousel
clk_0000754,imp_00007026,2026-08-30 07:22:20,usr_000612,merch_0111,feed_banner_top
clk_0003302,imp_00031349,2026-08-30 07:34:09,usr_002920,merch_0147,feed_banner_top
clk_0004042,imp_00038110,2026-08-30 07:51:31,usr_001045,merch_0085,search_sponsored_item
clk_0003260,imp_00031044,2026-08-30 07:59:59,usr_000930,merch_0174,feed_banner_top
clk_0001456,imp_00013438,2026-08-30 08:03:12,usr_004637,merch_0100,search_sponsored_item
clk_0006247,imp_00059330,2026-08-30 08:07:25,usr_000716,merch_0150,category_highlight
clk_0000130,imp_00001221,2026-08-30 08:23:17,usr_002911,merch_0049,search_sponsored_item
clk_0004088,imp_00038483,2026-08-30 08:25:13,usr_000743,merch_0092,post_order_carousel
clk_0004569,imp_00043173,2026-08-30 08:26:20,usr_002381,merch_0138,search_sponsored_item
clk_0001915,imp_00017666,2026-08-30 09:05:31,usr_004733,merch_0142,feed_banner_top
clk_0001118,imp_00010395,2026-08-30 09:06:50,usr_001525,merch_0144,search_sponsored_item
clk_0006241,imp_00059279,2026-08-30 09:17:55,usr_001107,merch_0001,search_sponsored_item
clk_0003862,imp_00036654,2026-08-30 09:24:37,usr_004958,merch_0141,search_sponsored_item
clk_0005884,imp_00055374,2026-08-30 09:39:40,usr_001815,merch_0128,search_sponsored_item
clk_0000810,imp_00007612,2026-08-30 09:45:10,usr_004405,merch_0119,feed_banner_top
clk_0005858,imp_00055182,2026-08-30 09:55:57,usr_004064,merch_0119,feed_banner_top
clk_0003105,imp_00029506,2026-08-30 10:02:05,usr_000538,merch_0141,feed_banner_top
clk_0002318,imp_00021786,2026-08-30 10:02:21,usr_003749,merch_0128,search_sponsored_item
clk_0002267,imp_00021268,2026-08-30 10:07:24,usr_004255,merch_0103,search_sponsored_item
clk_0005130,imp_00048248,2026-08-30 10:28:12,usr_002560,merch_0045,feed_banner_top
clk_0000098,imp_00000865,2026-08-30 10:42:31,usr_004120,merch_0135,feed_banner_top
clk_0002709,imp_00025626,2026-08-30 11:14:48,usr_004426,merch_0036,search_sponsored_item
clk_0003410,imp_00032425,2026-08-30 11:16:10,usr_003748,merch_0016,post_order_carousel
clk_0002722,imp_00025752,2026-08-30 11:45:05,usr_001110,merch_0103,category_highlight
clk_0003087,imp_00029334,2026-08-30 11:52:06,usr_000233,merch_0104,feed_banner_top
clk_0003068,imp_00029147,2026-08-30 11:53:22,usr_003654,merch_0045,search_sponsored_item
clk_0005823,imp_00054908,2026-08-30 11:53:44,usr_003662,merch_0019,feed_banner_top
clk_0005624,imp_00053040,2026-08-30 12:02:32,usr_000089,merch_0023,feed_banner_top
clk_0005093,imp_00047922,2026-08-30 12:22:03,usr_001843,merch_0092,feed_banner_top
clk_0004073,imp_00038373,2026-08-30 12:22:39,usr_003426,merch_0016,category_highlight
clk_0005619,imp_00053004,2026-08-30 12:40:33,usr_001516,merch_0072,feed_banner_top
clk_0003137,imp_00029833,2026-08-30 13:14:21,usr_004659,merch_0034,post_order_carousel
clk_0001722,imp_00015896,2026-08-30 13:19:03,usr_004892,merch_0119,feed_banner_top
clk_0001178,imp_00011089,2026-08-30 13:19:11,usr_000617,merch_0015,feed_banner_top
clk_0004591,imp_00043424,2026-08-30 13:21:48,usr_002380,merch_0141,search_sponsored_item
clk_0004750,imp_00044764,2026-08-30 13:26:19,usr_004120,merch_0089,search_sponsored_item
clk_0000598,imp_00005489,2026-08-30 13:46:13,usr_004934,merch_0154,search_sponsored_item
clk_0003355,imp_00031822,2026-08-30 13:59:38,usr_004336,merch_0041,category_highlight
clk_0003748,imp_00035627,2026-08-30 14:19:43,usr_001156,merch_0100,search_sponsored_item
clk_0003431,imp_00032650,2026-08-30 14:24:00,usr_000461,merch_0047,post_order_carousel
clk_0001454,imp_00013408,2026-08-30 14:26:54,usr_002789,merch_0144,feed_banner_top
clk_0003220,imp_00030621,2026-08-30 14:40:48,usr_004847,merch_0200,search_sponsored_item
clk_0003170,imp_00030096,2026-08-30 15:21:32,usr_004164,merch_0169,search_sponsored_item
clk_0001238,imp_00011483,2026-08-30 15:23:43,usr_004898,merch_0083,search_sponsored_item
clk_0002676,imp_00025282,2026-08-30 15:53:12,usr_001724,merch_0079,search_sponsored_item
clk_0004883,imp_00045891,2026-08-30 15:54:35,usr_003898,merch_0008,search_sponsored_item
clk_0004195,imp_00039505,2026-08-30 16:21:39,usr_000259,merch_0086,search_sponsored_item
clk_0001754,imp_00016203,2026-08-30 16:30:28,usr_004794,merch_0036,post_order_carousel
clk_0004986,imp_00046816,2026-08-30 17:04:22,usr_003662,merch_0049,search_sponsored_item
clk_0001667,imp_00015410,2026-08-30 17:08:42,usr_001391,merch_0144,feed_banner_top
clk_0005452,imp_00051443,2026-08-30 17:15:07,usr_004872,merch_0148,feed_banner_top
clk_0006075,imp_00057449,2026-08-30 17:17:18,usr_004708,merch_0058,search_sponsored_item
clk_0001826,imp_00016892,2026-08-30 17:27:33,usr_002437,merch_0036,search_sponsored_item
clk_0002375,imp_00022325,2026-08-30 17:31:41,usr_004461,merch_0150,search_sponsored_item
clk_0005907,imp_00055571,2026-08-30 17:43:14,usr_000075,merch_0039,search_sponsored_item
clk_0003125,imp_00029704,2026-08-30 17:59:09,usr_001903,merch_0188,search_sponsored_item
clk_0004262,imp_00040166,2026-08-30 17:59:12,usr_000022,merch_0083,search_sponsored_item
clk_0003335,imp_00031680,2026-08-30 18:02:22,usr_002208,merch_0060,feed_banner_top
clk_0001881,imp_00017347,2026-08-30 18:02:59,usr_004957,merch_0104,category_highlight
clk_0002590,imp_00024302,2026-08-30 18:31:18,usr_003668,merch_0148,feed_banner_top
clk_0002393,imp_00022534,2026-08-30 18:31:41,usr_002524,merch_0078,category_highlight
clk_0001647,imp_00015191,2026-08-30 18:35:50,usr_003471,merch_0181,search_sponsored_item
clk_0000473,imp_00004381,2026-08-30 18:43:01,usr_002017,merch_0148,search_sponsored_item
clk_0003173,imp_00030125,2026-08-30 18:55:17,usr_000154,merch_0183,search_sponsored_item
clk_0004526,imp_00042741,2026-08-30 19:00:58,usr_004947,merch_0030,search_sponsored_item
clk_0002807,imp_00026607,2026-08-30 19:22:08,usr_001174,merch_0169,category_highlight
clk_0000401,imp_00003732,2026-08-30 19:27:48,usr_004364,merch_0062,feed_banner_top
clk_0006162,imp_00058344,2026-08-30 19:34:10,usr_002933,merch_0196,feed_banner_top
clk_0006135,imp_00058148,2026-08-30 19:41:23,usr_002238,merch_0100,post_order_carousel
clk_0002170,imp_00020342,2026-08-30 19:47:56,usr_003264,merch_0125,search_sponsored_item
clk_0001083,imp_00010074,2026-08-30 19:58:25,usr_003318,merch_0162,post_order_carousel
clk_0003384,imp_00032173,2026-08-30 20:04:57,usr_002221,merch_0149,search_sponsored_item
clk_0002901,imp_00027522,2026-08-30 20:16:44,usr_004603,merch_0037,search_sponsored_item
clk_0001215,imp_00011344,2026-08-30 20:24:27,usr_000145,merch_0131,feed_banner_top
clk_0001796,imp_00016615,2026-08-30 20:27:37,usr_003020,merch_0004,post_order_carousel
clk_0001833,imp_00016958,2026-08-30 20:39:14,usr_001410,merch_0047,feed_banner_top
clk_0001908,imp_00017577,2026-08-30 20:45:10,usr_000703,merch_0083,search_sponsored_item
clk_0005414,imp_00051064,2026-08-30 20:48:23,usr_004803,merch_0186,feed_banner_top
clk_0003909,imp_00037019,2026-08-30 21:12:28,usr_000581,merch_0019,search_sponsored_item
clk_0002892,imp_00027472,2026-08-30 21:13:22,usr_000437,merch_0092,search_sponsored_item
clk_0001609,imp_00014919,2026-08-30 21:16:36,usr_000569,merch_0001,post_order_carousel
clk_0003210,imp_00030534,2026-08-30 21:28:38,usr_004036,merch_0174,search_sponsored_item
clk_0005773,imp_00054450,2026-08-30 21:36:38,usr_003857,merch_0147,search_sponsored_item
clk_0000677,imp_00006272,2026-08-30 21:47:44,usr_000427,merch_0078,post_order_carousel
clk_0003721,imp_00035367,2026-08-30 21:51:00,usr_004388,merch_0044,feed_banner_top
clk_0004654,imp_00043881,2026-08-30 21:52:08,usr_003128,merch_0186,search_sponsored_item
clk_0005103,imp_00048007,2026-08-30 22:02:43,usr_004757,merch_0181,search_sponsored_item
clk_0003932,imp_00037201,2026-08-30 22:09:12,usr_002134,merch_0110,feed_banner_top
clk_0005596,imp_00052831,2026-08-30 22:27:50,usr_001203,merch_0131,search_sponsored_item
clk_0006138,imp_00058163,2026-08-30 22:33:34,usr_002082,merch_0163,search_sponsored_item
clk_0003232,imp_00030737,2026-08-30 22:36:06,usr_004527,merch_0023,post_order_carousel
clk_0001413,imp_00013069,2026-08-30 22:36:32,usr_003488,merch_0131,feed_banner_top
clk_0000485,imp_00004443,2026-08-30 22:53:51,usr_003887,merch_0111,feed_banner_top
clk_0002457,imp_00023117,2026-08-30 22:56:48,usr_003721,merch_0174,search_sponsored_item
clk_0001262,imp_00011696,2026-08-30 22:58:52,usr_002013,merch_0069,search_sponsored_item
clk_0004710,imp_00044458,2026-08-30 23:31:35,usr_003299,merch_0071,post_order_carousel
clk_0001434,imp_00013212,2026-08-30 23:36:46,usr_004479,merch_0037,feed_banner_top
clk_0001088,imp_00010110,2026-08-30 23:59:28,usr_003820,merch_0033,search_sponsored_item
clk_0001657,imp_00015291,2026-08-31 00:02:38,usr_003568,merch_0092,feed_banner_top
clk_0001130,imp_00010527,2026-08-31 00:14:26,usr_000722,merch_0058,search_sponsored_item
clk_0004749,imp_00044762,2026-08-31 00:18:28,usr_003095,merch_0044,search_sponsored_item
clk_0000085,imp_00000804,2026-08-31 00:18:46,usr_004253,merch_0154,category_highlight
clk_0000097,imp_00000864,2026-08-31 00:26:24,usr_004382,merch_0154,search_sponsored_item
clk_0001195,imp_00011217,2026-08-31 00:46:42,usr_004026,merch_0004,search_sponsored_item
clk_0004014,imp_00037894,2026-08-31 00:51:42,usr_003373,merch_0047,category_highlight
clk_0003158,imp_00029995,2026-08-31 00:58:54,usr_001447,merch_0131,feed_banner_top
clk_0002282,imp_00021380,2026-08-31 01:04:07,usr_001365,merch_0183,feed_banner_top
clk_0003422,imp_00032604,2026-08-31 01:20:16,usr_004861,merch_0094,feed_banner_top
clk_0001981,imp_00018324,2026-08-31 01:25:31,usr_000088,merch_0032,feed_banner_top
clk_0003200,imp_00030473,2026-08-31 01:28:52,usr_002872,merch_0086,search_sponsored_item
clk_0001903,imp_00017514,2026-08-31 01:38:25,usr_002157,merch_0017,search_sponsored_item
clk_0000388,imp_00003660,2026-08-31 01:41:02,usr_002277,merch_0147,search_sponsored_item
clk_0005413,imp_00051057,2026-08-31 01:44:12,usr_003582,merch_0152,search_sponsored_item
clk_0001273,imp_00011755,2026-08-31 02:00:27,usr_000507,merch_0181,feed_banner_top
clk_0006035,imp_00056969,2026-08-31 02:09:29,usr_004061,merch_0025,category_highlight
clk_0002473,imp_00023186,2026-08-31 02:17:06,usr_001618,merch_0036,post_order_carousel
clk_0004071,imp_00038365,2026-08-31 02:18:29,usr_002231,merch_0052,post_order_carousel
clk_0005981,imp_00056433,2026-08-31 02:31:07,usr_003358,merch_0052,feed_banner_top
clk_0003664,imp_00034981,2026-08-31 02:39:10,usr_002136,merch_0032,search_sponsored_item
clk_0003153,imp_00029952,2026-08-31 02:43:51,usr_004349,merch_0037,post_order_carousel
clk_0000884,imp_00008290,2026-08-31 02:46:03,usr_000368,merch_0130,feed_banner_top
clk_0003705,imp_00035256,2026-08-31 02:50:36,usr_002408,merch_0104,search_sponsored_item
clk_0005538,imp_00052271,2026-08-31 02:53:52,usr_000739,merch_0059,feed_banner_top
clk_0003890,imp_00036876,2026-08-31 03:03:30,usr_003797,merch_0083,feed_banner_top
clk_0006178,imp_00058508,2026-08-31 03:06:03,usr_002876,merch_0049,category_highlight
clk_0006123,imp_00057995,2026-08-31 03:08:55,usr_001425,merch_0125,feed_banner_top
clk_0002599,imp_00024371,2026-08-31 03:17:08,usr_001416,merch_0147,search_sponsored_item
clk_0003821,imp_00036233,2026-08-31 03:18:03,usr_001613,merch_0163,category_highlight
clk_0005066,imp_00047622,2026-08-31 03:50:07,usr_000293,merch_0186,feed_banner_top
clk_0004396,imp_00041577,2026-08-31 03:53:08,usr_000117,merch_0142,category_highlight
clk_0001844,imp_00017033,2026-08-31 04:40:32,usr_001517,merch_0200,search_sponsored_item
clk_0004095,imp_00038526,2026-08-31 05:07:42,usr_001080,merch_0183,category_highlight
clk_0004189,imp_00039449,2026-08-31 05:31:53,usr_000209,merch_0032,search_sponsored_item
clk_0003595,imp_00034280,2026-08-31 05:35:04,usr_004566,merch_0097,post_order_carousel
clk_0001970,imp_00018232,2026-08-31 05:40:10,usr_004680,merch_0033,feed_banner_top
clk_0001134,imp_00010556,2026-08-31 05:54:01,usr_001848,merch_0152,post_order_carousel
clk_0003958,imp_00037420,2026-08-31 06:02:28,usr_003767,merch_0069,feed_banner_top
clk_0002800,imp_00026524,2026-08-31 06:22:10,usr_003495,merch_0025,feed_banner_top
clk_0002290,imp_00021453,2026-08-31 06:23:24,usr_004948,merch_0163,feed_banner_top
clk_0004596,imp_00043468,2026-08-31 06:42:18,usr_003172,merch_0015,category_highlight
clk_0003277,imp_00031197,2026-08-31 06:44:25,usr_002435,merch_0163,feed_banner_top
clk_0001838,imp_00016993,2026-08-31 06:50:12,usr_001121,merch_0092,feed_banner_top
clk_0004771,imp_00044951,2026-08-31 07:04:35,usr_003308,merch_0094,feed_banner_top
clk_0004421,imp_00041811,2026-08-31 07:08:28,usr_001458,merch_0037,search_sponsored_item
clk_0000716,imp_00006620,2026-08-31 07:40:07,usr_002030,merch_0085,search_sponsored_item
clk_0001445,imp_00013343,2026-08-31 07:44:56,usr_002899,merch_0142,feed_banner_top
clk_0005355,imp_00050481,2026-08-31 08:02:46,usr_004489,merch_0100,category_highlight
clk_0003280,imp_00031207,2026-08-31 08:05:43,usr_001273,merch_0017,feed_banner_top
clk_0000979,imp_00009039,2026-08-31 08:08:48,usr_001262,merch_0154,search_sponsored_item
clk_0003047,imp_00028932,2026-08-31 08:33:15,usr_001642,merch_0111,feed_banner_top
clk_0000226,imp_00002151,2026-08-31 08:59:08,usr_000180,merch_0097,search_sponsored_item
clk_0003494,imp_00033246,2026-08-31 09:02:08,usr_002523,merch_0041,search_sponsored_item
clk_0000955,imp_00008842,2026-08-31 09:09:53,usr_003173,merch_0032,search_sponsored_item
clk_0001930,imp_00017786,2026-08-31 09:11:18,usr_001134,merch_0058,search_sponsored_item
clk_0001615,imp_00014977,2026-08-31 09:13:11,usr_004167,merch_0025,search_sponsored_item
clk_0005956,imp_00056185,2026-08-31 09:14:04,usr_002095,merch_0024,feed_banner_top
clk_0003916,imp_00037099,2026-08-31 09:23:51,usr_002812,merch_0186,search_sponsored_item
clk_0001891,imp_00017447,2026-08-31 09:39:28,usr_000647,merch_0135,feed_banner_top
clk_0001457,imp_00013471,2026-08-31 09:49:35,usr_001198,merch_0004,search_sponsored_item
clk_0005020,imp_00047188,2026-08-31 09:51:24,usr_003552,merch_0183,feed_banner_top
clk_0001010,imp_00009333,2026-08-31 09:59:35,usr_003402,merch_0089,feed_banner_top
clk_0002767,imp_00026214,2026-08-31 10:01:45,usr_004207,merch_0047,search_sponsored_item
clk_0002637,imp_00024825,2026-08-31 10:15:23,usr_000648,merch_0030,post_order_carousel
clk_0003966,imp_00037472,2026-08-31 10:20:00,usr_001383,merch_0049,category_highlight
clk_0002802,imp_00026564,2026-08-31 10:31:57,usr_001129,merch_0103,feed_banner_top
clk_0005601,imp_00052878,2026-08-31 10:32:09,usr_000210,merch_0103,search_sponsored_item
clk_0001245,imp_00011544,2026-08-31 10:35:23,usr_004345,merch_0069,feed_banner_top
clk_0002624,imp_00024695,2026-08-31 10:47:07,usr_003949,merch_0169,feed_banner_top
clk_0001201,imp_00011257,2026-08-31 10:59:15,usr_000027,merch_0062,search_sponsored_item
clk_0000224,imp_00002148,2026-08-31 11:01:44,usr_000424,merch_0030,feed_banner_top
clk_0000812,imp_00007627,2026-08-31 11:24:15,usr_004007,merch_0125,search_sponsored_item
clk_0002628,imp_00024747,2026-08-31 11:45:42,usr_001993,merch_0044,post_order_carousel
clk_0006261,imp_00059471,2026-08-31 12:17:35,usr_004467,merch_0037,search_sponsored_item
clk_0000498,imp_00004546,2026-08-31 12:28:36,usr_002693,merch_0004,search_sponsored_item
clk_0002214,imp_00020770,2026-08-31 12:31:32,usr_004758,merch_0041,search_sponsored_item
clk_0006227,imp_00059146,2026-08-31 12:37:21,usr_001084,merch_0094,feed_banner_top
clk_0000265,imp_00002467,2026-08-31 12:38:03,usr_004581,merch_0100,feed_banner_top
clk_0002691,imp_00025463,2026-08-31 12:48:33,usr_002816,merch_0110,search_sponsored_item
clk_0006179,imp_00058511,2026-08-31 12:58:40,usr_002887,merch_0030,search_sponsored_item
clk_0001462,imp_00013492,2026-08-31 13:23:12,usr_002740,merch_0128,feed_banner_top
clk_0004860,imp_00045636,2026-08-31 13:26:41,usr_004651,merch_0124,feed_banner_top
clk_0001229,imp_00011444,2026-08-31 13:33:58,usr_000732,merch_0056,search_sponsored_item
clk_0000536,imp_00004857,2026-08-31 13:52:03,usr_004984,merch_0112,search_sponsored_item
clk_0001985,imp_00018374,2026-08-31 13:52:36,usr_000129,merch_0023,feed_banner_top
clk_0003368,imp_00032027,2026-08-31 14:15:44,usr_003110,merch_0104,search_sponsored_item
clk_0001660,imp_00015367,2026-08-31 14:36:55,usr_003146,merch_0138,search_sponsored_item
clk_0005088,imp_00047886,2026-08-31 14:52:09,usr_001901,merch_0032,feed_banner_top
clk_0004430,imp_00041914,2026-08-31 14:56:58,usr_003500,merch_0128,category_highlight
clk_0002986,imp_00028314,2026-08-31 15:02:57,usr_004800,merch_0169,search_sponsored_item
clk_0004727,imp_00044603,2026-08-31 15:14:50,usr_001984,merch_0004,search_sponsored_item
clk_0000005,imp_00000036,2026-08-31 15:17:23,usr_001805,merch_0124,category_highlight
clk_0006235,imp_00059202,2026-08-31 15:19:30,usr_001975,merch_0041,feed_banner_top
clk_0004899,imp_00046047,2026-08-31 15:25:20,usr_004646,merch_0069,search_sponsored_item
clk_0000331,imp_00003107,2026-08-31 15:36:22,usr_002806,merch_0142,search_sponsored_item
clk_0001774,imp_00016387,2026-08-31 15:47:48,usr_004149,merch_0161,category_highlight
clk_0005167,imp_00048599,2026-08-31 15:50:40,usr_000535,merch_0125,search_sponsored_item
clk_0004037,imp_00038085,2026-08-31 16:04:08,usr_003553,merch_0062,feed_banner_top
clk_0001169,imp_00010986,2026-08-31 16:04:25,usr_000350,merch_0147,category_highlight
clk_0000289,imp_00002727,2026-08-31 16:11:51,usr_000281,merch_0112,search_sponsored_item
clk_0003752,imp_00035646,2026-08-31 16:19:45,usr_000602,merch_0135,search_sponsored_item
clk_0003452,imp_00032886,2026-08-31 16:22:40,usr_003355,merch_0056,post_order_carousel
clk_0003915,imp_00037098,2026-08-31 16:24:36,usr_000292,merch_0071,search_sponsored_item
clk_0000560,imp_00005069,2026-08-31 16:29:09,usr_000821,merch_0150,post_order_carousel
clk_0003224,imp_00030668,2026-08-31 16:38:09,usr_001718,merch_0112,feed_banner_top
clk_0006276,imp_00059588,2026-08-31 16:40:58,usr_002100,merch_0058,post_order_carousel
clk_0003962,imp_00037460,2026-08-31 16:46:22,usr_004113,merch_0083,search_sponsored_item
clk_0003571,imp_00033969,2026-08-31 17:05:07,usr_002194,merch_0183,feed_banner_top
clk_0001798,imp_00016621,2026-08-31 17:18:25,usr_000506,merch_0168,feed_banner_top
clk_0005955,imp_00056181,2026-08-31 17:27:42,usr_003536,merch_0017,feed_banner_top
clk_0002565,imp_00024093,2026-08-31 17:29:08,usr_001232,merch_0140,search_sponsored_item
clk_0006163,imp_00058357,2026-08-31 18:24:00,usr_002927,merch_0036,category_highlight
clk_0003052,imp_00028983,2026-08-31 18:26:49,usr_000584,merch_0008,search_sponsored_item
clk_0000871,imp_00008170,2026-08-31 18:30:00,usr_004710,merch_0047,search_sponsored_item
clk_0001072,imp_00009980,2026-08-31 18:34:36,usr_001843,merch_0092,feed_banner_top
clk_0002298,imp_00021606,2026-08-31 18:43:31,usr_004859,merch_0089,feed_banner_top
clk_0004953,imp_00046524,2026-08-31 18:52:01,usr_003418,merch_0044,feed_banner_top
clk_0005645,imp_00053245,2026-08-31 19:03:23,usr_003544,merch_0015,feed_banner_top
clk_0004162,imp_00039205,2026-08-31 19:07:20,usr_004702,merch_0044,post_order_carousel
clk_0005693,imp_00053725,2026-08-31 19:17:22,usr_000414,merch_0078,search_sponsored_item
clk_0001749,imp_00016150,2026-08-31 19:22:43,usr_004538,merch_0162,feed_banner_top
clk_0003145,imp_00029895,2026-08-31 19:26:02,usr_001572,merch_0052,search_sponsored_item
clk_0001742,imp_00016089,2026-08-31 19:33:43,usr_001482,merch_0138,post_order_carousel
clk_0005684,imp_00053597,2026-08-31 19:42:17,usr_003096,merch_0142,feed_banner_top
clk_0004320,imp_00040765,2026-08-31 19:43:11,usr_001199,merch_0034,search_sponsored_item
clk_0001321,imp_00012256,2026-08-31 19:46:08,usr_003489,merch_0149,post_order_carousel
clk_0002345,imp_00022043,2026-08-31 19:46:13,usr_004645,merch_0004,post_order_carousel
clk_0000941,imp_00008747,2026-08-31 20:21:40,usr_001409,merch_0049,category_highlight
clk_0001329,imp_00012329,2026-08-31 20:37:25,usr_002735,merch_0152,search_sponsored_item
clk_0002228,imp_00020867,2026-08-31 21:05:33,usr_003624,merch_0052,search_sponsored_item
clk_0005699,imp_00053752,2026-08-31 21:06:00,usr_000643,merch_0039,search_sponsored_item
clk_0005990,imp_00056511,2026-08-31 21:09:18,usr_002396,merch_0062,feed_banner_top
clk_0005451,imp_00051442,2026-08-31 21:25:44,usr_001155,merch_0058,feed_banner_top
clk_0001002,imp_00009227,2026-08-31 21:32:47,usr_000961,merch_0097,category_highlight
clk_0005530,imp_00052179,2026-08-31 21:40:30,usr_003430,merch_0077,feed_banner_top
clk_0002081,imp_00019372,2026-08-31 22:06:52,usr_001645,merch_0023,feed_banner_top
clk_0004795,imp_00045169,2026-08-31 22:10:05,usr_003905,merch_0104,post_order_carousel
clk_0003769,imp_00035780,2026-08-31 22:13:37,usr_002077,merch_0142,search_sponsored_item
clk_0004681,imp_00044173,2026-08-31 22:17:57,usr_004502,merch_0104,feed_banner_top
clk_0000896,imp_00008372,2026-08-31 22:20:23,usr_003498,merch_0168,search_sponsored_item
clk_0001924,imp_00017763,2026-08-31 22:20:46,usr_003743,merch_0162,post_order_carousel
clk_0001744,imp_00016105,2026-08-31 22:20:54,usr_002879,merch_0138,post_order_carousel
clk_0006252,imp_00059376,2026-08-31 22:47:59,usr_001683,merch_0138,search_sponsored_item
clk_0002954,imp_00028048,2026-08-31 22:48:19,usr_000033,merch_0060,feed_banner_top
clk_0004301,imp_00040546,2026-08-31 23:51:26,usr_000510,merch_0056,category_highlight
clk_0003798,imp_00036060,2026-08-31 23:54:20,usr_004882,merch_0168,search_sponsored_item
clk_0000374,imp_00003507,2026-09-01 00:34:15,usr_001530,merch_0044,search_sponsored_item
clk_0005187,imp_00048771,2026-09-01 00:38:35,usr_003041,merch_0149,search_sponsored_item
clk_0000588,imp_00005396,2026-09-01 00:41:05,usr_000410,merch_0111,feed_banner_top
clk_0001034,imp_00009556,2026-09-01 00:59:30,usr_000297,merch_0056,search_sponsored_item
clk_0003933,imp_00037213,2026-09-01 01:03:11,usr_002035,merch_0138,search_sponsored_item
clk_0002504,imp_00023467,2026-09-01 01:20:02,usr_004082,merch_0040,feed_banner_top
clk_0002370,imp_00022280,2026-09-01 01:39:28,usr_002728,merch_0183,feed_banner_top
clk_0002704,imp_00025569,2026-09-01 01:55:23,usr_003270,merch_0045,feed_banner_top
clk_0002660,imp_00025108,2026-09-01 01:57:09,usr_001323,merch_0150,search_sponsored_item
clk_0003046,imp_00028925,2026-09-01 02:08:30,usr_001622,merch_0069,search_sponsored_item
clk_0003171,imp_00030106,2026-09-01 02:16:21,usr_003360,merch_0024,search_sponsored_item
clk_0004210,imp_00039683,2026-09-01 02:34:33,usr_000187,merch_0144,feed_banner_top
clk_0005143,imp_00048319,2026-09-01 02:37:47,usr_001049,merch_0071,search_sponsored_item
clk_0002097,imp_00019526,2026-09-01 03:13:01,usr_000488,merch_0041,feed_banner_top
clk_0005381,imp_00050781,2026-09-01 03:24:14,usr_002626,merch_0034,feed_banner_top
clk_0003564,imp_00033941,2026-09-01 03:29:32,usr_003548,merch_0196,search_sponsored_item
clk_0003029,imp_00028708,2026-09-01 03:45:49,usr_004073,merch_0125,feed_banner_top
clk_0000389,imp_00003663,2026-09-01 04:02:15,usr_001300,merch_0186,category_highlight
clk_0002159,imp_00020233,2026-09-01 04:05:59,usr_004728,merch_0039,feed_banner_top
clk_0005231,imp_00049198,2026-09-01 04:12:29,usr_002407,merch_0186,search_sponsored_item
clk_0002622,imp_00024649,2026-09-01 04:19:28,usr_003152,merch_0196,category_highlight
clk_0000290,imp_00002736,2026-09-01 04:20:06,usr_000518,merch_0128,post_order_carousel
clk_0000034,imp_00000365,2026-09-01 04:23:14,usr_000605,merch_0071,feed_banner_top
clk_0005611,imp_00052939,2026-09-01 04:48:42,usr_002139,merch_0092,feed_banner_top
clk_0003850,imp_00036531,2026-09-01 04:49:38,usr_002084,merch_0083,search_sponsored_item
clk_0004166,imp_00039233,2026-09-01 05:37:50,usr_002597,merch_0077,feed_banner_top
clk_0004126,imp_00038831,2026-09-01 05:40:17,usr_004421,merch_0071,feed_banner_top
clk_0004803,imp_00045221,2026-09-01 05:59:00,usr_000308,merch_0019,feed_banner_top
clk_0000208,imp_00001982,2026-09-01 06:10:08,usr_003926,merch_0060,feed_banner_top
clk_0003866,imp_00036679,2026-09-01 06:26:28,usr_004816,merch_0040,search_sponsored_item
clk_0000427,imp_00003929,2026-09-01 06:28:15,usr_003989,merch_0001,post_order_carousel
clk_0002930,imp_00027826,2026-09-01 06:32:10,usr_002792,merch_0125,feed_banner_top
clk_0004119,imp_00038722,2026-09-01 06:52:28,usr_001991,merch_0111,search_sponsored_item
clk_0001543,imp_00014221,2026-09-01 06:56:52,usr_000267,merch_0040,search_sponsored_item
clk_0000068,imp_00000654,2026-09-01 07:07:23,usr_003282,merch_0119,feed_banner_top
clk_0003124,imp_00029646,2026-09-01 08:17:24,usr_004377,merch_0039,feed_banner_top
clk_0003605,imp_00034348,2026-09-01 08:22:35,usr_004988,merch_0059,search_sponsored_item
clk_0005775,imp_00054476,2026-09-01 08:27:05,usr_000638,merch_0150,category_highlight
clk_0001997,imp_00018507,2026-09-01 08:49:01,usr_001853,merch_0044,search_sponsored_item
clk_0000020,imp_00000217,2026-09-01 09:02:59,usr_001121,merch_0186,feed_banner_top
clk_0004165,imp_00039217,2026-09-01 09:03:38,usr_004314,merch_0097,feed_banner_top
clk_0004471,imp_00042243,2026-09-01 09:12:07,usr_004125,merch_0092,category_highlight
clk_0001676,imp_00015486,2026-09-01 09:15:00,usr_001887,merch_0023,search_sponsored_item
clk_0003617,imp_00034451,2026-09-01 09:41:21,usr_004093,merch_0140,category_highlight
clk_0005288,imp_00049769,2026-09-01 09:53:26,usr_004988,merch_0100,post_order_carousel
clk_0000136,imp_00001270,2026-09-01 09:54:22,usr_002481,merch_0188,feed_banner_top
clk_0005046,imp_00047433,2026-09-01 09:56:22,usr_003151,merch_0135,post_order_carousel
clk_0006287,imp_00059652,2026-09-01 10:04:55,usr_000729,merch_0135,feed_banner_top
clk_0004846,imp_00045543,2026-09-01 10:07:03,usr_004637,merch_0032,search_sponsored_item
clk_0003806,imp_00036095,2026-09-01 10:26:12,usr_001974,merch_0161,feed_banner_top
clk_0003839,imp_00036451,2026-09-01 10:48:33,usr_002830,merch_0196,search_sponsored_item
clk_0005923,imp_00055752,2026-09-01 10:51:26,usr_002199,merch_0154,search_sponsored_item
clk_0001697,imp_00015635,2026-09-01 11:06:26,usr_000630,merch_0085,search_sponsored_item
clk_0005491,imp_00051818,2026-09-01 11:08:37,usr_000727,merch_0076,post_order_carousel
clk_0001540,imp_00014212,2026-09-01 11:10:36,usr_001465,merch_0169,search_sponsored_item
clk_0004349,imp_00041070,2026-09-01 11:12:46,usr_002538,merch_0094,feed_banner_top
clk_0003121,imp_00029604,2026-09-01 11:15:35,usr_004541,merch_0125,search_sponsored_item
clk_0000377,imp_00003529,2026-09-01 11:25:03,usr_002055,merch_0034,search_sponsored_item
clk_0004351,imp_00041078,2026-09-01 11:32:49,usr_002467,merch_0147,feed_banner_top
clk_0002605,imp_00024470,2026-09-01 11:40:43,usr_001069,merch_0112,feed_banner_top
clk_0001720,imp_00015863,2026-09-01 11:44:34,usr_003200,merch_0017,feed_banner_top
clk_0003557,imp_00033868,2026-09-01 11:44:45,usr_004747,merch_0149,search_sponsored_item
clk_0001879,imp_00017328,2026-09-01 11:48:58,usr_004518,merch_0069,category_highlight
clk_0005326,imp_00050076,2026-09-01 11:57:49,usr_000708,merch_0147,feed_banner_top
clk_0003515,imp_00033422,2026-09-01 12:17:40,usr_000369,merch_0036,post_order_carousel
clk_0002971,imp_00028167,2026-09-01 12:32:20,usr_001573,merch_0178,feed_banner_top
clk_0002996,imp_00028390,2026-09-01 12:42:56,usr_004031,merch_0097,feed_banner_top
clk_0000944,imp_00008782,2026-09-01 12:43:32,usr_004538,merch_0086,search_sponsored_item
clk_0005730,imp_00054002,2026-09-01 12:46:14,usr_004341,merch_0144,feed_banner_top
clk_0001315,imp_00012213,2026-09-01 12:59:59,usr_004431,merch_0186,search_sponsored_item
clk_0001728,imp_00015946,2026-09-01 13:04:01,usr_000862,merch_0071,feed_banner_top
clk_0006057,imp_00057232,2026-09-01 13:05:05,usr_003405,merch_0135,feed_banner_top
clk_0002963,imp_00028113,2026-09-01 13:10:09,usr_002127,merch_0041,search_sponsored_item
clk_0005280,imp_00049707,2026-09-01 13:26:51,usr_000077,merch_0174,post_order_carousel
clk_0001746,imp_00016144,2026-09-01 13:44:23,usr_001368,merch_0168,feed_banner_top
clk_0002074,imp_00019235,2026-09-01 13:54:18,usr_004484,merch_0079,search_sponsored_item
clk_0002820,imp_00026804,2026-09-01 13:54:46,usr_004412,merch_0045,search_sponsored_item
clk_0005436,imp_00051292,2026-09-01 13:57:04,usr_001031,merch_0169,feed_banner_top
clk_0001629,imp_00015078,2026-09-01 14:09:05,usr_002782,merch_0163,search_sponsored_item
clk_0004704,imp_00044402,2026-09-01 14:29:51,usr_004857,merch_0017,feed_banner_top
clk_0004218,imp_00039734,2026-09-01 15:04:30,usr_001273,merch_0025,feed_banner_top
clk_0000855,imp_00008009,2026-09-01 15:09:43,usr_001997,merch_0117,search_sponsored_item
clk_0005248,imp_00049358,2026-09-01 15:09:48,usr_004561,merch_0178,search_sponsored_item
clk_0005421,imp_00051094,2026-09-01 15:18:02,usr_001043,merch_0049,search_sponsored_item
clk_0003619,imp_00034467,2026-09-01 15:20:57,usr_004356,merch_0008,search_sponsored_item
clk_0005213,imp_00049047,2026-09-01 15:31:27,usr_001845,merch_0186,search_sponsored_item
clk_0001503,imp_00013895,2026-09-01 15:38:29,usr_003586,merch_0056,search_sponsored_item
clk_0000618,imp_00005640,2026-09-01 15:38:53,usr_004780,merch_0119,search_sponsored_item
clk_0002412,imp_00022774,2026-09-01 15:40:31,usr_003103,merch_0162,feed_banner_top
clk_0001962,imp_00018156,2026-09-01 15:47:33,usr_003741,merch_0019,search_sponsored_item
clk_0001014,imp_00009362,2026-09-01 16:02:19,usr_001392,merch_0130,feed_banner_top
clk_0002321,imp_00021795,2026-09-01 16:03:21,usr_001718,merch_0181,feed_banner_top
clk_0003365,imp_00032003,2026-09-01 16:41:43,usr_002774,merch_0186,search_sponsored_item
clk_0001074,imp_00009993,2026-09-01 16:42:09,usr_003952,merch_0147,feed_banner_top
clk_0003955,imp_00037405,2026-09-01 16:44:57,usr_004364,merch_0092,search_sponsored_item
clk_0004864,imp_00045697,2026-09-01 16:48:24,usr_000830,merch_0161,search_sponsored_item
clk_0000246,imp_00002307,2026-09-01 17:04:36,usr_000909,merch_0058,post_order_carousel
clk_0002876,imp_00027347,2026-09-01 17:14:40,usr_000140,merch_0077,feed_banner_top
clk_0001782,imp_00016454,2026-09-01 17:32:04,usr_000696,merch_0008,feed_banner_top
clk_0000138,imp_00001280,2026-09-01 17:46:49,usr_000303,merch_0144,feed_banner_top
clk_0002618,imp_00024593,2026-09-01 17:50:18,usr_002439,merch_0125,post_order_carousel
clk_0005365,imp_00050589,2026-09-01 18:05:40,usr_001704,merch_0079,search_sponsored_item
clk_0003279,imp_00031205,2026-09-01 18:06:42,usr_000433,merch_0060,feed_banner_top
clk_0002058,imp_00019095,2026-09-01 18:06:45,usr_000063,merch_0077,category_highlight
clk_0006056,imp_00057230,2026-09-01 18:11:23,usr_000968,merch_0033,feed_banner_top
clk_0004854,imp_00045610,2026-09-01 18:16:30,usr_004360,merch_0181,feed_banner_top
clk_0000934,imp_00008705,2026-09-01 18:44:02,usr_004892,merch_0056,feed_banner_top
clk_0005817,imp_00054849,2026-09-01 19:01:09,usr_000010,merch_0165,search_sponsored_item
clk_0003945,imp_00037324,2026-09-01 19:04:16,usr_001564,merch_0056,feed_banner_top
clk_0003350,imp_00031803,2026-09-01 19:17:23,usr_001532,merch_0170,search_sponsored_item
clk_0002209,imp_00020744,2026-09-01 19:18:43,usr_000671,merch_0169,feed_banner_top
clk_0000119,imp_00001077,2026-09-01 19:36:49,usr_001561,merch_0111,search_sponsored_item
clk_0000024,imp_00000287,2026-09-01 19:44:06,usr_004935,merch_0165,category_highlight
clk_0005166,imp_00048592,2026-09-01 19:53:49,usr_000164,merch_0069,search_sponsored_item
clk_0001594,imp_00014776,2026-09-01 19:55:43,usr_003352,merch_0144,category_highlight
clk_0003063,imp_00029124,2026-09-01 20:11:02,usr_000052,merch_0138,search_sponsored_item
clk_0000254,imp_00002351,2026-09-01 20:16:20,usr_001430,merch_0142,feed_banner_top
clk_0000885,imp_00008294,2026-09-01 20:16:53,usr_003326,merch_0079,search_sponsored_item
clk_0003795,imp_00036046,2026-09-01 20:17:57,usr_003951,merch_0079,search_sponsored_item
clk_0001933,imp_00017832,2026-09-01 20:30:15,usr_000950,merch_0169,search_sponsored_item
clk_0004518,imp_00042647,2026-09-01 20:34:56,usr_000860,merch_0025,search_sponsored_item
clk_0000668,imp_00006177,2026-09-01 20:49:01,usr_000314,merch_0060,category_highlight
clk_0003143,imp_00029881,2026-09-01 20:54:56,usr_000661,merch_0030,search_sponsored_item
clk_0004982,imp_00046797,2026-09-01 21:08:36,usr_001753,merch_0071,feed_banner_top
clk_0004527,imp_00042744,2026-09-01 21:40:24,usr_000968,merch_0161,search_sponsored_item
clk_0001583,imp_00014638,2026-09-01 21:47:14,usr_000797,merch_0161,search_sponsored_item
clk_0002561,imp_00024039,2026-09-01 21:57:17,usr_002169,merch_0019,search_sponsored_item
clk_0005586,imp_00052732,2026-09-01 22:05:47,usr_004508,merch_0024,search_sponsored_item
clk_0003141,imp_00029872,2026-09-01 22:08:20,usr_004650,merch_0017,post_order_carousel
clk_0003995,imp_00037741,2026-09-01 22:41:50,usr_004341,merch_0144,search_sponsored_item
clk_0003332,imp_00031633,2026-09-01 22:43:44,usr_000991,merch_0104,search_sponsored_item
clk_0005925,imp_00055785,2026-09-01 22:59:04,usr_000555,merch_0033,feed_banner_top
clk_0005576,imp_00052644,2026-09-01 23:05:32,usr_001283,merch_0162,search_sponsored_item
clk_0001439,imp_00013279,2026-09-01 23:37:32,usr_003370,merch_0169,search_sponsored_item
clk_0003428,imp_00032641,2026-09-01 23:39:59,usr_001478,merch_0178,post_order_carousel
clk_0003369,imp_00032029,2026-09-01 23:40:37,usr_000151,merch_0045,feed_banner_top
clk_0003439,imp_00032731,2026-09-01 23:42:39,usr_002482,merch_0186,search_sponsored_item
clk_0002114,imp_00019699,2026-09-01 23:44:48,usr_002914,merch_0008,post_order_carousel
clk_0002580,imp_00024212,2026-09-02 00:19:27,usr_003480,merch_0039,search_sponsored_item
clk_0004276,imp_00040262,2026-09-02 00:23:26,usr_002956,merch_0085,search_sponsored_item
clk_0003318,imp_00031501,2026-09-02 00:31:10,usr_001780,merch_0017,category_highlight
clk_0003499,imp_00033286,2026-09-02 00:35:47,usr_004746,merch_0104,feed_banner_top
clk_0002753,imp_00026046,2026-09-02 00:59:56,usr_000432,merch_0040,category_highlight
clk_0006008,imp_00056689,2026-09-02 01:00:41,usr_001661,merch_0117,feed_banner_top
clk_0004549,imp_00042990,2026-09-02 01:02:02,usr_000496,merch_0117,search_sponsored_item
clk_0002811,imp_00026687,2026-09-02 01:03:38,usr_002355,merch_0188,post_order_carousel
clk_0000127,imp_00001204,2026-09-02 01:09:06,usr_003105,merch_0148,feed_banner_top
clk_0005164,imp_00048540,2026-09-02 01:20:07,usr_003934,merch_0199,search_sponsored_item
clk_0002442,imp_00023018,2026-09-02 01:25:23,usr_001879,merch_0089,feed_banner_top
clk_0002569,imp_00024125,2026-09-02 01:41:29,usr_004747,merch_0200,feed_banner_top
clk_0003285,imp_00031257,2026-09-02 01:43:07,usr_002260,merch_0049,post_order_carousel
clk_0005499,imp_00051898,2026-09-02 01:44:34,usr_003356,merch_0142,search_sponsored_item
clk_0004882,imp_00045842,2026-09-02 01:50:48,usr_003096,merch_0025,feed_banner_top
clk_0002668,imp_00025172,2026-09-02 01:52:27,usr_004333,merch_0024,search_sponsored_item
clk_0005176,imp_00048639,2026-09-02 01:56:30,usr_001467,merch_0140,search_sponsored_item
clk_0005958,imp_00056211,2026-09-02 01:58:47,usr_000610,merch_0024,category_highlight
clk_0001258,imp_00011676,2026-09-02 02:14:40,usr_003677,merch_0112,feed_banner_top
clk_0004072,imp_00038369,2026-09-02 02:18:13,usr_002131,merch_0033,search_sponsored_item
clk_0000360,imp_00003384,2026-09-02 02:30:14,usr_001867,merch_0110,search_sponsored_item
clk_0004376,imp_00041365,2026-09-02 02:30:44,usr_003747,merch_0069,post_order_carousel
clk_0003569,imp_00033959,2026-09-02 02:41:04,usr_000609,merch_0017,search_sponsored_item
clk_0001820,imp_00016862,2026-09-02 02:44:25,usr_002284,merch_0186,feed_banner_top
clk_0002801,imp_00026539,2026-09-02 02:47:41,usr_000896,merch_0174,feed_banner_top
clk_0006200,imp_00058843,2026-09-02 03:06:15,usr_001567,merch_0036,feed_banner_top
clk_0003407,imp_00032391,2026-09-02 03:20:14,usr_001013,merch_0162,search_sponsored_item
clk_0005076,imp_00047747,2026-09-02 03:59:46,usr_001360,merch_0181,feed_banner_top
clk_0002386,imp_00022445,2026-09-02 04:13:56,usr_002575,merch_0071,search_sponsored_item
clk_0000620,imp_00005645,2026-09-02 04:20:46,usr_000778,merch_0140,feed_banner_top
clk_0003534,imp_00033590,2026-09-02 04:25:27,usr_002787,merch_0144,category_highlight
clk_0002183,imp_00020481,2026-09-02 04:26:53,usr_001186,merch_0089,search_sponsored_item
clk_0003393,imp_00032281,2026-09-02 04:31:08,usr_004764,merch_0001,feed_banner_top
clk_0003869,imp_00036700,2026-09-02 04:42:42,usr_003412,merch_0097,post_order_carousel
clk_0004910,imp_00046157,2026-09-02 05:05:57,usr_004074,merch_0083,search_sponsored_item
clk_0003424,imp_00032609,2026-09-02 05:12:16,usr_000355,merch_0183,search_sponsored_item
clk_0005368,imp_00050624,2026-09-02 05:27:09,usr_000002,merch_0178,post_order_carousel
clk_0005901,imp_00055543,2026-09-02 05:28:19,usr_004383,merch_0178,search_sponsored_item
clk_0005424,imp_00051119,2026-09-02 05:35:17,usr_004922,merch_0125,search_sponsored_item
clk_0000595,imp_00005457,2026-09-02 05:42:15,usr_001158,merch_0161,post_order_carousel
clk_0004099,imp_00038554,2026-09-02 05:43:59,usr_002442,merch_0079,feed_banner_top
clk_0005119,imp_00048161,2026-09-02 05:46:10,usr_001583,merch_0015,feed_banner_top
clk_0001368,imp_00012661,2026-09-02 05:48:20,usr_002896,merch_0097,feed_banner_top
clk_0001472,imp_00013548,2026-09-02 05:59:16,usr_002422,merch_0036,feed_banner_top
clk_0002196,imp_00020632,2026-09-02 06:01:46,usr_000412,merch_0140,search_sponsored_item
clk_0001156,imp_00010857,2026-09-02 06:14:54,usr_004955,merch_0041,search_sponsored_item
clk_0003034,imp_00028822,2026-09-02 06:20:28,usr_001276,merch_0032,feed_banner_top
clk_0002272,imp_00021291,2026-09-02 06:23:39,usr_002601,merch_0062,search_sponsored_item
clk_0001741,imp_00016076,2026-09-02 06:25:56,usr_002254,merch_0083,category_highlight
clk_0003069,imp_00029152,2026-09-02 06:39:30,usr_000084,merch_0196,post_order_carousel
clk_0004400,imp_00041617,2026-09-02 06:44:08,usr_000162,merch_0186,category_highlight
clk_0006076,imp_00057451,2026-09-02 06:52:24,usr_003575,merch_0052,post_order_carousel
clk_0005503,imp_00051950,2026-09-02 07:10:10,usr_002896,merch_0142,feed_banner_top
clk_0002815,imp_00026734,2026-09-02 07:12:01,usr_004471,merch_0144,post_order_carousel
clk_0004317,imp_00040690,2026-09-02 07:19:21,usr_000068,merch_0165,search_sponsored_item
clk_0001726,imp_00015927,2026-09-02 08:02:06,usr_002017,merch_0044,search_sponsored_item
clk_0003408,imp_00032392,2026-09-02 08:30:27,usr_000471,merch_0174,feed_banner_top
clk_0005612,imp_00052940,2026-09-02 08:58:33,usr_001343,merch_0056,feed_banner_top
clk_0004451,imp_00042105,2026-09-02 09:43:41,usr_003671,merch_0111,post_order_carousel
clk_0003727,imp_00035395,2026-09-02 09:54:44,usr_004005,merch_0154,search_sponsored_item
clk_0004329,imp_00040870,2026-09-02 10:12:02,usr_001040,merch_0019,category_highlight
clk_0003940,imp_00037281,2026-09-02 10:17:08,usr_003308,merch_0033,search_sponsored_item
clk_0002025,imp_00018781,2026-09-02 10:19:14,usr_001722,merch_0045,search_sponsored_item
clk_0003611,imp_00034401,2026-09-02 10:25:05,usr_001255,merch_0033,feed_banner_top
clk_0002957,imp_00028073,2026-09-02 10:33:18,usr_003960,merch_0040,post_order_carousel
clk_0005273,imp_00049612,2026-09-02 10:34:58,usr_000173,merch_0077,search_sponsored_item
clk_0003936,imp_00037257,2026-09-02 10:52:58,usr_003761,merch_0186,search_sponsored_item
clk_0001376,imp_00012737,2026-09-02 10:55:15,usr_003859,merch_0161,search_sponsored_item
clk_0004447,imp_00042043,2026-09-02 10:59:22,usr_003217,merch_0162,search_sponsored_item
clk_0005877,imp_00055312,2026-09-02 11:08:36,usr_004290,merch_0015,feed_banner_top
clk_0006049,imp_00057086,2026-09-02 11:26:56,usr_000212,merch_0162,search_sponsored_item
clk_0000888,imp_00008315,2026-09-02 11:29:41,usr_002739,merch_0023,feed_banner_top
clk_0005748,imp_00054166,2026-09-02 12:20:37,usr_004761,merch_0112,feed_banner_top
clk_0003248,imp_00030915,2026-09-02 12:20:47,usr_001720,merch_0036,feed_banner_top
clk_0005996,imp_00056580,2026-09-02 12:55:04,usr_004740,merch_0142,search_sponsored_item
clk_0002738,imp_00025911,2026-09-02 13:09:23,usr_003475,merch_0039,search_sponsored_item
clk_0000447,imp_00004079,2026-09-02 13:13:32,usr_003509,merch_0111,post_order_carousel
clk_0001133,imp_00010544,2026-09-02 13:14:30,usr_001308,merch_0178,search_sponsored_item
clk_0004761,imp_00044869,2026-09-02 13:16:18,usr_003466,merch_0019,feed_banner_top
clk_0000911,imp_00008533,2026-09-02 13:18:37,usr_002587,merch_0169,post_order_carousel
clk_0000910,imp_00008530,2026-09-02 13:26:30,usr_000129,merch_0056,post_order_carousel
clk_0002021,imp_00018739,2026-09-02 13:28:11,usr_002913,merch_0138,feed_banner_top
clk_0005597,imp_00052844,2026-09-02 13:32:46,usr_000147,merch_0092,post_order_carousel
clk_0003692,imp_00035188,2026-09-02 13:33:58,usr_000153,merch_0025,search_sponsored_item
clk_0006168,imp_00058428,2026-09-02 14:26:48,usr_004515,merch_0168,search_sponsored_item
clk_0004773,imp_00044969,2026-09-02 14:29:32,usr_004399,merch_0128,search_sponsored_item
clk_0005445,imp_00051377,2026-09-02 14:41:34,usr_001061,merch_0033,feed_banner_top
clk_0004373,imp_00041338,2026-09-02 14:44:24,usr_001886,merch_0144,search_sponsored_item
clk_0004343,imp_00041027,2026-09-02 14:47:05,usr_003326,merch_0034,category_highlight
clk_0003356,imp_00031851,2026-09-02 14:55:39,usr_000488,merch_0104,search_sponsored_item
clk_0003013,imp_00028562,2026-09-02 14:55:44,usr_004238,merch_0125,category_highlight
clk_0001909,imp_00017588,2026-09-02 14:58:31,usr_004781,merch_0047,search_sponsored_item
clk_0006124,imp_00058007,2026-09-02 15:22:18,usr_002477,merch_0083,feed_banner_top
clk_0002079,imp_00019294,2026-09-02 15:27:19,usr_001912,merch_0039,feed_banner_top
clk_0004093,imp_00038509,2026-09-02 15:28:40,usr_003009,merch_0036,post_order_carousel
clk_0001507,imp_00013920,2026-09-02 15:39:36,usr_000665,merch_0124,search_sponsored_item
clk_0002829,imp_00026885,2026-09-02 15:56:06,usr_002467,merch_0119,search_sponsored_item
clk_0004384,imp_00041464,2026-09-02 16:10:42,usr_003640,merch_0152,feed_banner_top
clk_0001003,imp_00009239,2026-09-02 16:13:35,usr_004651,merch_0112,search_sponsored_item
clk_0002116,imp_00019714,2026-09-02 16:14:41,usr_001741,merch_0149,post_order_carousel
clk_0002789,imp_00026435,2026-09-02 16:15:26,usr_001071,merch_0131,search_sponsored_item
clk_0002069,imp_00019200,2026-09-02 16:24:20,usr_003878,merch_0017,search_sponsored_item
clk_0006050,imp_00057117,2026-09-02 16:24:51,usr_002405,merch_0186,search_sponsored_item
clk_0004267,imp_00040213,2026-09-02 16:27:28,usr_000929,merch_0016,feed_banner_top
clk_0004661,imp_00043940,2026-09-02 16:38:33,usr_004721,merch_0150,search_sponsored_item
clk_0002199,imp_00020655,2026-09-02 17:00:45,usr_000925,merch_0030,search_sponsored_item
clk_0003676,imp_00035102,2026-09-02 17:03:18,usr_001641,merch_0089,category_highlight
clk_0006128,imp_00058044,2026-09-02 17:24:52,usr_000331,merch_0030,search_sponsored_item
clk_0001901,imp_00017506,2026-09-02 17:45:09,usr_002314,merch_0045,feed_banner_top
clk_0004676,imp_00044134,2026-09-02 18:00:57,usr_004722,merch_0023,post_order_carousel
clk_0004624,imp_00043698,2026-09-02 18:07:48,usr_003344,merch_0025,search_sponsored_item
clk_0001648,imp_00015194,2026-09-02 18:58:19,usr_000511,merch_0174,feed_banner_top
clk_0005173,imp_00048623,2026-09-02 19:10:29,usr_000563,merch_0058,category_highlight
clk_0004565,imp_00043127,2026-09-02 19:19:37,usr_001499,merch_0117,feed_banner_top
clk_0001790,imp_00016542,2026-09-02 19:40:49,usr_003876,merch_0154,category_highlight
clk_0002797,imp_00026500,2026-09-02 19:54:08,usr_001423,merch_0092,search_sponsored_item
clk_0000700,imp_00006465,2026-09-02 20:13:19,usr_004623,merch_0039,post_order_carousel
clk_0001427,imp_00013168,2026-09-02 20:14:46,usr_002972,merch_0112,feed_banner_top
clk_0001505,imp_00013904,2026-09-02 20:22:32,usr_000492,merch_0094,search_sponsored_item
clk_0001108,imp_00010295,2026-09-02 20:43:34,usr_003917,merch_0174,search_sponsored_item
clk_0000850,imp_00007943,2026-09-02 20:45:14,usr_003522,merch_0030,feed_banner_top
clk_0001496,imp_00013798,2026-09-02 21:00:39,usr_003560,merch_0196,search_sponsored_item
clk_0005033,imp_00047315,2026-09-02 21:10:07,usr_004171,merch_0200,search_sponsored_item
clk_0002242,imp_00021048,2026-09-02 21:10:53,usr_004543,merch_0092,feed_banner_top
clk_0003861,imp_00036653,2026-09-02 21:14:16,usr_003600,merch_0097,feed_banner_top
clk_0001181,imp_00011118,2026-09-02 21:20:36,usr_004540,merch_0142,search_sponsored_item
clk_0004326,imp_00040850,2026-09-02 21:28:51,usr_002199,merch_0083,search_sponsored_item
clk_0005000,imp_00046934,2026-09-02 21:41:46,usr_002218,merch_0183,feed_banner_top
clk_0006110,imp_00057821,2026-09-02 21:44:24,usr_003197,merch_0060,category_highlight
clk_0005037,imp_00047367,2026-09-02 22:09:54,usr_001528,merch_0086,search_sponsored_item
clk_0002588,imp_00024268,2026-09-02 22:15:03,usr_001443,merch_0168,search_sponsored_item
clk_0004525,imp_00042734,2026-09-02 22:16:18,usr_002528,merch_0150,category_highlight
clk_0003432,imp_00032671,2026-09-02 23:04:33,usr_004690,merch_0131,search_sponsored_item
clk_0002284,imp_00021390,2026-09-02 23:04:53,usr_004746,merch_0138,feed_banner_top
clk_0002790,imp_00026440,2026-09-02 23:28:16,usr_001871,merch_0044,category_highlight
clk_0001883,imp_00017355,2026-09-02 23:37:47,usr_001579,merch_0052,search_sponsored_item
clk_0000531,imp_00004806,2026-09-02 23:52:38,usr_003602,merch_0078,feed_banner_top
clk_0003161,imp_00030011,2026-09-03 00:01:01,usr_002149,merch_0169,post_order_carousel
clk_0003008,imp_00028549,2026-09-03 00:12:26,usr_002634,merch_0154,post_order_carousel
clk_0003092,imp_00029415,2026-09-03 00:13:36,usr_002522,merch_0200,feed_banner_top
clk_0000853,imp_00007988,2026-09-03 00:19:45,usr_002773,merch_0103,search_sponsored_item
clk_0005771,imp_00054427,2026-09-03 00:50:08,usr_003775,merch_0044,category_highlight
clk_0000078,imp_00000750,2026-09-03 01:08:19,usr_004916,merch_0056,search_sponsored_item
clk_0003241,imp_00030814,2026-09-03 01:13:26,usr_004340,merch_0047,feed_banner_top
clk_0000542,imp_00004921,2026-09-03 01:18:31,usr_000223,merch_0045,category_highlight
clk_0001317,imp_00012231,2026-09-03 01:22:34,usr_002580,merch_0071,search_sponsored_item
clk_0002168,imp_00020325,2026-09-03 01:23:03,usr_001652,merch_0165,feed_banner_top
clk_0004529,imp_00042773,2026-09-03 01:26:38,usr_000635,merch_0069,category_highlight
clk_0000077,imp_00000734,2026-09-03 01:37:57,usr_004138,merch_0024,search_sponsored_item
clk_0005646,imp_00053248,2026-09-03 01:53:07,usr_003319,merch_0181,search_sponsored_item
clk_0002180,imp_00020460,2026-09-03 02:08:42,usr_002548,merch_0149,feed_banner_top
clk_0003289,imp_00031283,2026-09-03 03:05:02,usr_001232,merch_0069,feed_banner_top
clk_0000092,imp_00000844,2026-09-03 03:21:31,usr_001586,merch_0017,category_highlight
clk_0006117,imp_00057935,2026-09-03 03:52:59,usr_002236,merch_0141,search_sponsored_item
clk_0004635,imp_00043772,2026-09-03 04:30:46,usr_003627,merch_0138,search_sponsored_item
clk_0004013,imp_00037891,2026-09-03 04:44:38,usr_002715,merch_0200,search_sponsored_item
clk_0002512,imp_00023503,2026-09-03 04:50:02,usr_002554,merch_0059,feed_banner_top
clk_0002662,imp_00025132,2026-09-03 04:50:13,usr_003178,merch_0142,feed_banner_top
clk_0002432,imp_00022946,2026-09-03 04:53:04,usr_003524,merch_0186,search_sponsored_item
clk_0005837,imp_00055056,2026-09-03 05:00:01,usr_000061,merch_0144,search_sponsored_item
clk_0001172,imp_00010992,2026-09-03 05:07:58,usr_004188,merch_0124,search_sponsored_item
clk_0002143,imp_00019986,2026-09-03 05:14:48,usr_003454,merch_0058,post_order_carousel
clk_0003148,imp_00029928,2026-09-03 05:20:06,usr_003732,merch_0056,search_sponsored_item
clk_0005383,imp_00050801,2026-09-03 05:20:17,usr_003349,merch_0079,search_sponsored_item
clk_0003415,imp_00032533,2026-09-03 05:20:24,usr_002425,merch_0178,search_sponsored_item
clk_0004436,imp_00041949,2026-09-03 05:26:58,usr_003085,merch_0024,post_order_carousel
clk_0003336,imp_00031682,2026-09-03 05:28:29,usr_004190,merch_0170,post_order_carousel
clk_0002064,imp_00019134,2026-09-03 05:30:24,usr_000096,merch_0015,feed_banner_top
clk_0001402,imp_00012982,2026-09-03 05:55:07,usr_004450,merch_0041,search_sponsored_item
clk_0000946,imp_00008805,2026-09-03 06:18:01,usr_000935,merch_0072,search_sponsored_item
clk_0001520,imp_00014038,2026-09-03 06:34:00,usr_000761,merch_0117,category_highlight
clk_0001250,imp_00011590,2026-09-03 06:35:28,usr_000363,merch_0037,search_sponsored_item
clk_0003214,imp_00030571,2026-09-03 07:02:53,usr_004403,merch_0001,feed_banner_top
clk_0001429,imp_00013179,2026-09-03 07:22:08,usr_001734,merch_0017,post_order_carousel
clk_0000859,imp_00008079,2026-09-03 07:44:39,usr_004058,merch_0019,feed_banner_top
clk_0001579,imp_00014615,2026-09-03 07:57:37,usr_004864,merch_0104,search_sponsored_item
clk_0006141,imp_00058195,2026-09-03 07:57:41,usr_003205,merch_0024,search_sponsored_item
clk_0004563,imp_00043114,2026-09-03 08:19:47,usr_002731,merch_0092,feed_banner_top
clk_0005886,imp_00055398,2026-09-03 08:39:25,usr_001101,merch_0170,category_highlight
clk_0003765,imp_00035738,2026-09-03 08:49:29,usr_000644,merch_0049,search_sponsored_item
clk_0002075,imp_00019236,2026-09-03 09:26:30,usr_003528,merch_0036,feed_banner_top
clk_0005577,imp_00052657,2026-09-03 09:36:52,usr_003059,merch_0034,feed_banner_top
clk_0003471,imp_00033039,2026-09-03 09:50:16,usr_001065,merch_0162,search_sponsored_item
clk_0002483,imp_00023295,2026-09-03 09:56:25,usr_004834,merch_0148,search_sponsored_item
clk_0004903,imp_00046089,2026-09-03 10:01:43,usr_002354,merch_0170,post_order_carousel
clk_0001356,imp_00012543,2026-09-03 10:04:32,usr_004584,merch_0200,feed_banner_top
clk_0000035,imp_00000378,2026-09-03 10:18:04,usr_003327,merch_0015,feed_banner_top
clk_0002995,imp_00028376,2026-09-03 10:18:41,usr_002806,merch_0069,search_sponsored_item
clk_0005697,imp_00053734,2026-09-03 10:21:49,usr_002382,merch_0104,feed_banner_top
clk_0005142,imp_00048317,2026-09-03 10:25:14,usr_003905,merch_0041,feed_banner_top
clk_0005129,imp_00048242,2026-09-03 10:35:20,usr_001601,merch_0045,feed_banner_top
clk_0001668,imp_00015419,2026-09-03 10:46:53,usr_002016,merch_0199,feed_banner_top
clk_0000414,imp_00003842,2026-09-03 10:47:17,usr_000611,merch_0199,feed_banner_top
clk_0000469,imp_00004339,2026-09-03 11:19:11,usr_004712,merch_0004,search_sponsored_item
clk_0000284,imp_00002671,2026-09-03 11:24:32,usr_002136,merch_0138,feed_banner_top
clk_0000354,imp_00003333,2026-09-03 11:36:12,usr_001865,merch_0032,post_order_carousel
clk_0001180,imp_00011105,2026-09-03 12:00:53,usr_002194,merch_0089,feed_banner_top
clk_0000503,imp_00004562,2026-09-03 12:01:40,usr_002921,merch_0142,search_sponsored_item
clk_0002276,imp_00021353,2026-09-03 12:12:16,usr_000937,merch_0083,feed_banner_top
clk_0002373,imp_00022309,2026-09-03 12:24:14,usr_002033,merch_0112,search_sponsored_item
clk_0002264,imp_00021249,2026-09-03 12:25:54,usr_003116,merch_0037,feed_banner_top
clk_0000131,imp_00001224,2026-09-03 12:29:50,usr_003020,merch_0097,feed_banner_top
clk_0003434,imp_00032675,2026-09-03 12:48:23,usr_000518,merch_0111,feed_banner_top
clk_0001564,imp_00014435,2026-09-03 12:58:32,usr_003596,merch_0181,search_sponsored_item
clk_0001857,imp_00017113,2026-09-03 13:01:16,usr_004515,merch_0149,search_sponsored_item
clk_0004330,imp_00040890,2026-09-03 13:20:59,usr_002454,merch_0079,search_sponsored_item
clk_0002993,imp_00028370,2026-09-03 13:28:31,usr_003870,merch_0163,search_sponsored_item
clk_0003184,imp_00030268,2026-09-03 13:56:10,usr_001642,merch_0103,search_sponsored_item
clk_0001395,imp_00012874,2026-09-03 14:01:34,usr_003955,merch_0131,search_sponsored_item
clk_0006024,imp_00056871,2026-09-03 14:27:27,usr_002546,merch_0162,feed_banner_top
clk_0004660,imp_00043936,2026-09-03 14:27:47,usr_003719,merch_0150,feed_banner_top
clk_0004947,imp_00046480,2026-09-03 14:32:36,usr_002493,merch_0169,feed_banner_top
clk_0005819,imp_00054864,2026-09-03 14:40:05,usr_000897,merch_0148,feed_banner_top
clk_0001412,imp_00013064,2026-09-03 14:43:46,usr_001651,merch_0144,feed_banner_top
clk_0002942,imp_00027980,2026-09-03 14:45:37,usr_002043,merch_0079,feed_banner_top
clk_0001335,imp_00012400,2026-09-03 14:48:34,usr_000176,merch_0078,post_order_carousel
clk_0002989,imp_00028337,2026-09-03 14:54:20,usr_001323,merch_0183,search_sponsored_item
clk_0005695,imp_00053729,2026-09-03 15:00:10,usr_002828,merch_0008,search_sponsored_item
clk_0003868,imp_00036694,2026-09-03 15:12:07,usr_003886,merch_0023,search_sponsored_item
clk_0001999,imp_00018534,2026-09-03 15:21:25,usr_002405,merch_0150,search_sponsored_item
clk_0004150,imp_00039097,2026-09-03 15:21:32,usr_003312,merch_0147,search_sponsored_item
clk_0004891,imp_00045944,2026-09-03 15:39:54,usr_003434,merch_0044,feed_banner_top
clk_0006245,imp_00059303,2026-09-03 15:55:01,usr_000430,merch_0117,feed_banner_top
clk_0003390,imp_00032247,2026-09-03 16:03:49,usr_003345,merch_0089,search_sponsored_item
clk_0002445,imp_00023039,2026-09-03 16:32:02,usr_001911,merch_0169,feed_banner_top
clk_0003117,imp_00029570,2026-09-03 16:46:55,usr_000214,merch_0181,category_highlight
clk_0001682,imp_00015516,2026-09-03 16:48:53,usr_000567,merch_0079,category_highlight
clk_0005903,imp_00055547,2026-09-03 17:09:53,usr_002489,merch_0030,category_highlight
clk_0002694,imp_00025477,2026-09-03 17:17:37,usr_003932,merch_0124,feed_banner_top
clk_0002217,imp_00020801,2026-09-03 17:19:34,usr_000149,merch_0097,search_sponsored_item
clk_0002156,imp_00020164,2026-09-03 17:19:42,usr_004216,merch_0131,search_sponsored_item
clk_0000462,imp_00004255,2026-09-03 17:30:14,usr_003357,merch_0200,search_sponsored_item
clk_0004659,imp_00043924,2026-09-03 17:34:23,usr_002930,merch_0001,search_sponsored_item
clk_0002998,imp_00028431,2026-09-03 17:45:12,usr_004291,merch_0016,feed_banner_top
clk_0004388,imp_00041510,2026-09-03 17:45:34,usr_000685,merch_0060,feed_banner_top
clk_0000157,imp_00001493,2026-09-03 17:58:47,usr_004487,merch_0138,search_sponsored_item
clk_0005709,imp_00053840,2026-09-03 18:00:30,usr_001180,merch_0181,search_sponsored_item
clk_0005025,imp_00047214,2026-09-03 18:03:51,usr_003589,merch_0069,search_sponsored_item
clk_0004582,imp_00043309,2026-09-03 18:04:45,usr_004277,merch_0058,search_sponsored_item
clk_0002708,imp_00025617,2026-09-03 18:24:51,usr_001692,merch_0111,search_sponsored_item
clk_0006003,imp_00056656,2026-09-03 18:38:42,usr_000731,merch_0025,post_order_carousel
clk_0004851,imp_00045591,2026-09-03 18:41:18,usr_000175,merch_0032,search_sponsored_item
clk_0004950,imp_00046492,2026-09-03 18:45:45,usr_003611,merch_0016,category_highlight
clk_0004818,imp_00045333,2026-09-03 18:49:02,usr_003099,merch_0017,feed_banner_top
clk_0001608,imp_00014918,2026-09-03 18:57:58,usr_003842,merch_0077,post_order_carousel
clk_0002623,imp_00024651,2026-09-03 18:58:50,usr_003008,merch_0015,feed_banner_top
clk_0003925,imp_00037147,2026-09-03 19:10:40,usr_001491,merch_0181,category_highlight
clk_0001852,imp_00017074,2026-09-03 19:12:24,usr_000953,merch_0040,search_sponsored_item
clk_0000925,imp_00008643,2026-09-03 19:16:07,usr_002760,merch_0130,search_sponsored_item
clk_0002037,imp_00018883,2026-09-03 19:18:44,usr_004823,merch_0183,feed_banner_top
clk_0002245,imp_00021083,2026-09-03 19:33:22,usr_000617,merch_0097,post_order_carousel
clk_0003098,imp_00029466,2026-09-03 19:33:27,usr_000065,merch_0168,feed_banner_top
clk_0001876,imp_00017298,2026-09-03 20:07:38,usr_000651,merch_0103,feed_banner_top
clk_0002371,imp_00022297,2026-09-03 20:11:55,usr_001587,merch_0169,post_order_carousel
clk_0005874,imp_00055307,2026-09-03 20:15:28,usr_002822,merch_0015,search_sponsored_item
clk_0000867,imp_00008144,2026-09-03 20:18:43,usr_001827,merch_0170,search_sponsored_item
clk_0006269,imp_00059534,2026-09-03 20:33:04,usr_000602,merch_0135,search_sponsored_item
clk_0005639,imp_00053178,2026-09-03 20:35:22,usr_002473,merch_0150,feed_banner_top
clk_0003825,imp_00036274,2026-09-03 21:42:35,usr_000737,merch_0144,search_sponsored_item
clk_0006026,imp_00056881,2026-09-03 22:02:31,usr_005000,merch_0049,search_sponsored_item
clk_0005356,imp_00050483,2026-09-03 22:26:24,usr_000807,merch_0045,feed_banner_top
clk_0003565,imp_00033943,2026-09-03 22:43:25,usr_003978,merch_0130,search_sponsored_item
clk_0000547,imp_00004979,2026-09-03 23:20:32,usr_001868,merch_0019,post_order_carousel
clk_0000308,imp_00002942,2026-09-03 23:31:20,usr_004441,merch_0045,search_sponsored_item
clk_0004991,imp_00046838,2026-09-03 23:49:10,usr_004586,merch_0085,feed_banner_top
clk_0005937,imp_00055923,2026-09-03 23:53:24,usr_003811,merch_0071,search_sponsored_item
clk_0000403,imp_00003740,2026-09-03 23:56:56,usr_003282,merch_0131,search_sponsored_item
clk_0000202,imp_00001910,2026-09-04 00:26:01,usr_004404,merch_0174,search_sponsored_item
clk_0001059,imp_00009891,2026-09-04 00:32:06,usr_003373,merch_0196,search_sponsored_item
clk_0005563,imp_00052469,2026-09-04 00:50:15,usr_002990,merch_0199,feed_banner_top
clk_0000009,imp_00000076,2026-09-04 01:02:57,usr_002033,merch_0186,search_sponsored_item
clk_0006297,imp_00059800,2026-09-04 01:25:06,usr_003908,merch_0086,feed_banner_top
clk_0002752,imp_00026042,2026-09-04 01:42:23,usr_001036,merch_0060,search_sponsored_item
clk_0004892,imp_00045950,2026-09-04 01:47:53,usr_001705,merch_0148,search_sponsored_item
clk_0000088,imp_00000819,2026-09-04 02:00:16,usr_002392,merch_0152,search_sponsored_item
clk_0003132,imp_00029804,2026-09-04 02:05:22,usr_000420,merch_0036,feed_banner_top
clk_0005950,imp_00056134,2026-09-04 02:07:04,usr_001710,merch_0148,search_sponsored_item
clk_0000865,imp_00008128,2026-09-04 02:32:11,usr_001830,merch_0083,search_sponsored_item
clk_0002667,imp_00025157,2026-09-04 02:37:50,usr_003879,merch_0149,feed_banner_top
clk_0001842,imp_00017026,2026-09-04 02:42:59,usr_004186,merch_0094,feed_banner_top
clk_0003828,imp_00036325,2026-09-04 02:43:41,usr_001983,merch_0186,post_order_carousel
clk_0004020,imp_00037911,2026-09-04 03:16:15,usr_001930,merch_0034,search_sponsored_item
clk_0000060,imp_00000592,2026-09-04 03:52:18,usr_001919,merch_0040,post_order_carousel
clk_0004309,imp_00040615,2026-09-04 03:54:27,usr_003145,merch_0186,search_sponsored_item
clk_0005391,imp_00050863,2026-09-04 04:20:58,usr_001104,merch_0124,search_sponsored_item
clk_0003378,imp_00032116,2026-09-04 04:23:51,usr_000349,merch_0044,post_order_carousel
clk_0004914,imp_00046214,2026-09-04 04:27:43,usr_004504,merch_0023,search_sponsored_item
clk_0003948,imp_00037342,2026-09-04 04:28:47,usr_003269,merch_0174,feed_banner_top
clk_0003251,imp_00030936,2026-09-04 04:37:55,usr_000476,merch_0124,feed_banner_top
clk_0000578,imp_00005262,2026-09-04 04:50:34,usr_001870,merch_0041,search_sponsored_item
clk_0004620,imp_00043639,2026-09-04 05:09:47,usr_004942,merch_0162,search_sponsored_item
clk_0002031,imp_00018819,2026-09-04 05:14:40,usr_001715,merch_0162,category_highlight
clk_0003622,imp_00034523,2026-09-04 05:27:54,usr_004167,merch_0019,feed_banner_top
clk_0002498,imp_00023440,2026-09-04 05:36:01,usr_003803,merch_0150,category_highlight
clk_0003816,imp_00036203,2026-09-04 05:41:50,usr_003346,merch_0016,feed_banner_top
clk_0003549,imp_00033804,2026-09-04 06:03:17,usr_002027,merch_0181,search_sponsored_item
clk_0004439,imp_00041983,2026-09-04 06:14:39,usr_004374,merch_0152,category_highlight
clk_0003239,imp_00030808,2026-09-04 06:35:40,usr_004553,merch_0124,post_order_carousel
clk_0000443,imp_00004060,2026-09-04 06:39:36,usr_004536,merch_0089,feed_banner_top
clk_0001260,imp_00011684,2026-09-04 06:43:33,usr_004511,merch_0040,feed_banner_top
clk_0006070,imp_00057421,2026-09-04 06:46:27,usr_001692,merch_0030,category_highlight
clk_0001374,imp_00012718,2026-09-04 06:48:24,usr_004232,merch_0092,category_highlight
clk_0006032,imp_00056940,2026-09-04 06:57:04,usr_000302,merch_0142,search_sponsored_item
clk_0003673,imp_00035067,2026-09-04 07:10:46,usr_003461,merch_0049,search_sponsored_item
clk_0003647,imp_00034738,2026-09-04 07:22:13,usr_000878,merch_0033,search_sponsored_item
clk_0005472,imp_00051616,2026-09-04 07:30:45,usr_001147,merch_0034,feed_banner_top
clk_0005223,imp_00049157,2026-09-04 07:55:45,usr_000222,merch_0078,category_highlight
clk_0000864,imp_00008121,2026-09-04 07:57:10,usr_004945,merch_0004,search_sponsored_item
clk_0005034,imp_00047316,2026-09-04 07:58:28,usr_003418,merch_0144,post_order_carousel
clk_0006238,imp_00059228,2026-09-04 08:03:22,usr_001983,merch_0154,search_sponsored_item
clk_0001381,imp_00012779,2026-09-04 08:37:49,usr_000398,merch_0094,feed_banner_top
clk_0000789,imp_00007410,2026-09-04 08:51:53,usr_001607,merch_0052,search_sponsored_item
clk_0004426,imp_00041860,2026-09-04 09:14:42,usr_000236,merch_0039,post_order_carousel
clk_0004408,imp_00041701,2026-09-04 09:16:05,usr_001244,merch_0200,post_order_carousel
clk_0003771,imp_00035804,2026-09-04 09:16:37,usr_003512,merch_0047,search_sponsored_item
clk_0000747,imp_00006966,2026-09-04 09:34:17,usr_003874,merch_0161,feed_banner_top
clk_0001868,imp_00017215,2026-09-04 09:34:55,usr_000208,merch_0163,post_order_carousel
clk_0006001,imp_00056621,2026-09-04 09:37:16,usr_003190,merch_0103,search_sponsored_item
clk_0000429,imp_00003963,2026-09-04 09:51:10,usr_000772,merch_0032,search_sponsored_item
clk_0004874,imp_00045761,2026-09-04 09:54:05,usr_000459,merch_0052,feed_banner_top
clk_0000416,imp_00003844,2026-09-04 10:00:04,usr_003039,merch_0040,feed_banner_top
clk_0001680,imp_00015510,2026-09-04 10:10:12,usr_003311,merch_0152,search_sponsored_item
clk_0002831,imp_00026908,2026-09-04 10:12:01,usr_003253,merch_0142,feed_banner_top
clk_0004642,imp_00043810,2026-09-04 10:28:20,usr_004905,merch_0044,search_sponsored_item
clk_0000933,imp_00008684,2026-09-04 10:55:36,usr_004540,merch_0199,search_sponsored_item
clk_0000124,imp_00001169,2026-09-04 11:01:52,usr_002526,merch_0089,search_sponsored_item
clk_0001382,imp_00012783,2026-09-04 11:06:22,usr_001492,merch_0154,search_sponsored_item
clk_0002510,imp_00023499,2026-09-04 11:21:39,usr_003521,merch_0148,feed_banner_top
clk_0000563,imp_00005087,2026-09-04 12:00:05,usr_004584,merch_0058,post_order_carousel
clk_0003447,imp_00032836,2026-09-04 12:07:05,usr_000027,merch_0135,feed_banner_top
clk_0005474,imp_00051646,2026-09-04 12:07:09,usr_002082,merch_0140,search_sponsored_item
clk_0003352,imp_00031807,2026-09-04 12:33:53,usr_002668,merch_0031,search_sponsored_item
clk_0001976,imp_00018269,2026-09-04 12:48:13,usr_003386,merch_0186,search_sponsored_item
clk_0003734,imp_00035445,2026-09-04 12:57:19,usr_000801,merch_0024,search_sponsored_item
clk_0002977,imp_00028233,2026-09-04 13:09:54,usr_003355,merch_0119,search_sponsored_item
clk_0003403,imp_00032350,2026-09-04 13:30:13,usr_004337,merch_0188,search_sponsored_item
clk_0001144,imp_00010716,2026-09-04 13:53:08,usr_002325,merch_0196,post_order_carousel
clk_0001687,imp_00015554,2026-09-04 14:31:00,usr_004413,merch_0181,search_sponsored_item
clk_0001089,imp_00010122,2026-09-04 14:41:09,usr_002611,merch_0161,feed_banner_top
clk_0004562,imp_00043110,2026-09-04 14:42:16,usr_002460,merch_0174,search_sponsored_item
clk_0004332,imp_00040900,2026-09-04 14:44:41,usr_001335,merch_0069,search_sponsored_item
clk_0003454,imp_00032894,2026-09-04 14:46:19,usr_004418,merch_0161,search_sponsored_item
clk_0005688,imp_00053645,2026-09-04 14:47:04,usr_000828,merch_0052,feed_banner_top
clk_0005712,imp_00053853,2026-09-04 15:10:53,usr_000320,merch_0039,feed_banner_top
clk_0002803,imp_00026569,2026-09-04 15:41:36,usr_003103,merch_0163,search_sponsored_item
clk_0004530,imp_00042774,2026-09-04 15:52:56,usr_000945,merch_0174,post_order_carousel
clk_0005635,imp_00053144,2026-09-04 15:53:36,usr_003961,merch_0015,search_sponsored_item
clk_0004493,imp_00042449,2026-09-04 15:55:19,usr_002341,merch_0169,search_sponsored_item
clk_0004573,imp_00043214,2026-09-04 15:59:48,usr_003305,merch_0119,feed_banner_top
clk_0005203,imp_00048896,2026-09-04 16:03:23,usr_000986,merch_0149,search_sponsored_item
clk_0005141,imp_00048306,2026-09-04 16:04:01,usr_000220,merch_0148,search_sponsored_item
clk_0006226,imp_00059132,2026-09-04 16:06:07,usr_004700,merch_0131,search_sponsored_item
clk_0000026,imp_00000296,2026-09-04 16:14:59,usr_003691,merch_0149,feed_banner_top
clk_0003349,imp_00031801,2026-09-04 16:15:52,usr_003949,merch_0079,category_highlight
clk_0004833,imp_00045435,2026-09-04 16:27:42,usr_002725,merch_0023,search_sponsored_item
clk_0004916,imp_00046230,2026-09-04 16:31:00,usr_002657,merch_0141,post_order_carousel
clk_0000278,imp_00002607,2026-09-04 16:46:10,usr_004973,merch_0154,category_highlight
clk_0004934,imp_00046391,2026-09-04 17:15:07,usr_001337,merch_0142,feed_banner_top
clk_0004819,imp_00045351,2026-09-04 17:22:37,usr_001799,merch_0033,search_sponsored_item
clk_0003516,imp_00033436,2026-09-04 17:26:07,usr_002455,merch_0163,feed_banner_top
clk_0004951,imp_00046494,2026-09-04 17:42:03,usr_000902,merch_0059,feed_banner_top
clk_0001204,imp_00011272,2026-09-04 17:54:35,usr_001330,merch_0031,search_sponsored_item
clk_0002719,imp_00025727,2026-09-04 18:03:34,usr_001265,merch_0085,search_sponsored_item
clk_0005600,imp_00052865,2026-09-04 18:09:47,usr_003265,merch_0083,post_order_carousel
clk_0004242,imp_00039949,2026-09-04 18:24:40,usr_000589,merch_0052,search_sponsored_item
clk_0002735,imp_00025882,2026-09-04 18:46:10,usr_003745,merch_0152,search_sponsored_item
clk_0006009,imp_00056701,2026-09-04 18:58:32,usr_004669,merch_0037,search_sponsored_item
clk_0002300,imp_00021634,2026-09-04 19:08:39,usr_004210,merch_0138,search_sponsored_item
clk_0005632,imp_00053102,2026-09-04 19:19:41,usr_001164,merch_0040,search_sponsored_item
clk_0005032,imp_00047313,2026-09-04 19:26:39,usr_000966,merch_0147,search_sponsored_item
clk_0006017,imp_00056780,2026-09-04 19:27:34,usr_000919,merch_0147,search_sponsored_item
clk_0000351,imp_00003308,2026-09-04 19:38:29,usr_004707,merch_0045,category_highlight
clk_0005673,imp_00053515,2026-09-04 19:52:01,usr_001805,merch_0085,search_sponsored_item
clk_0006156,imp_00058276,2026-09-04 19:57:33,usr_002872,merch_0017,search_sponsored_item
clk_0000629,imp_00005771,2026-09-04 20:06:05,usr_000477,merch_0196,search_sponsored_item
clk_0000678,imp_00006280,2026-09-04 20:06:52,usr_002851,merch_0092,search_sponsored_item
clk_0004378,imp_00041410,2026-09-04 20:11:04,usr_001597,merch_0168,search_sponsored_item
clk_0004966,imp_00046676,2026-09-04 20:33:27,usr_001897,merch_0178,feed_banner_top
clk_0003631,imp_00034567,2026-09-04 20:40:52,usr_000713,merch_0017,post_order_carousel
clk_0000715,imp_00006617,2026-09-04 21:00:50,usr_001691,merch_0030,search_sponsored_item
clk_0005598,imp_00052855,2026-09-04 21:11:49,usr_001362,merch_0060,search_sponsored_item
clk_0003345,imp_00031767,2026-09-04 21:19:13,usr_002646,merch_0069,feed_banner_top
clk_0005868,imp_00055256,2026-09-04 21:45:24,usr_000288,merch_0163,search_sponsored_item
clk_0003284,imp_00031255,2026-09-04 22:08:08,usr_003348,merch_0036,search_sponsored_item
clk_0004610,imp_00043563,2026-09-04 22:46:25,usr_004868,merch_0078,search_sponsored_item
clk_0000670,imp_00006206,2026-09-04 22:46:46,usr_000257,merch_0163,search_sponsored_item
clk_0004272,imp_00040239,2026-09-04 22:58:52,usr_002388,merch_0059,category_highlight
clk_0003136,imp_00029819,2026-09-04 23:06:30,usr_000617,merch_0015,search_sponsored_item
clk_0002042,imp_00018984,2026-09-04 23:20:09,usr_002848,merch_0092,post_order_carousel
clk_0000073,imp_00000688,2026-09-04 23:20:59,usr_002872,merch_0015,search_sponsored_item
clk_0003506,imp_00033357,2026-09-04 23:29:16,usr_000847,merch_0144,post_order_carousel
clk_0003824,imp_00036267,2026-09-04 23:52:16,usr_001774,merch_0062,search_sponsored_item
clk_0004304,imp_00040562,2026-09-04 23:55:30,usr_001984,merch_0170,feed_banner_top
clk_0003339,imp_00031706,2026-09-05 00:50:53,usr_002179,merch_0162,feed_banner_top
clk_0002120,imp_00019762,2026-09-05 01:01:11,usr_000222,merch_0100,post_order_carousel
clk_0006248,imp_00059332,2026-09-05 01:19:44,usr_004767,merch_0045,feed_banner_top
clk_0000149,imp_00001414,2026-09-05 01:21:22,usr_002960,merch_0163,feed_banner_top
clk_0004115,imp_00038691,2026-09-05 01:22:26,usr_001595,merch_0069,post_order_carousel
clk_0002915,imp_00027651,2026-09-05 01:24:22,usr_000433,merch_0119,feed_banner_top
clk_0001470,imp_00013542,2026-09-05 01:28:19,usr_002354,merch_0015,feed_banner_top
clk_0001471,imp_00013543,2026-09-05 01:30:09,usr_000591,merch_0111,feed_banner_top
clk_0003593,imp_00034258,2026-09-05 01:31:40,usr_002134,merch_0141,feed_banner_top
clk_0001598,imp_00014804,2026-09-05 01:37:11,usr_001864,merch_0186,category_highlight
clk_0000656,imp_00006098,2026-09-05 01:37:35,usr_000058,merch_0004,search_sponsored_item
clk_0003225,imp_00030673,2026-09-05 01:56:28,usr_002631,merch_0085,category_highlight
clk_0004788,imp_00045096,2026-09-05 01:56:43,usr_004891,merch_0023,search_sponsored_item
clk_0005347,imp_00050344,2026-09-05 02:02:04,usr_003662,merch_0034,search_sponsored_item
clk_0005921,imp_00055698,2026-09-05 02:05:45,usr_001653,merch_0083,search_sponsored_item
clk_0000510,imp_00004640,2026-09-05 02:07:00,usr_004804,merch_0112,search_sponsored_item
clk_0004460,imp_00042178,2026-09-05 02:13:41,usr_002280,merch_0117,search_sponsored_item
clk_0005101,imp_00047987,2026-09-05 02:21:52,usr_004457,merch_0125,search_sponsored_item
clk_0000306,imp_00002932,2026-09-05 02:29:14,usr_000716,merch_0004,feed_banner_top
clk_0001029,imp_00009529,2026-09-05 02:41:30,usr_000587,merch_0033,feed_banner_top
clk_0001396,imp_00012881,2026-09-05 02:46:21,usr_002843,merch_0040,search_sponsored_item
clk_0003039,imp_00028898,2026-09-05 02:46:25,usr_001669,merch_0161,post_order_carousel
clk_0001159,imp_00010882,2026-09-05 03:46:45,usr_003384,merch_0124,search_sponsored_item
clk_0004985,imp_00046814,2026-09-05 03:59:00,usr_001651,merch_0083,feed_banner_top
clk_0000603,imp_00005518,2026-09-05 04:10:24,usr_003053,merch_0071,search_sponsored_item
clk_0004312,imp_00040639,2026-09-05 04:28:11,usr_002200,merch_0148,search_sponsored_item
clk_0000350,imp_00003264,2026-09-05 05:03:53,usr_001551,merch_0058,search_sponsored_item
clk_0003656,imp_00034833,2026-09-05 05:09:28,usr_004467,merch_0019,post_order_carousel
clk_0001582,imp_00014626,2026-09-05 05:13:12,usr_002607,merch_0079,category_highlight
clk_0002257,imp_00021191,2026-09-05 05:23:57,usr_002761,merch_0181,feed_banner_top
clk_0005880,imp_00055349,2026-09-05 06:00:52,usr_004206,merch_0049,search_sponsored_item
clk_0001601,imp_00014844,2026-09-05 06:04:56,usr_001272,merch_0165,search_sponsored_item
clk_0000117,imp_00001054,2026-09-05 06:13:18,usr_003666,merch_0001,feed_banner_top
clk_0005915,imp_00055660,2026-09-05 06:25:41,usr_000017,merch_0008,category_highlight
clk_0004143,imp_00039037,2026-09-05 07:04:12,usr_002102,merch_0072,feed_banner_top
clk_0003435,imp_00032677,2026-09-05 07:05:51,usr_000677,merch_0049,feed_banner_top
clk_0001775,imp_00016388,2026-09-05 07:10:33,usr_004321,merch_0154,feed_banner_top
clk_0003889,imp_00036874,2026-09-05 07:31:26,usr_000981,merch_0086,feed_banner_top
clk_0002162,imp_00020271,2026-09-05 07:45:05,usr_003556,merch_0144,search_sponsored_item
clk_0001800,imp_00016639,2026-09-05 07:49:00,usr_004137,merch_0154,feed_banner_top
clk_0003457,imp_00032922,2026-09-05 07:51:40,usr_004871,merch_0186,search_sponsored_item
clk_0000546,imp_00004961,2026-09-05 08:06:09,usr_000308,merch_0085,search_sponsored_item
clk_0004685,imp_00044202,2026-09-05 08:12:28,usr_000426,merch_0085,category_highlight
clk_0005049,imp_00047491,2026-09-05 08:15:49,usr_000118,merch_0041,feed_banner_top
clk_0003761,imp_00035714,2026-09-05 08:21:44,usr_002576,merch_0077,feed_banner_top
clk_0003628,imp_00034561,2026-09-05 08:35:15,usr_001715,merch_0162,search_sponsored_item
clk_0005890,imp_00055432,2026-09-05 08:36:14,usr_001228,merch_0001,category_highlight
clk_0003566,imp_00033947,2026-09-05 08:39:20,usr_000840,merch_0152,search_sponsored_item
clk_0004913,imp_00046210,2026-09-05 08:40:08,usr_000358,merch_0162,feed_banner_top
clk_0003104,imp_00029497,2026-09-05 08:58:02,usr_003838,merch_0017,search_sponsored_item
clk_0003051,imp_00028980,2026-09-05 09:00:35,usr_003903,merch_0141,feed_banner_top
clk_0002366,imp_00022207,2026-09-05 09:10:05,usr_000578,merch_0041,search_sponsored_item
clk_0001577,imp_00014593,2026-09-05 09:38:34,usr_004036,merch_0015,search_sponsored_item
clk_0002024,imp_00018768,2026-09-05 09:45:26,usr_001042,merch_0086,search_sponsored_item
clk_0003961,imp_00037456,2026-09-05 09:46:44,usr_001259,merch_0170,category_highlight
clk_0003282,imp_00031223,2026-09-05 09:51:37,usr_003992,merch_0111,category_highlight
clk_0000383,imp_00003603,2026-09-05 09:59:45,usr_003716,merch_0103,feed_banner_top
clk_0003100,imp_00029481,2026-09-05 10:37:07,usr_002403,merch_0111,category_highlight
clk_0005545,imp_00052342,2026-09-05 10:39:16,usr_000588,merch_0142,post_order_carousel
clk_0001632,imp_00015108,2026-09-05 10:42:47,usr_001940,merch_0186,feed_banner_top
clk_0001863,imp_00017172,2026-09-05 10:49:16,usr_002561,merch_0045,feed_banner_top
clk_0002101,imp_00019568,2026-09-05 11:00:12,usr_000168,merch_0058,search_sponsored_item
clk_0001702,imp_00015702,2026-09-05 11:33:11,usr_004567,merch_0024,search_sponsored_item
clk_0002608,imp_00024492,2026-09-05 11:39:26,usr_004690,merch_0052,search_sponsored_item
clk_0000553,imp_00005008,2026-09-05 12:03:47,usr_001421,merch_0149,post_order_carousel
clk_0005671,imp_00053504,2026-09-05 12:04:07,usr_002479,merch_0104,search_sponsored_item
clk_0004385,imp_00041467,2026-09-05 12:05:12,usr_004232,merch_0044,post_order_carousel
clk_0001588,imp_00014696,2026-09-05 12:37:30,usr_003441,merch_0169,feed_banner_top
clk_0002602,imp_00024416,2026-09-05 12:40:17,usr_004398,merch_0104,feed_banner_top
clk_0000274,imp_00002557,2026-09-05 12:44:16,usr_000292,merch_0071,feed_banner_top
clk_0004669,imp_00044078,2026-09-05 12:51:30,usr_003053,merch_0071,post_order_carousel
clk_0001286,imp_00011900,2026-09-05 12:56:38,usr_003362,merch_0130,search_sponsored_item
clk_0001886,imp_00017397,2026-09-05 13:20:54,usr_000716,merch_0076,feed_banner_top
clk_0000310,imp_00002946,2026-09-05 13:54:53,usr_000515,merch_0199,post_order_carousel
clk_0005517,imp_00052094,2026-09-05 14:14:37,usr_004800,merch_0019,search_sponsored_item
clk_0005021,imp_00047193,2026-09-05 14:17:04,usr_001428,merch_0186,feed_banner_top
clk_0003726,imp_00035394,2026-09-05 14:18:21,usr_000253,merch_0149,feed_banner_top
clk_0002558,imp_00024017,2026-09-05 14:24:50,usr_004835,merch_0062,search_sponsored_item
clk_0005643,imp_00053234,2026-09-05 14:34:02,usr_002766,merch_0188,feed_banner_top
clk_0004785,imp_00045052,2026-09-05 14:54:01,usr_001602,merch_0092,category_highlight
clk_0001920,imp_00017712,2026-09-05 15:28:39,usr_002511,merch_0039,post_order_carousel
clk_0000285,imp_00002679,2026-09-05 15:40:45,usr_002316,merch_0041,search_sponsored_item
clk_0004828,imp_00045397,2026-09-05 15:42:49,usr_003959,merch_0094,search_sponsored_item
clk_0003793,imp_00036032,2026-09-05 15:51:49,usr_002074,merch_0094,search_sponsored_item
clk_0006119,imp_00057967,2026-09-05 15:54:22,usr_001737,merch_0128,category_highlight
clk_0006136,imp_00058154,2026-09-05 15:56:00,usr_001312,merch_0039,search_sponsored_item
clk_0003708,imp_00035303,2026-09-05 16:18:53,usr_000758,merch_0032,feed_banner_top
clk_0002819,imp_00026799,2026-09-05 16:33:11,usr_003405,merch_0144,category_highlight
clk_0005135,imp_00048270,2026-09-05 16:47:15,usr_002885,merch_0030,post_order_carousel
clk_0004629,imp_00043739,2026-09-05 16:49:22,usr_000275,merch_0196,feed_banner_top
clk_0001845,imp_00017036,2026-09-05 16:50:02,usr_000581,merch_0039,search_sponsored_item
clk_0002349,imp_00022062,2026-09-05 16:53:50,usr_003894,merch_0001,search_sponsored_item
clk_0005354,imp_00050463,2026-09-05 17:01:20,usr_000455,merch_0069,category_highlight
clk_0000105,imp_00000929,2026-09-05 17:15:39,usr_002513,merch_0161,search_sponsored_item
clk_0002502,imp_00023463,2026-09-05 17:16:19,usr_002983,merch_0044,search_sponsored_item
clk_0004780,imp_00045028,2026-09-05 17:19:24,usr_002861,merch_0077,feed_banner_top
clk_0002291,imp_00021457,2026-09-05 17:28:26,usr_004359,merch_0148,feed_banner_top
clk_0001131,imp_00010528,2026-09-05 17:36:34,usr_002916,merch_0186,feed_banner_top
clk_0002463,imp_00023140,2026-09-05 17:37:42,usr_002616,merch_0040,feed_banner_top
clk_0002762,imp_00026126,2026-09-05 17:45:30,usr_000016,merch_0086,post_order_carousel
clk_0002212,imp_00020758,2026-09-05 18:16:56,usr_000793,merch_0079,feed_banner_top
clk_0003997,imp_00037747,2026-09-05 18:30:24,usr_001103,merch_0128,feed_banner_top
clk_0000170,imp_00001613,2026-09-05 18:30:32,usr_001022,merch_0111,category_highlight
clk_0001073,imp_00009989,2026-09-05 18:44:14,usr_001907,merch_0148,feed_banner_top
clk_0001334,imp_00012392,2026-09-05 18:50:10,usr_001128,merch_0030,search_sponsored_item
clk_0004516,imp_00042621,2026-09-05 18:52:56,usr_004134,merch_0058,search_sponsored_item
clk_0005074,imp_00047716,2026-09-05 19:00:10,usr_002600,merch_0117,feed_banner_top
clk_0000187,imp_00001773,2026-09-05 19:01:04,usr_003770,merch_0036,feed_banner_top
clk_0002674,imp_00025263,2026-09-05 19:03:26,usr_004734,merch_0044,post_order_carousel
clk_0005871,imp_00055288,2026-09-05 19:08:48,usr_000611,merch_0174,search_sponsored_item
clk_0005105,imp_00048014,2026-09-05 19:20:41,usr_004210,merch_0117,feed_banner_top
clk_0003728,imp_00035409,2026-09-05 19:35:37,usr_002693,merch_0174,search_sponsored_item
clk_0002312,imp_00021757,2026-09-05 19:36:24,usr_001325,merch_0023,feed_banner_top
clk_0000643,imp_00005908,2026-09-05 19:40:28,usr_001258,merch_0104,feed_banner_top
clk_0003873,imp_00036732,2026-09-05 19:40:48,usr_003202,merch_0147,feed_banner_top
clk_0004490,imp_00042414,2026-09-05 19:51:32,usr_004551,merch_0097,search_sponsored_item
clk_0004375,imp_00041354,2026-09-05 20:07:19,usr_002077,merch_0086,post_order_carousel
clk_0003309,imp_00031380,2026-09-05 20:07:58,usr_002239,merch_0150,search_sponsored_item
clk_0005852,imp_00055152,2026-09-05 20:13:55,usr_003155,merch_0140,search_sponsored_item
clk_0000361,imp_00003390,2026-09-05 20:26:01,usr_001018,merch_0152,search_sponsored_item
clk_0003724,imp_00035382,2026-09-05 20:31:13,usr_003303,merch_0041,feed_banner_top
clk_0005163,imp_00048533,2026-09-05 20:39:24,usr_001457,merch_0111,feed_banner_top
clk_0003858,imp_00036631,2026-09-05 20:39:31,usr_002385,merch_0186,search_sponsored_item
clk_0006042,imp_00057017,2026-09-05 20:40:28,usr_003981,merch_0041,search_sponsored_item
clk_0005768,imp_00054381,2026-09-05 21:00:27,usr_003445,merch_0032,search_sponsored_item
clk_0000771,imp_00007175,2026-09-05 21:10:28,usr_002237,merch_0039,feed_banner_top
clk_0004856,imp_00045619,2026-09-05 21:21:56,usr_003696,merch_0015,feed_banner_top
clk_0001562,imp_00014417,2026-09-05 21:31:09,usr_000364,merch_0103,feed_banner_top
clk_0002113,imp_00019692,2026-09-05 21:40:04,usr_002464,merch_0047,category_highlight
clk_0002158,imp_00020221,2026-09-05 21:45:00,usr_003611,merch_0154,search_sponsored_item
clk_0005005,imp_00047032,2026-09-05 22:14:42,usr_004502,merch_0138,post_order_carousel
clk_0001443,imp_00013331,2026-09-05 22:20:52,usr_000433,merch_0052,post_order_carousel
clk_0000690,imp_00006384,2026-09-05 22:21:59,usr_001926,merch_0058,search_sponsored_item
clk_0000566,imp_00005113,2026-09-05 22:36:06,usr_003449,merch_0142,search_sponsored_item
clk_0002175,imp_00020379,2026-09-05 22:36:18,usr_000933,merch_0037,category_highlight
clk_0004190,imp_00039453,2026-09-05 23:03:29,usr_001351,merch_0161,feed_banner_top
clk_0003026,imp_00028671,2026-09-05 23:09:51,usr_004617,merch_0178,search_sponsored_item
clk_0002181,imp_00020474,2026-09-05 23:11:55,usr_001824,merch_0199,search_sponsored_item
clk_0002932,imp_00027858,2026-09-05 23:32:40,usr_003409,merch_0154,search_sponsored_item
clk_0002772,imp_00026266,2026-09-05 23:47:34,usr_002614,merch_0161,search_sponsored_item
clk_0005747,imp_00054154,2026-09-06 00:28:28,usr_004216,merch_0154,search_sponsored_item
clk_0001890,imp_00017438,2026-09-06 00:31:51,usr_001567,merch_0040,category_highlight
clk_0002048,imp_00019036,2026-09-06 00:43:16,usr_000888,merch_0124,post_order_carousel
clk_0006150,imp_00058231,2026-09-06 01:09:27,usr_003638,merch_0169,feed_banner_top
clk_0003928,imp_00037160,2026-09-06 01:14:58,usr_004259,merch_0154,feed_banner_top
clk_0004756,imp_00044790,2026-09-06 01:25:46,usr_001717,merch_0111,feed_banner_top
clk_0003969,imp_00037489,2026-09-06 01:46:56,usr_004287,merch_0154,feed_banner_top
clk_0001659,imp_00015358,2026-09-06 01:51:55,usr_002053,merch_0079,category_highlight
clk_0001532,imp_00014131,2026-09-06 02:00:14,usr_003875,merch_0183,search_sponsored_item
clk_0004758,imp_00044824,2026-09-06 02:14:25,usr_001159,merch_0016,feed_banner_top
clk_0005736,imp_00054058,2026-09-06 02:32:13,usr_003826,merch_0147,post_order_carousel
clk_0005661,imp_00053360,2026-09-06 02:49:06,usr_004788,merch_0083,search_sponsored_item
clk_0001185,imp_00011140,2026-09-06 02:52:48,usr_000428,merch_0025,feed_banner_top
clk_0005335,imp_00050189,2026-09-06 03:01:29,usr_000417,merch_0149,feed_banner_top
clk_0001480,imp_00013621,2026-09-06 03:08:19,usr_002765,merch_0077,search_sponsored_item
clk_0004092,imp_00038493,2026-09-06 03:11:20,usr_000863,merch_0174,search_sponsored_item
clk_0001898,imp_00017471,2026-09-06 03:12:32,usr_004949,merch_0104,feed_banner_top
clk_0005608,imp_00052917,2026-09-06 03:27:42,usr_004597,merch_0041,search_sponsored_item
clk_0006286,imp_00059647,2026-09-06 03:36:16,usr_002333,merch_0094,search_sponsored_item
clk_0006272,imp_00059566,2026-09-06 03:39:37,usr_003454,merch_0033,search_sponsored_item
clk_0002771,imp_00026258,2026-09-06 03:39:40,usr_002430,merch_0058,search_sponsored_item
clk_0005506,imp_00051979,2026-09-06 03:45:57,usr_001992,merch_0037,search_sponsored_item
clk_0003586,imp_00034181,2026-09-06 04:19:07,usr_003238,merch_0112,feed_banner_top
clk_0002690,imp_00025455,2026-09-06 04:21:23,usr_003854,merch_0161,search_sponsored_item
clk_0005121,imp_00048165,2026-09-06 04:31:54,usr_000524,merch_0104,category_highlight
clk_0002352,imp_00022106,2026-09-06 04:34:48,usr_004323,merch_0186,feed_banner_top
clk_0000637,imp_00005837,2026-09-06 04:52:28,usr_004694,merch_0031,search_sponsored_item
clk_0000894,imp_00008353,2026-09-06 05:00:29,usr_004458,merch_0144,search_sponsored_item
clk_0005759,imp_00054240,2026-09-06 05:01:22,usr_003707,merch_0079,search_sponsored_item
clk_0005004,imp_00047024,2026-09-06 05:25:43,usr_003107,merch_0030,post_order_carousel
clk_0003357,imp_00031870,2026-09-06 06:12:31,usr_001326,merch_0024,feed_banner_top
clk_0000381,imp_00003590,2026-09-06 06:12:31,usr_002398,merch_0041,post_order_carousel
clk_0000365,imp_00003433,2026-09-06 06:29:39,usr_002409,merch_0168,feed_banner_top
clk_0001008,imp_00009309,2026-09-06 06:37:51,usr_001112,merch_0135,search_sponsored_item
clk_0002935,imp_00027907,2026-09-06 06:45:11,usr_000041,merch_0030,post_order_carousel
clk_0002394,imp_00022578,2026-09-06 06:45:17,usr_001651,merch_0044,post_order_carousel
clk_0000872,imp_00008171,2026-09-06 06:51:46,usr_000654,merch_0178,search_sponsored_item
clk_0002788,imp_00026427,2026-09-06 06:54:04,usr_000414,merch_0016,feed_banner_top
clk_0005396,imp_00050947,2026-09-06 07:04:00,usr_003158,merch_0016,post_order_carousel
clk_0005872,imp_00055300,2026-09-06 07:23:26,usr_003971,merch_0125,search_sponsored_item
clk_0002422,imp_00022862,2026-09-06 07:32:38,usr_000250,merch_0128,search_sponsored_item
clk_0002333,imp_00021930,2026-09-06 07:37:12,usr_004199,merch_0071,feed_banner_top
clk_0004552,imp_00043030,2026-09-06 07:55:35,usr_004060,merch_0033,feed_banner_top
clk_0004544,imp_00042914,2026-09-06 07:57:00,usr_003739,merch_0181,feed_banner_top
clk_0003082,imp_00029289,2026-09-06 08:07:17,usr_001272,merch_0034,feed_banner_top
clk_0002812,imp_00026715,2026-09-06 08:14:51,usr_004644,merch_0186,category_highlight
clk_0000472,imp_00004364,2026-09-06 08:39:47,usr_000170,merch_0140,feed_banner_top
clk_0000873,imp_00008184,2026-09-06 08:41:24,usr_000210,merch_0188,search_sponsored_item
clk_0005752,imp_00054189,2026-09-06 08:49:05,usr_000728,merch_0149,post_order_carousel
clk_0000497,imp_00004542,2026-09-06 08:54:37,usr_004545,merch_0170,feed_banner_top
clk_0005812,imp_00054818,2026-09-06 08:55:37,usr_003447,merch_0094,feed_banner_top
clk_0001259,imp_00011681,2026-09-06 09:15:09,usr_004898,merch_0181,search_sponsored_item
clk_0000870,imp_00008169,2026-09-06 09:58:37,usr_002607,merch_0034,post_order_carousel
clk_0000905,imp_00008476,2026-09-06 10:01:16,usr_003303,merch_0100,search_sponsored_item
clk_0004005,imp_00037792,2026-09-06 10:10:31,usr_003551,merch_0188,search_sponsored_item
clk_0002009,imp_00018603,2026-09-06 10:27:39,usr_000700,merch_0131,search_sponsored_item
clk_0000317,imp_00002995,2026-09-06 10:48:43,usr_002771,merch_0083,search_sponsored_item
clk_0005186,imp_00048758,2026-09-06 11:07:45,usr_001558,merch_0150,category_highlight
clk_0004038,imp_00038095,2026-09-06 11:18:21,usr_000672,merch_0044,post_order_carousel
clk_0004316,imp_00040674,2026-09-06 11:37:49,usr_001591,merch_0017,category_highlight
clk_0003238,imp_00030797,2026-09-06 11:38:30,usr_000382,merch_0161,feed_banner_top
clk_0001236,imp_00011474,2026-09-06 11:57:40,usr_004232,merch_0052,search_sponsored_item
clk_0001580,imp_00014623,2026-09-06 12:01:14,usr_000446,merch_0059,search_sponsored_item
clk_0001419,imp_00013122,2026-09-06 12:10:08,usr_000731,merch_0004,search_sponsored_item
clk_0004775,imp_00044994,2026-09-06 12:17:07,usr_004397,merch_0052,category_highlight
clk_0005271,imp_00049582,2026-09-06 12:20:58,usr_002589,merch_0016,feed_banner_top
clk_0001124,imp_00010497,2026-09-06 12:37:37,usr_001062,merch_0119,feed_banner_top
clk_0003050,imp_00028953,2026-09-06 12:48:40,usr_002211,merch_0178,category_highlight
clk_0004477,imp_00042338,2026-09-06 13:05:04,usr_000579,merch_0148,feed_banner_top
clk_0003863,imp_00036660,2026-09-06 13:08:31,usr_000723,merch_0056,search_sponsored_item
clk_0002533,imp_00023762,2026-09-06 13:11:56,usr_004527,merch_0052,search_sponsored_item
clk_0000806,imp_00007582,2026-09-06 13:22:52,usr_000041,merch_0111,search_sponsored_item
clk_0003775,imp_00035838,2026-09-06 13:40:11,usr_004786,merch_0124,post_order_carousel
clk_0004989,imp_00046833,2026-09-06 13:46:18,usr_002149,merch_0103,feed_banner_top
clk_0005855,imp_00055173,2026-09-06 14:06:51,usr_002486,merch_0030,feed_banner_top
clk_0001268,imp_00011718,2026-09-06 14:20:34,usr_000973,merch_0178,category_highlight
clk_0005016,imp_00047138,2026-09-06 14:26:42,usr_003249,merch_0148,search_sponsored_item
clk_0004170,imp_00039278,2026-09-06 14:39:36,usr_000575,merch_0119,feed_banner_top
clk_0001979,imp_00018303,2026-09-06 14:51:27,usr_000003,merch_0149,search_sponsored_item
clk_0000757,imp_00007042,2026-09-06 14:51:42,usr_003329,merch_0178,feed_banner_top
clk_0001208,imp_00011303,2026-09-06 15:05:51,usr_003319,merch_0181,feed_banner_top
clk_0000148,imp_00001402,2026-09-06 15:07:02,usr_000543,merch_0001,post_order_carousel
clk_0003089,imp_00029384,2026-09-06 15:20:17,usr_004362,merch_0119,search_sponsored_item
clk_0002854,imp_00027139,2026-09-06 15:21:56,usr_000976,merch_0154,category_highlight
clk_0005863,imp_00055222,2026-09-06 15:47:12,usr_000889,merch_0103,feed_banner_top
clk_0005096,imp_00047961,2026-09-06 15:53:14,usr_004307,merch_0036,search_sponsored_item
clk_0005374,imp_00050665,2026-09-06 15:56:06,usr_003115,merch_0069,feed_banner_top
clk_0005094,imp_00047939,2026-09-06 15:56:50,usr_000412,merch_0170,search_sponsored_item
clk_0003851,imp_00036535,2026-09-06 16:14:12,usr_000089,merch_0083,search_sponsored_item
clk_0001763,imp_00016268,2026-09-06 16:17:58,usr_003907,merch_0165,search_sponsored_item
clk_0000003,imp_00000020,2026-09-06 16:33:09,usr_001134,merch_0037,search_sponsored_item
clk_0005242,imp_00049302,2026-09-06 16:34:13,usr_003739,merch_0165,feed_banner_top
clk_0005064,imp_00047603,2026-09-06 16:34:37,usr_000582,merch_0056,feed_banner_top
clk_0001873,imp_00017286,2026-09-06 16:50:30,usr_003889,merch_0142,feed_banner_top
clk_0001023,imp_00009449,2026-09-06 16:52:11,usr_002167,merch_0144,search_sponsored_item
clk_0002546,imp_00023906,2026-09-06 17:03:41,usr_003638,merch_0124,search_sponsored_item
clk_0003636,imp_00034613,2026-09-06 17:15:54,usr_004600,merch_0186,search_sponsored_item
clk_0002390,imp_00022523,2026-09-06 17:29:30,usr_002231,merch_0131,search_sponsored_item
clk_0002848,imp_00027106,2026-09-06 17:43:01,usr_004543,merch_0058,feed_banner_top
clk_0001686,imp_00015528,2026-09-06 17:45:44,usr_000448,merch_0112,feed_banner_top
clk_0002433,imp_00022950,2026-09-06 18:06:41,usr_000163,merch_0062,search_sponsored_item
clk_0003552,imp_00033820,2026-09-06 18:22:35,usr_004326,merch_0044,search_sponsored_item
clk_0000571,imp_00005155,2026-09-06 18:33:46,usr_000784,merch_0181,search_sponsored_item
clk_0005418,imp_00051082,2026-09-06 18:40:13,usr_004042,merch_0117,search_sponsored_item
clk_0005233,imp_00049202,2026-09-06 19:00:01,usr_003605,merch_0031,search_sponsored_item
clk_0002508,imp_00023481,2026-09-06 19:16:36,usr_002521,merch_0168,post_order_carousel
clk_0002833,imp_00026949,2026-09-06 19:17:41,usr_004176,merch_0076,search_sponsored_item
clk_0005613,imp_00052957,2026-09-06 19:32:47,usr_004333,merch_0045,search_sponsored_item
clk_0000760,imp_00007089,2026-09-06 19:43:04,usr_000096,merch_0015,feed_banner_top
clk_0003926,imp_00037148,2026-09-06 19:48:08,usr_004599,merch_0162,search_sponsored_item
clk_0004355,imp_00041100,2026-09-06 19:48:09,usr_001240,merch_0174,search_sponsored_item
clk_0004366,imp_00041279,2026-09-06 20:14:19,usr_003265,merch_0058,search_sponsored_item
clk_0005224,imp_00049162,2026-09-06 20:18:20,usr_000552,merch_0161,search_sponsored_item
clk_0000818,imp_00007674,2026-09-06 20:18:46,usr_004051,merch_0178,post_order_carousel
clk_0003960,imp_00037447,2026-09-06 20:31:27,usr_003721,merch_0041,feed_banner_top
clk_0000168,imp_00001601,2026-09-06 20:32:06,usr_001347,merch_0086,feed_banner_top
clk_0001223,imp_00011400,2026-09-06 20:32:20,usr_000649,merch_0023,feed_banner_top
clk_0004960,imp_00046603,2026-09-06 20:35:57,usr_003831,merch_0077,post_order_carousel
clk_0000432,imp_00003979,2026-09-06 20:39:19,usr_001589,merch_0186,search_sponsored_item
clk_0001679,imp_00015509,2026-09-06 20:44:04,usr_002750,merch_0030,feed_banner_top
clk_0006267,imp_00059527,2026-09-06 21:13:21,usr_000468,merch_0141,post_order_carousel
clk_0000151,imp_00001430,2026-09-06 21:40:25,usr_002679,merch_0041,post_order_carousel
clk_0003903,imp_00036972,2026-09-06 21:40:32,usr_004309,merch_0019,search_sponsored_item
clk_0004499,imp_00042485,2026-09-06 21:46:51,usr_003612,merch_0152,feed_banner_top
clk_0001491,imp_00013751,2026-09-06 21:50:28,usr_001548,merch_0131,search_sponsored_item
clk_0004905,imp_00046105,2026-09-06 22:00:01,usr_004985,merch_0079,category_highlight
clk_0000659,imp_00006126,2026-09-06 22:01:20,usr_004912,merch_0142,search_sponsored_item
clk_0006088,imp_00057571,2026-09-06 22:04:38,usr_003609,merch_0092,post_order_carousel
clk_0000640,imp_00005886,2026-09-06 22:11:24,usr_001282,merch_0039,feed_banner_top
clk_0004834,imp_00045437,2026-09-06 22:18:51,usr_004145,merch_0004,feed_banner_top
clk_0003461,imp_00032957,2026-09-06 22:25:21,usr_003477,merch_0111,post_order_carousel
clk_0003076,imp_00029213,2026-09-06 22:28:56,usr_000337,merch_0058,post_order_carousel
clk_0004915,imp_00046223,2026-09-06 22:35:01,usr_003301,merch_0170,search_sponsored_item
clk_0005987,imp_00056478,2026-09-06 22:51:46,usr_001184,merch_0016,feed_banner_top
clk_0002870,imp_00027255,2026-09-06 23:05:56,usr_001749,merch_0131,post_order_carousel
clk_0002568,imp_00024104,2026-09-06 23:11:19,usr_004925,merch_0142,feed_banner_top
clk_0002254,imp_00021133,2026-09-06 23:11:45,usr_003701,merch_0169,search_sponsored_item
clk_0005829,imp_00054978,2026-09-06 23:18:12,usr_000013,merch_0052,search_sponsored_item
clk_0003823,imp_00036244,2026-09-06 23:19:20,usr_000370,merch_0147,post_order_carousel
clk_0004127,imp_00038835,2026-09-06 23:32:38,usr_004815,merch_0049,category_highlight
clk_0004911,imp_00046183,2026-09-06 23:37:02,usr_003626,merch_0049,feed_banner_top
clk_0004542,imp_00042854,2026-09-06 23:37:44,usr_000460,merch_0040,search_sponsored_item
clk_0004223,imp_00039748,2026-09-07 00:13:56,usr_003178,merch_0097,feed_banner_top
clk_0001070,imp_00009960,2026-09-07 00:19:26,usr_004993,merch_0052,post_order_carousel
clk_0001465,imp_00013501,2026-09-07 00:31:32,usr_004594,merch_0112,search_sponsored_item
clk_0000366,imp_00003438,2026-09-07 00:39:18,usr_004977,merch_0181,search_sponsored_item
clk_0001759,imp_00016230,2026-09-07 00:43:11,usr_002482,merch_0085,feed_banner_top
clk_0004501,imp_00042519,2026-09-07 00:49:12,usr_003870,merch_0140,feed_banner_top
clk_0006239,imp_00059251,2026-09-07 00:59:55,usr_004400,merch_0047,search_sponsored_item
clk_0002211,imp_00020756,2026-09-07 01:03:26,usr_004169,merch_0092,search_sponsored_item
clk_0000862,imp_00008110,2026-09-07 01:14:33,usr_004577,merch_0062,search_sponsored_item
clk_0001331,imp_00012343,2026-09-07 01:33:23,usr_001773,merch_0071,search_sponsored_item
clk_0000188,imp_00001789,2026-09-07 01:39:03,usr_003202,merch_0148,post_order_carousel
clk_0005846,imp_00055119,2026-09-07 01:43:30,usr_000074,merch_0024,search_sponsored_item
clk_0001812,imp_00016774,2026-09-07 01:49:45,usr_003206,merch_0072,search_sponsored_item
clk_0000152,imp_00001432,2026-09-07 02:05:30,usr_002144,merch_0032,search_sponsored_item
clk_0000986,imp_00009099,2026-09-07 02:06:07,usr_003285,merch_0019,feed_banner_top
clk_0000153,imp_00001436,2026-09-07 02:08:59,usr_002560,merch_0144,search_sponsored_item
clk_0001841,imp_00017018,2026-09-07 02:10:28,usr_003634,merch_0016,search_sponsored_item
clk_0004103,imp_00038569,2026-09-07 02:17:10,usr_002624,merch_0015,post_order_carousel
clk_0000139,imp_00001285,2026-09-07 02:23:37,usr_002635,merch_0059,search_sponsored_item
clk_0003838,imp_00036448,2026-09-07 02:39:36,usr_002699,merch_0085,post_order_carousel
clk_0000852,imp_00007976,2026-09-07 02:43:04,usr_003999,merch_0083,post_order_carousel
clk_0000146,imp_00001386,2026-09-07 02:55:51,usr_004210,merch_0104,feed_banner_top
clk_0004643,imp_00043821,2026-09-07 03:00:08,usr_003216,merch_0144,category_highlight
clk_0000275,imp_00002582,2026-09-07 03:13:31,usr_002881,merch_0178,feed_banner_top
clk_0002687,imp_00025410,2026-09-07 03:15:17,usr_004642,merch_0040,feed_banner_top
clk_0003429,imp_00032646,2026-09-07 03:16:23,usr_002495,merch_0004,feed_banner_top
clk_0004410,imp_00041728,2026-09-07 03:39:41,usr_004101,merch_0083,post_order_carousel
clk_0004570,imp_00043181,2026-09-07 04:08:24,usr_002032,merch_0144,search_sponsored_item
clk_0001090,imp_00010131,2026-09-07 04:19:59,usr_000656,merch_0034,post_order_carousel
clk_0002154,imp_00020141,2026-09-07 04:24:45,usr_001009,merch_0086,post_order_carousel
clk_0000422,imp_00003889,2026-09-07 04:26:46,usr_002107,merch_0060,search_sponsored_item
clk_0003648,imp_00034742,2026-09-07 04:30:25,usr_003422,merch_0045,feed_banner_top
clk_0005999,imp_00056600,2026-09-07 04:40:08,usr_000427,merch_0036,category_highlight
clk_0004779,imp_00045024,2026-09-07 04:45:28,usr_000041,merch_0033,post_order_carousel
clk_0002476,imp_00023209,2026-09-07 04:46:49,usr_004849,merch_0062,category_highlight
clk_0006087,imp_00057557,2026-09-07 04:51:39,usr_004030,merch_0015,feed_banner_top
clk_0005735,imp_00054057,2026-09-07 05:12:53,usr_002983,merch_0154,feed_banner_top
clk_0000207,imp_00001975,2026-09-07 05:18:26,usr_004189,merch_0128,search_sponsored_item
clk_0000579,imp_00005295,2026-09-07 05:22:47,usr_001742,merch_0008,search_sponsored_item
clk_0002044,imp_00018991,2026-09-07 05:23:46,usr_000499,merch_0119,category_highlight
clk_0005589,imp_00052768,2026-09-07 05:36:34,usr_003558,merch_0092,search_sponsored_item
clk_0006154,imp_00058271,2026-09-07 05:51:33,usr_001848,merch_0016,search_sponsored_item
clk_0003716,imp_00035333,2026-09-07 05:56:54,usr_002293,merch_0024,search_sponsored_item
clk_0005795,imp_00054676,2026-09-07 05:58:02,usr_002068,merch_0168,search_sponsored_item
clk_0000730,imp_00006826,2026-09-07 06:06:47,usr_004293,merch_0148,feed_banner_top
clk_0001827,imp_00016894,2026-09-07 06:15:52,usr_002118,merch_0040,search_sponsored_item
clk_0000827,imp_00007781,2026-09-07 06:49:20,usr_001777,merch_0083,search_sponsored_item
clk_0000175,imp_00001645,2026-09-07 07:08:44,usr_002338,merch_0069,feed_banner_top
clk_0000743,imp_00006910,2026-09-07 07:34:52,usr_002246,merch_0163,search_sponsored_item
clk_0001001,imp_00009219,2026-09-07 07:36:17,usr_002215,merch_0036,feed_banner_top
clk_0003229,imp_00030712,2026-09-07 07:40:23,usr_001479,merch_0169,category_highlight
clk_0001616,imp_00014979,2026-09-07 07:51:25,usr_001738,merch_0040,search_sponsored_item
clk_0000353,imp_00003316,2026-09-07 08:01:19,usr_002322,merch_0100,post_order_carousel
clk_0000390,imp_00003669,2026-09-07 08:08:31,usr_000906,merch_0016,search_sponsored_item
clk_0002295,imp_00021534,2026-09-07 08:15:25,usr_001253,merch_0052,search_sponsored_item
clk_0003353,imp_00031813,2026-09-07 08:17:24,usr_004750,merch_0117,post_order_carousel
clk_0004158,imp_00039168,2026-09-07 08:32:22,usr_004071,merch_0008,search_sponsored_item
clk_0005102,imp_00047989,2026-09-07 08:42:15,usr_000664,merch_0199,post_order_carousel
clk_0002600,imp_00024380,2026-09-07 08:43:55,usr_004523,merch_0019,post_order_carousel
clk_0002751,imp_00026020,2026-09-07 08:44:32,usr_003113,merch_0040,feed_banner_top
clk_0004770,imp_00044940,2026-09-07 08:50:17,usr_002892,merch_0128,post_order_carousel
clk_0004504,imp_00042528,2026-09-07 09:09:19,usr_001349,merch_0186,feed_banner_top
clk_0001861,imp_00017144,2026-09-07 09:30:32,usr_004272,merch_0094,search_sponsored_item
clk_0002343,imp_00022019,2026-09-07 09:37:58,usr_001114,merch_0174,search_sponsored_item
clk_0005940,imp_00055982,2026-09-07 10:14:58,usr_003661,merch_0161,feed_banner_top
clk_0002068,imp_00019194,2026-09-07 10:49:13,usr_000928,merch_0183,category_highlight
clk_0000691,imp_00006386,2026-09-07 10:58:04,usr_001626,merch_0004,search_sponsored_item
clk_0001393,imp_00012848,2026-09-07 11:02:11,usr_003180,merch_0149,feed_banner_top
clk_0002303,imp_00021669,2026-09-07 11:18:55,usr_000364,merch_0004,feed_banner_top
clk_0004763,imp_00044877,2026-09-07 11:28:31,usr_003060,merch_0036,category_highlight
clk_0002554,imp_00023988,2026-09-07 11:29:40,usr_004599,merch_0148,search_sponsored_item
clk_0002682,imp_00025327,2026-09-07 11:38:55,usr_002363,merch_0149,post_order_carousel
clk_0000994,imp_00009164,2026-09-07 11:39:28,usr_003829,merch_0149,search_sponsored_item
clk_0005236,imp_00049247,2026-09-07 11:54:58,usr_002997,merch_0148,feed_banner_top
clk_0006183,imp_00058585,2026-09-07 12:00:33,usr_002448,merch_0124,search_sponsored_item
clk_0005373,imp_00050658,2026-09-07 12:04:58,usr_004512,merch_0154,search_sponsored_item
clk_0001077,imp_00010019,2026-09-07 12:08:49,usr_000806,merch_0077,search_sponsored_item
clk_0001964,imp_00018170,2026-09-07 12:13:01,usr_004064,merch_0052,search_sponsored_item
clk_0002043,imp_00018990,2026-09-07 12:27:41,usr_004215,merch_0004,search_sponsored_item
clk_0000781,imp_00007299,2026-09-07 12:38:13,usr_001018,merch_0044,feed_banner_top
clk_0003443,imp_00032779,2026-09-07 12:44:12,usr_001415,merch_0039,feed_banner_top
clk_0004368,imp_00041290,2026-09-07 12:44:52,usr_000088,merch_0125,feed_banner_top
clk_0002023,imp_00018759,2026-09-07 12:45:37,usr_002551,merch_0086,post_order_carousel
clk_0005003,imp_00046971,2026-09-07 12:47:23,usr_002268,merch_0092,search_sponsored_item
clk_0005638,imp_00053167,2026-09-07 12:58:56,usr_000512,merch_0183,post_order_carousel
clk_0005626,imp_00053051,2026-09-07 13:00:22,usr_003414,merch_0023,post_order_carousel
clk_0004813,imp_00045296,2026-09-07 13:02:00,usr_002883,merch_0163,search_sponsored_item
clk_0000600,imp_00005500,2026-09-07 13:37:56,usr_000460,merch_0104,category_highlight
clk_0005945,imp_00056101,2026-09-07 13:51:19,usr_004159,merch_0183,search_sponsored_item
clk_0001860,imp_00017127,2026-09-07 13:55:53,usr_003534,merch_0044,category_highlight
clk_0003944,imp_00037320,2026-09-07 14:23:17,usr_002089,merch_0103,search_sponsored_item
clk_0001455,imp_00013425,2026-09-07 14:28:32,usr_001071,merch_0056,feed_banner_top
clk_0001039,imp_00009636,2026-09-07 14:30:30,usr_000598,merch_0128,search_sponsored_item
clk_0006077,imp_00057462,2026-09-07 14:34:55,usr_002286,merch_0079,search_sponsored_item
clk_0001079,imp_00010053,2026-09-07 14:45:09,usr_004793,merch_0069,search_sponsored_item
clk_0003436,imp_00032707,2026-09-07 14:49:50,usr_000285,merch_0165,search_sponsored_item
clk_0005165,imp_00048570,2026-09-07 15:14:22,usr_002353,merch_0186,category_highlight
clk_0003501,imp_00033293,2026-09-07 15:18:38,usr_002868,merch_0089,search_sponsored_item
clk_0000471,imp_00004357,2026-09-07 15:21:55,usr_003559,merch_0034,category_highlight
clk_0005888,imp_00055416,2026-09-07 15:29:19,usr_000520,merch_0147,search_sponsored_item
clk_0002462,imp_00023137,2026-09-07 15:47:14,usr_003391,merch_0161,category_highlight
clk_0001157,imp_00010865,2026-09-07 15:51:19,usr_003318,merch_0142,feed_banner_top
clk_0000292,imp_00002739,2026-09-07 16:00:32,usr_004186,merch_0103,search_sponsored_item
clk_0005728,imp_00053975,2026-09-07 16:18:19,usr_001177,merch_0147,search_sponsored_item
clk_0003991,imp_00037718,2026-09-07 16:23:27,usr_000103,merch_0079,search_sponsored_item
clk_0000387,imp_00003655,2026-09-07 16:32:13,usr_004780,merch_0001,search_sponsored_item
clk_0004943,imp_00046449,2026-09-07 16:38:12,usr_001316,merch_0148,search_sponsored_item
clk_0006089,imp_00057577,2026-09-07 17:16:38,usr_003362,merch_0008,search_sponsored_item
clk_0001280,imp_00011854,2026-09-07 17:32:26,usr_002818,merch_0200,feed_banner_top
clk_0004381,imp_00041428,2026-09-07 17:45:31,usr_000164,merch_0069,search_sponsored_item
clk_0005043,imp_00047408,2026-09-07 18:27:07,usr_003188,merch_0015,search_sponsored_item
clk_0004954,imp_00046526,2026-09-07 18:28:34,usr_003156,merch_0138,category_highlight
clk_0006007,imp_00056685,2026-09-07 18:37:06,usr_003953,merch_0079,search_sponsored_item
clk_0001006,imp_00009289,2026-09-07 19:13:52,usr_003910,merch_0058,feed_banner_top
clk_0003064,imp_00029137,2026-09-07 19:21:32,usr_003436,merch_0100,post_order_carousel
clk_0001904,imp_00017518,2026-09-07 19:23:10,usr_001671,merch_0147,category_highlight
clk_0002645,imp_00024898,2026-09-07 19:28:49,usr_003544,merch_0100,feed_banner_top
clk_0000611,imp_00005592,2026-09-07 19:43:52,usr_003249,merch_0148,search_sponsored_item
clk_0000832,imp_00007810,2026-09-07 19:58:11,usr_001617,merch_0138,post_order_carousel
clk_0004344,imp_00041031,2026-09-07 20:00:41,usr_002659,merch_0069,search_sponsored_item
clk_0002389,imp_00022486,2026-09-07 20:25:36,usr_003642,merch_0144,search_sponsored_item
clk_0006130,imp_00058074,2026-09-07 20:37:51,usr_002644,merch_0092,search_sponsored_item
clk_0005325,imp_00050057,2026-09-07 20:44:44,usr_003292,merch_0062,search_sponsored_item
clk_0002061,imp_00019125,2026-09-07 20:51:15,usr_001101,merch_0142,feed_banner_top
clk_0002129,imp_00019868,2026-09-07 20:55:43,usr_002844,merch_0083,search_sponsored_item
clk_0004701,imp_00044383,2026-09-07 21:40:29,usr_001557,merch_0045,search_sponsored_item
clk_0002529,imp_00023729,2026-09-07 21:48:58,usr_001822,merch_0004,feed_banner_top
clk_0004226,imp_00039762,2026-09-07 21:50:34,usr_000763,merch_0089,post_order_carousel
clk_0004108,imp_00038601,2026-09-07 22:02:13,usr_001114,merch_0025,feed_banner_top
clk_0002520,imp_00023569,2026-09-07 22:07:12,usr_003212,merch_0024,search_sponsored_item
clk_0000721,imp_00006685,2026-09-07 22:20:56,usr_002608,merch_0004,search_sponsored_item
clk_0003346,imp_00031779,2026-09-07 22:25:22,usr_003450,merch_0059,search_sponsored_item
clk_0002545,imp_00023892,2026-09-07 22:43:54,usr_000273,merch_0016,search_sponsored_item
clk_0003071,imp_00029170,2026-09-07 22:46:18,usr_001965,merch_0019,search_sponsored_item
clk_0001312,imp_00012187,2026-09-07 23:12:33,usr_004455,merch_0030,search_sponsored_item
clk_0003142,imp_00029874,2026-09-07 23:19:08,usr_001368,merch_0032,search_sponsored_item
clk_0002666,imp_00025147,2026-09-07 23:22:52,usr_003113,merch_0045,post_order_carousel
clk_0002987,imp_00028323,2026-09-07 23:37:40,usr_004240,merch_0169,search_sponsored_item
clk_0003953,imp_00037390,2026-09-07 23:52:34,usr_001304,merch_0078,search_sponsored_item
clk_0002289,imp_00021429,2026-09-08 00:12:19,usr_003271,merch_0128,search_sponsored_item
clk_0000288,imp_00002712,2026-09-08 00:34:30,usr_002173,merch_0015,post_order_carousel
clk_0004523,imp_00042719,2026-09-08 00:39:29,usr_002711,merch_0092,search_sponsored_item
clk_0002070,imp_00019213,2026-09-08 00:44:57,usr_003960,merch_0183,search_sponsored_item
clk_0004419,imp_00041806,2026-09-08 01:21:43,usr_001981,merch_0023,search_sponsored_item
clk_0002557,imp_00024004,2026-09-08 01:24:51,usr_004491,merch_0178,feed_banner_top
clk_0005351,imp_00050416,2026-09-08 01:25:45,usr_001809,merch_0104,search_sponsored_item
clk_0002340,imp_00021988,2026-09-08 01:28:54,usr_002309,merch_0178,search_sponsored_item
clk_0006010,imp_00056713,2026-09-08 01:29:44,usr_002570,merch_0130,feed_banner_top
clk_0001275,imp_00011824,2026-09-08 01:38:44,usr_004048,merch_0144,search_sponsored_item
clk_0001521,imp_00014081,2026-09-08 01:43:10,usr_000211,merch_0149,feed_banner_top
clk_0002705,imp_00025577,2026-09-08 01:49:29,usr_000026,merch_0196,post_order_carousel
clk_0003025,imp_00028665,2026-09-08 01:50:04,usr_002978,merch_0060,search_sponsored_item
clk_0002757,imp_00026058,2026-09-08 01:50:21,usr_001557,merch_0033,post_order_carousel
clk_0003319,imp_00031504,2026-09-08 02:15:13,usr_001876,merch_0125,search_sponsored_item
clk_0002737,imp_00025902,2026-09-08 02:24:48,usr_003556,merch_0045,category_highlight
clk_0005592,imp_00052800,2026-09-08 02:25:31,usr_002604,merch_0147,feed_banner_top
clk_0000418,imp_00003849,2026-09-08 02:29:34,usr_001306,merch_0169,feed_banner_top
clk_0006082,imp_00057506,2026-09-08 02:37:33,usr_004154,merch_0079,post_order_carousel
clk_0005785,imp_00054556,2026-09-08 02:40:49,usr_002453,merch_0040,search_sponsored_item
clk_0003927,imp_00037151,2026-09-08 03:04:17,usr_003985,merch_0092,search_sponsored_item
clk_0005705,imp_00053799,2026-09-08 03:28:24,usr_001035,merch_0062,feed_banner_top
clk_0000966,imp_00008954,2026-09-08 03:58:02,usr_003859,merch_0001,feed_banner_top
clk_0006030,imp_00056909,2026-09-08 03:58:35,usr_001000,merch_0168,feed_banner_top
clk_0006146,imp_00058211,2026-09-08 04:26:35,usr_004377,merch_0086,feed_banner_top
clk_0002596,imp_00024354,2026-09-08 04:30:58,usr_001422,merch_0039,search_sponsored_item
clk_0003621,imp_00034506,2026-09-08 04:43:51,usr_000074,merch_0045,feed_banner_top
clk_0003558,imp_00033869,2026-09-08 04:46:05,usr_001152,merch_0040,post_order_carousel
clk_0003313,imp_00031429,2026-09-08 05:08:30,usr_000232,merch_0083,feed_banner_top
clk_0004571,imp_00043182,2026-09-08 05:12:52,usr_004811,merch_0131,search_sponsored_item
clk_0005240,imp_00049290,2026-09-08 05:13:56,usr_004788,merch_0148,post_order_carousel
clk_0005394,imp_00050879,2026-09-08 05:23:44,usr_001389,merch_0085,category_highlight
clk_0005201,imp_00048881,2026-09-08 05:25:39,usr_002140,merch_0030,search_sponsored_item
clk_0005115,imp_00048144,2026-09-08 05:42:14,usr_001411,merch_0135,category_highlight
clk_0001707,imp_00015761,2026-09-08 06:05:14,usr_003319,merch_0019,category_highlight
clk_0000507,imp_00004604,2026-09-08 06:20:13,usr_001928,merch_0152,feed_banner_top
clk_0001987,imp_00018416,2026-09-08 06:25:13,usr_000851,merch_0140,feed_banner_top
clk_0000029,imp_00000334,2026-09-08 06:41:49,usr_002078,merch_0103,category_highlight
clk_0003689,imp_00035174,2026-09-08 06:58:32,usr_003157,merch_0034,category_highlight
clk_0003340,imp_00031719,2026-09-08 07:39:17,usr_001327,merch_0078,search_sponsored_item
clk_0005013,imp_00047105,2026-09-08 07:39:19,usr_002664,merch_0154,search_sponsored_item
clk_0004928,imp_00046355,2026-09-08 07:39:20,usr_002491,merch_0071,search_sponsored_item
clk_0002377,imp_00022347,2026-09-08 07:50:42,usr_003766,merch_0178,search_sponsored_item
clk_0002686,imp_00025376,2026-09-08 07:57:25,usr_000937,merch_0045,post_order_carousel
clk_0004807,imp_00045272,2026-09-08 08:14:30,usr_002852,merch_0086,feed_banner_top
clk_0004184,imp_00039407,2026-09-08 08:22:36,usr_000634,merch_0037,search_sponsored_item
clk_0006137,imp_00058160,2026-09-08 08:42:48,usr_002995,merch_0033,feed_banner_top
clk_0001127,imp_00010520,2026-09-08 08:44:23,usr_003973,merch_0140,feed_banner_top
clk_0001000,imp_00009214,2026-09-08 08:46:44,usr_000727,merch_0036,post_order_carousel
clk_0003006,imp_00028529,2026-09-08 09:00:29,usr_000157,merch_0130,search_sponsored_item
clk_0003111,imp_00029533,2026-09-08 09:02:02,usr_002208,merch_0033,feed_banner_top
clk_0002302,imp_00021652,2026-09-08 09:24:16,usr_003245,merch_0144,search_sponsored_item
clk_0002979,imp_00028261,2026-09-08 09:32:04,usr_003841,merch_0144,search_sponsored_item
clk_0001100,imp_00010229,2026-09-08 09:37:00,usr_002743,merch_0119,feed_banner_top
clk_0004692,imp_00044282,2026-09-08 09:57:28,usr_003155,merch_0140,search_sponsored_item
clk_0004777,imp_00045012,2026-09-08 10:01:36,usr_002159,merch_0147,post_order_carousel
clk_0000213,imp_00002024,2026-09-08 10:21:28,usr_004913,merch_0019,feed_banner_top
clk_0003878,imp_00036802,2026-09-08 10:26:38,usr_001223,merch_0104,search_sponsored_item
clk_0000704,imp_00006501,2026-09-08 10:31:41,usr_002213,merch_0100,search_sponsored_item
clk_0001112,imp_00010314,2026-09-08 10:31:44,usr_004752,merch_0037,feed_banner_top
clk_0001435,imp_00013214,2026-09-08 10:39:57,usr_001086,merch_0100,search_sponsored_item
clk_0005182,imp_00048710,2026-09-08 10:41:19,usr_000904,merch_0147,feed_banner_top
clk_0004616,imp_00043604,2026-09-08 11:02:00,usr_003278,merch_0019,post_order_carousel
clk_0003298,imp_00031337,2026-09-08 11:02:09,usr_003825,merch_0169,feed_banner_top
clk_0003740,imp_00035552,2026-09-08 11:19:46,usr_001274,merch_0031,feed_banner_top
clk_0005929,imp_00055891,2026-09-08 11:28:43,usr_003264,merch_0178,feed_banner_top
clk_0003787,imp_00035969,2026-09-08 11:31:17,usr_003200,merch_0140,search_sponsored_item
clk_0000206,imp_00001971,2026-09-08 11:34:50,usr_003186,merch_0015,post_order_carousel
clk_0004123,imp_00038772,2026-09-08 12:12:56,usr_001005,merch_0135,post_order_carousel
clk_0001902,imp_00017512,2026-09-08 12:17:02,usr_004239,merch_0004,feed_banner_top
clk_0005599,imp_00052863,2026-09-08 12:29:08,usr_000710,merch_0128,search_sponsored_item
clk_0006020,imp_00056819,2026-09-08 12:31:43,usr_003753,merch_0058,feed_banner_top
clk_0002515,imp_00023532,2026-09-08 12:31:44,usr_000760,merch_0089,feed_banner_top
clk_0001338,imp_00012431,2026-09-08 12:53:15,usr_001722,merch_0036,search_sponsored_item
clk_0005625,imp_00053049,2026-09-08 13:10:01,usr_003143,merch_0036,feed_banner_top
clk_0006125,imp_00058013,2026-09-08 13:18:55,usr_004355,merch_0150,search_sponsored_item
clk_0005310,imp_00049909,2026-09-08 13:18:57,usr_004178,merch_0016,feed_banner_top
clk_0000615,imp_00005608,2026-09-08 13:24:42,usr_002204,merch_0174,post_order_carousel
clk_0004201,imp_00039575,2026-09-08 13:31:44,usr_000392,merch_0079,feed_banner_top
clk_0000732,imp_00006849,2026-09-08 14:12:22,usr_002289,merch_0060,post_order_carousel
clk_0001569,imp_00014480,2026-09-08 14:16:39,usr_000720,merch_0161,feed_banner_top
clk_0000975,imp_00009025,2026-09-08 14:19:53,usr_000392,merch_0119,post_order_carousel
clk_0006204,imp_00058909,2026-09-08 14:20:47,usr_000047,merch_0056,search_sponsored_item
clk_0003176,imp_00030154,2026-09-08 14:21:01,usr_000682,merch_0148,post_order_carousel
clk_0004728,imp_00044612,2026-09-08 14:24:28,usr_002551,merch_0017,search_sponsored_item
clk_0001653,imp_00015263,2026-09-08 14:34:20,usr_002211,merch_0125,search_sponsored_item
clk_0004511,imp_00042567,2026-09-08 14:34:57,usr_002649,merch_0161,search_sponsored_item
clk_0004372,imp_00041337,2026-09-08 14:38:47,usr_001838,merch_0060,category_highlight
clk_0001625,imp_00015043,2026-09-08 14:43:35,usr_001131,merch_0183,feed_banner_top
clk_0005821,imp_00054883,2026-09-08 14:43:53,usr_003800,merch_0140,post_order_carousel
clk_0004315,imp_00040668,2026-09-08 15:00:00,usr_000469,merch_0076,category_highlight
clk_0003887,imp_00036832,2026-09-08 15:04:47,usr_000742,merch_0017,post_order_carousel
clk_0004866,imp_00045711,2026-09-08 15:17:49,usr_004702,merch_0186,category_highlight
clk_0003980,imp_00037617,2026-09-08 15:28:12,usr_001668,merch_0147,search_sponsored_item
clk_0005957,imp_00056198,2026-09-08 15:37:19,usr_001651,merch_0168,feed_banner_top
clk_0004722,imp_00044542,2026-09-08 15:40:53,usr_001562,merch_0147,search_sponsored_item
clk_0004686,imp_00044207,2026-09-08 15:41:56,usr_000465,merch_0056,search_sponsored_item
clk_0000684,imp_00006349,2026-09-08 15:58:14,usr_001314,merch_0001,post_order_carousel
clk_0005133,imp_00048257,2026-09-08 16:00:27,usr_003368,merch_0186,feed_banner_top
clk_0001674,imp_00015469,2026-09-08 16:10:39,usr_003065,merch_0165,post_order_carousel
clk_0001249,imp_00011588,2026-09-08 16:12:48,usr_001987,merch_0138,search_sponsored_item
clk_0006197,imp_00058803,2026-09-08 16:17:34,usr_002875,merch_0112,feed_banner_top
clk_0000195,imp_00001869,2026-09-08 16:22:33,usr_004134,merch_0112,feed_banner_top
clk_0000412,imp_00003834,2026-09-08 16:24:36,usr_002421,merch_0161,search_sponsored_item
clk_0004537,imp_00042807,2026-09-08 16:30:58,usr_004242,merch_0178,post_order_carousel
clk_0006259,imp_00059452,2026-09-08 16:46:03,usr_001739,merch_0186,feed_banner_top
clk_0005441,imp_00051341,2026-09-08 17:05:05,usr_001474,merch_0165,search_sponsored_item
clk_0001037,imp_00009588,2026-09-08 17:34:02,usr_001016,merch_0111,feed_banner_top
clk_0005498,imp_00051877,2026-09-08 17:41:28,usr_004415,merch_0045,feed_banner_top
clk_0005579,imp_00052665,2026-09-08 17:52:19,usr_004698,merch_0001,feed_banner_top
clk_0002918,imp_00027669,2026-09-08 17:57:30,usr_000475,merch_0100,search_sponsored_item
clk_0003397,imp_00032301,2026-09-08 18:29:35,usr_002225,merch_0089,search_sponsored_item
clk_0000398,imp_00003703,2026-09-08 19:07:33,usr_002126,merch_0144,feed_banner_top
clk_0005194,imp_00048822,2026-09-08 19:16:44,usr_003462,merch_0181,search_sponsored_item
clk_0005741,imp_00054105,2026-09-08 19:29:26,usr_002428,merch_0071,feed_banner_top
clk_0004608,imp_00043551,2026-09-08 19:29:42,usr_002811,merch_0040,search_sponsored_item
clk_0000784,imp_00007330,2026-09-08 19:43:25,usr_000012,merch_0085,search_sponsored_item
clk_0004476,imp_00042326,2026-09-08 19:47:01,usr_002347,merch_0077,search_sponsored_item
clk_0002798,imp_00026501,2026-09-08 19:55:09,usr_000253,merch_0037,search_sponsored_item
clk_0001517,imp_00014013,2026-09-08 20:04:10,usr_002380,merch_0100,search_sponsored_item
clk_0004171,imp_00039283,2026-09-08 20:21:15,usr_001707,merch_0039,feed_banner_top
clk_0004026,imp_00037974,2026-09-08 20:22:40,usr_003897,merch_0174,category_highlight
clk_0003514,imp_00033411,2026-09-08 20:32:34,usr_002399,merch_0032,search_sponsored_item
clk_0002679,imp_00025305,2026-09-08 20:47:48,usr_004059,merch_0037,search_sponsored_item
clk_0006169,imp_00058444,2026-09-08 20:55:29,usr_001985,merch_0196,category_highlight
clk_0003731,imp_00035432,2026-09-08 21:06:19,usr_004521,merch_0163,category_highlight
clk_0004459,imp_00042175,2026-09-08 22:01:21,usr_002008,merch_0045,search_sponsored_item
clk_0000247,imp_00002321,2026-09-08 22:07:51,usr_000083,merch_0016,feed_banner_top
clk_0000997,imp_00009193,2026-09-08 22:07:56,usr_001168,merch_0032,feed_banner_top
clk_0000836,imp_00007824,2026-09-08 22:22:01,usr_002238,merch_0141,search_sponsored_item
clk_0001126,imp_00010512,2026-09-08 22:32:43,usr_004409,merch_0170,search_sponsored_item
clk_0000654,imp_00006068,2026-09-08 22:35:25,usr_002548,merch_0152,search_sponsored_item
clk_0000133,imp_00001247,2026-09-08 22:46:41,usr_002234,merch_0058,post_order_carousel
clk_0003756,imp_00035669,2026-09-08 22:47:36,usr_003747,merch_0170,search_sponsored_item
clk_0004076,imp_00038388,2026-09-08 22:53:01,usr_000354,merch_0186,search_sponsored_item
clk_0001017,imp_00009393,2026-09-08 22:53:13,usr_003781,merch_0083,category_highlight
clk_0003093,imp_00029417,2026-09-08 22:57:41,usr_002494,merch_0152,feed_banner_top
clk_0005327,imp_00050088,2026-09-08 23:08:11,usr_000628,merch_0045,post_order_carousel
clk_0002543,imp_00023864,2026-09-08 23:37:57,usr_000329,merch_0030,post_order_carousel
clk_0005277,imp_00049681,2026-09-08 23:56:53,usr_004676,merch_0036,feed_banner_top
clk_0003227,imp_00030693,2026-09-08 23:58:05,usr_004231,merch_0148,post_order_carousel
clk_0002806,imp_00026601,2026-09-09 00:05:19,usr_001204,merch_0200,feed_banner_top
clk_0005891,imp_00055438,2026-09-09 00:17:19,usr_000046,merch_0083,search_sponsored_item
clk_0002551,imp_00023975,2026-09-09 00:24:12,usr_002326,merch_0036,feed_banner_top
clk_0003892,imp_00036893,2026-09-09 00:35:02,usr_002275,merch_0083,search_sponsored_item
clk_0003118,imp_00029580,2026-09-09 00:38:42,usr_002424,merch_0019,search_sponsored_item
clk_0000549,imp_00004992,2026-09-09 00:43:13,usr_003644,merch_0049,search_sponsored_item
clk_0004651,imp_00043872,2026-09-09 01:42:52,usr_002273,merch_0071,feed_banner_top
clk_0005587,imp_00052743,2026-09-09 01:49:22,usr_003988,merch_0047,search_sponsored_item
clk_0000768,imp_00007150,2026-09-09 02:12:44,usr_003955,merch_0052,search_sponsored_item
clk_0002912,imp_00027623,2026-09-09 02:25:32,usr_000460,merch_0045,feed_banner_top
clk_0000761,imp_00007093,2026-09-09 02:30:58,usr_002203,merch_0045,post_order_carousel
clk_0004109,imp_00038609,2026-09-09 02:43:48,usr_002945,merch_0024,search_sponsored_item
clk_0005879,imp_00055323,2026-09-09 02:47:01,usr_004124,merch_0045,category_highlight
clk_0001494,imp_00013786,2026-09-09 02:52:08,usr_001353,merch_0169,category_highlight
clk_0001603,imp_00014853,2026-09-09 03:10:27,usr_001720,merch_0149,post_order_carousel
clk_0002099,imp_00019549,2026-09-09 03:10:54,usr_004038,merch_0044,search_sponsored_item
clk_0000453,imp_00004135,2026-09-09 03:15:36,usr_000019,merch_0092,search_sponsored_item
clk_0002050,imp_00019050,2026-09-09 03:16:44,usr_000354,merch_0044,feed_banner_top
clk_0004988,imp_00046828,2026-09-09 03:45:26,usr_002156,merch_0119,search_sponsored_item
clk_0003655,imp_00034816,2026-09-09 03:46:54,usr_004697,merch_0036,category_highlight
clk_0002783,imp_00026383,2026-09-09 03:47:12,usr_004656,merch_0131,post_order_carousel
clk_0001160,imp_00010901,2026-09-09 03:52:49,usr_004349,merch_0144,search_sponsored_item
clk_0000798,imp_00007523,2026-09-09 03:55:10,usr_000278,merch_0069,search_sponsored_item
clk_0003338,imp_00031699,2026-09-09 03:58:59,usr_002877,merch_0039,search_sponsored_item
clk_0001125,imp_00010510,2026-09-09 03:59:20,usr_004961,merch_0039,search_sponsored_item
clk_0000438,imp_00004014,2026-09-09 04:06:10,usr_004872,merch_0111,search_sponsored_item
clk_0002487,imp_00023351,2026-09-09 04:06:55,usr_003393,merch_0023,search_sponsored_item
clk_0003904,imp_00036975,2026-09-09 04:08:03,usr_001185,merch_0168,search_sponsored_item
clk_0003813,imp_00036188,2026-09-09 04:09:31,usr_002725,merch_0131,category_highlight
clk_0005362,imp_00050553,2026-09-09 04:13:17,usr_003435,merch_0092,search_sponsored_item
clk_0000397,imp_00003699,2026-09-09 04:14:37,usr_000934,merch_0135,post_order_carousel
clk_0003650,imp_00034755,2026-09-09 04:18:47,usr_003764,merch_0036,category_highlight
clk_0002387,imp_00022460,2026-09-09 04:26:50,usr_000966,merch_0045,search_sponsored_item
clk_0000985,imp_00009096,2026-09-09 04:28:05,usr_001303,merch_0119,feed_banner_top
clk_0005500,imp_00051908,2026-09-09 04:28:40,usr_001909,merch_0141,search_sponsored_item
clk_0003453,imp_00032888,2026-09-09 04:28:52,usr_003858,merch_0150,feed_banner_top
clk_0002907,imp_00027575,2026-09-09 04:57:45,usr_001521,merch_0049,feed_banner_top
clk_0001248,imp_00011559,2026-09-09 05:07:25,usr_002077,merch_0086,feed_banner_top
clk_0003209,imp_00030527,2026-09-09 05:07:50,usr_000870,merch_0112,feed_banner_top
clk_0004021,imp_00037924,2026-09-09 05:18:07,usr_000007,merch_0142,feed_banner_top
clk_0005160,imp_00048477,2026-09-09 05:28:51,usr_001080,merch_0094,feed_banner_top
clk_0000995,imp_00009185,2026-09-09 06:04:02,usr_001259,merch_0092,search_sponsored_item
clk_0005489,imp_00051806,2026-09-09 06:04:34,usr_003633,merch_0154,feed_banner_top
clk_0002625,imp_00024703,2026-09-09 06:19:40,usr_003411,merch_0144,search_sponsored_item
clk_0003394,imp_00032285,2026-09-09 06:22:41,usr_001446,merch_0030,search_sponsored_item
clk_0000523,imp_00004715,2026-09-09 06:23:13,usr_000369,merch_0128,search_sponsored_item
clk_0005399,imp_00050969,2026-09-09 06:35:21,usr_001763,merch_0045,post_order_carousel
clk_0004395,imp_00041572,2026-09-09 06:43:10,usr_004579,merch_0097,post_order_carousel
clk_0001055,imp_00009817,2026-09-09 07:15:24,usr_002157,merch_0030,search_sponsored_item
clk_0003090,imp_00029390,2026-09-09 07:27:53,usr_000751,merch_0163,search_sponsored_item
clk_0001205,imp_00011280,2026-09-09 07:29:15,usr_003610,merch_0085,search_sponsored_item
clk_0002093,imp_00019452,2026-09-09 07:31:54,usr_004256,merch_0117,feed_banner_top
clk_0000128,imp_00001205,2026-09-09 07:32:03,usr_004758,merch_0188,search_sponsored_item
clk_0004942,imp_00046442,2026-09-09 07:46:48,usr_000938,merch_0085,category_highlight
clk_0003857,imp_00036616,2026-09-09 07:59:10,usr_001101,merch_0071,feed_banner_top
clk_0001339,imp_00012441,2026-09-09 08:15:31,usr_002453,merch_0085,search_sponsored_item
clk_0006268,imp_00059533,2026-09-09 08:20:00,usr_003343,merch_0097,feed_banner_top
clk_0001973,imp_00018257,2026-09-09 08:22:48,usr_004228,merch_0092,feed_banner_top
clk_0005573,imp_00052611,2026-09-09 08:26:57,usr_004361,merch_0163,feed_banner_top
clk_0001048,imp_00009732,2026-09-09 08:34:00,usr_000507,merch_0196,search_sponsored_item
clk_0004605,imp_00043523,2026-09-09 08:59:54,usr_001136,merch_0154,search_sponsored_item
clk_0004255,imp_00040121,2026-09-09 09:04:48,usr_004473,merch_0124,post_order_carousel
clk_0001907,imp_00017563,2026-09-09 09:07:45,usr_002158,merch_0044,feed_banner_top
clk_0006304,imp_00059880,2026-09-09 09:13:07,usr_001688,merch_0089,search_sponsored_item
clk_0005831,imp_00054996,2026-09-09 09:18:09,usr_000511,merch_0069,search_sponsored_item
clk_0001333,imp_00012389,2026-09-09 09:44:27,usr_000987,merch_0069,search_sponsored_item
clk_0001219,imp_00011368,2026-09-09 09:48:17,usr_001808,merch_0062,search_sponsored_item
clk_0004233,imp_00039824,2026-09-09 10:08:09,usr_000014,merch_0169,category_highlight
clk_0003753,imp_00035648,2026-09-09 10:43:09,usr_001192,merch_0024,search_sponsored_item
clk_0005541,imp_00052303,2026-09-09 10:44:35,usr_004602,merch_0032,search_sponsored_item
clk_0002363,imp_00022196,2026-09-09 10:46:06,usr_004999,merch_0149,search_sponsored_item
clk_0006289,imp_00059671,2026-09-09 10:51:12,usr_004402,merch_0058,feed_banner_top
clk_0003362,imp_00031982,2026-09-09 11:01:12,usr_003775,merch_0085,search_sponsored_item
clk_0004658,imp_00043919,2026-09-09 11:28:22,usr_000215,merch_0154,post_order_carousel
clk_0004291,imp_00040423,2026-09-09 11:50:14,usr_003594,merch_0097,search_sponsored_item
clk_0004296,imp_00040468,2026-09-09 11:56:39,usr_002816,merch_0188,search_sponsored_item
clk_0003000,imp_00028459,2026-09-09 12:06:38,usr_000553,merch_0112,search_sponsored_item
clk_0006164,imp_00058386,2026-09-09 12:13:26,usr_001217,merch_0178,feed_banner_top
clk_0001375,imp_00012723,2026-09-09 12:47:58,usr_003305,merch_0060,feed_banner_top
clk_0005876,imp_00055311,2026-09-09 13:06:01,usr_003499,merch_0039,feed_banner_top
clk_0001872,imp_00017275,2026-09-09 13:08:22,usr_000678,merch_0086,category_highlight
clk_0003263,imp_00031059,2026-09-09 13:15:22,usr_000056,merch_0125,search_sponsored_item
clk_0000437,imp_00004007,2026-09-09 13:49:26,usr_001843,merch_0045,post_order_carousel
clk_0005467,imp_00051591,2026-09-09 14:32:51,usr_003042,merch_0148,category_highlight
clk_0000683,imp_00006344,2026-09-09 14:51:41,usr_000553,merch_0148,search_sponsored_item
clk_0002626,imp_00024710,2026-09-09 15:06:47,usr_002655,merch_0089,feed_banner_top
clk_0002884,imp_00027400,2026-09-09 15:16:12,usr_000223,merch_0085,category_highlight
clk_0001927,imp_00017769,2026-09-09 15:35:47,usr_003418,merch_0200,search_sponsored_item
clk_0005463,imp_00051550,2026-09-09 15:54:58,usr_003405,merch_0037,category_highlight
clk_0003763,imp_00035726,2026-09-09 16:09:04,usr_001144,merch_0004,feed_banner_top
clk_0004734,imp_00044663,2026-09-09 16:10:36,usr_001388,merch_0001,search_sponsored_item
clk_0002973,imp_00028204,2026-09-09 16:51:33,usr_002213,merch_0008,post_order_carousel
clk_0002972,imp_00028169,2026-09-09 17:06:39,usr_003427,merch_0058,search_sponsored_item
clk_0002367,imp_00022212,2026-09-09 17:30:13,usr_004845,merch_0128,search_sponsored_item
clk_0005569,imp_00052554,2026-09-09 17:34:32,usr_004100,merch_0049,search_sponsored_item
clk_0004637,imp_00043790,2026-09-09 17:47:51,usr_000064,merch_0069,search_sponsored_item
clk_0000748,imp_00006973,2026-09-09 18:15:23,usr_002158,merch_0148,feed_banner_top
clk_0004392,imp_00041547,2026-09-09 18:29:52,usr_002659,merch_0140,search_sponsored_item
clk_0000407,imp_00003803,2026-09-09 18:58:03,usr_004548,merch_0104,search_sponsored_item
clk_0005548,imp_00052359,2026-09-09 19:08:38,usr_001670,merch_0186,post_order_carousel
clk_0004251,imp_00040048,2026-09-09 19:42:20,usr_000642,merch_0001,search_sponsored_item
clk_0005793,imp_00054630,2026-09-09 19:52:24,usr_000277,merch_0016,search_sponsored_item
clk_0004244,imp_00039965,2026-09-09 20:16:02,usr_001102,merch_0200,feed_banner_top
clk_0004285,imp_00040376,2026-09-09 20:23:19,usr_003016,merch_0044,feed_banner_top
clk_0005090,imp_00047896,2026-09-09 20:36:04,usr_002494,merch_0019,category_highlight
clk_0001168,imp_00010976,2026-09-09 21:01:25,usr_004011,merch_0078,post_order_carousel
clk_0004772,imp_00044967,2026-09-09 21:15:51,usr_004596,merch_0076,post_order_carousel
clk_0004702,imp_00044386,2026-09-09 21:19:08,usr_004719,merch_0015,search_sponsored_item
clk_0004177,imp_00039324,2026-09-09 21:29:31,usr_003681,merch_0140,feed_banner_top
clk_0002062,imp_00019127,2026-09-09 21:30:56,usr_003349,merch_0131,feed_banner_top
clk_0001963,imp_00018164,2026-09-09 21:31:16,usr_000919,merch_0186,feed_banner_top
clk_0006206,imp_00058924,2026-09-09 21:35:17,usr_004824,merch_0148,search_sponsored_item
clk_0004979,imp_00046783,2026-09-09 21:41:57,usr_002805,merch_0025,search_sponsored_item
clk_0003486,imp_00033160,2026-09-09 21:51:37,usr_003416,merch_0001,feed_banner_top
clk_0006306,imp_00059902,2026-09-09 21:52:41,usr_003296,merch_0033,feed_banner_top
clk_0000259,imp_00002398,2026-09-09 22:10:03,usr_001599,merch_0174,search_sponsored_item
clk_0003770,imp_00035788,2026-09-09 22:10:15,usr_004400,merch_0168,search_sponsored_item
clk_0001655,imp_00015287,2026-09-09 22:15:37,usr_001167,merch_0072,category_highlight
clk_0006078,imp_00057475,2026-09-09 22:20:55,usr_001091,merch_0100,search_sponsored_item
clk_0004606,imp_00043533,2026-09-09 22:28:11,usr_003655,merch_0039,feed_banner_top
clk_0001094,imp_00010182,2026-09-09 22:40:56,usr_004946,merch_0135,feed_banner_top
clk_0000599,imp_00005497,2026-09-09 22:49:48,usr_004774,merch_0015,search_sponsored_item
clk_0005017,imp_00047141,2026-09-09 23:16:58,usr_003535,merch_0036,search_sponsored_item
clk_0003746,imp_00035618,2026-09-09 23:30:22,usr_003045,merch_0152,feed_banner_top
clk_0004736,imp_00044679,2026-09-09 23:38:39,usr_003533,merch_0152,search_sponsored_item
clk_0006002,imp_00056624,2026-09-09 23:41:43,usr_004947,merch_0039,search_sponsored_item
clk_0001197,imp_00011242,2026-09-09 23:59:38,usr_003448,merch_0086,search_sponsored_item
clk_0004973,imp_00046716,2026-09-10 00:00:33,usr_004249,merch_0083,search_sponsored_item
clk_0005807,imp_00054793,2026-09-10 00:05:40,usr_000254,merch_0148,search_sponsored_item
clk_0001527,imp_00014115,2026-09-10 00:16:58,usr_003403,merch_0062,search_sponsored_item
clk_0001555,imp_00014359,2026-09-10 00:24:42,usr_001709,merch_0196,search_sponsored_item
clk_0004723,imp_00044544,2026-09-10 00:34:04,usr_004121,merch_0183,search_sponsored_item
clk_0004958,imp_00046556,2026-09-10 00:46:28,usr_000455,merch_0174,feed_banner_top
clk_0005861,imp_00055207,2026-09-10 01:14:18,usr_000898,merch_0060,feed_banner_top
clk_0004510,imp_00042556,2026-09-10 01:20:40,usr_003831,merch_0034,category_highlight
clk_0003190,imp_00030381,2026-09-10 01:28:07,usr_000038,merch_0178,search_sponsored_item
clk_0003367,imp_00032026,2026-09-10 01:31:42,usr_003082,merch_0141,feed_banner_top
clk_0006182,imp_00058545,2026-09-10 01:36:08,usr_004015,merch_0079,search_sponsored_item
clk_0001495,imp_00013788,2026-09-10 01:40:07,usr_000949,merch_0199,category_highlight
clk_0005938,imp_00055934,2026-09-10 01:40:23,usr_002725,merch_0023,search_sponsored_item
clk_0005057,imp_00047533,2026-09-10 01:54:51,usr_004065,merch_0124,post_order_carousel
clk_0003242,imp_00030829,2026-09-10 02:00:17,usr_004720,merch_0059,search_sponsored_item
clk_0005461,imp_00051536,2026-09-10 02:02:36,usr_001224,merch_0138,search_sponsored_item
clk_0004012,imp_00037883,2026-09-10 02:06:49,usr_000950,merch_0059,feed_banner_top
clk_0005984,imp_00056444,2026-09-10 02:13:00,usr_001330,merch_0130,post_order_carousel
clk_0001597,imp_00014797,2026-09-10 02:17:53,usr_002056,merch_0110,post_order_carousel
clk_0001602,imp_00014849,2026-09-10 02:38:38,usr_001360,merch_0165,search_sponsored_item
clk_0006172,imp_00058477,2026-09-10 02:45:57,usr_004998,merch_0037,search_sponsored_item
clk_0004878,imp_00045790,2026-09-10 02:49:15,usr_001691,merch_0124,feed_banner_top
clk_0001552,imp_00014333,2026-09-10 02:57:00,usr_002009,merch_0199,search_sponsored_item
clk_0000102,imp_00000915,2026-09-10 02:57:39,usr_000890,merch_0178,search_sponsored_item
clk_0004323,imp_00040817,2026-09-10 02:57:45,usr_001133,merch_0031,search_sponsored_item
clk_0001644,imp_00015158,2026-09-10 03:01:16,usr_004415,merch_0086,search_sponsored_item
clk_0006069,imp_00057412,2026-09-10 03:06:01,usr_003815,merch_0131,feed_banner_top
clk_0000408,imp_00003805,2026-09-10 03:11:00,usr_004971,merch_0071,search_sponsored_item
clk_0005655,imp_00053334,2026-09-10 03:12:39,usr_003784,merch_0040,feed_banner_top
clk_0001665,imp_00015398,2026-09-10 03:18:14,usr_002436,merch_0124,feed_banner_top
clk_0005920,imp_00055697,2026-09-10 03:20:41,usr_001474,merch_0117,feed_banner_top
clk_0002348,imp_00022059,2026-09-10 03:20:56,usr_004249,merch_0045,post_order_carousel
clk_0003275,imp_00031192,2026-09-10 03:21:36,usr_000407,merch_0128,search_sponsored_item
clk_0003812,imp_00036144,2026-09-10 03:23:19,usr_002479,merch_0178,search_sponsored_item
clk_0002077,imp_00019276,2026-09-10 03:24:19,usr_003168,merch_0100,search_sponsored_item
clk_0001681,imp_00015511,2026-09-10 04:01:43,usr_003321,merch_0196,search_sponsored_item
clk_0004035,imp_00038073,2026-09-10 04:07:21,usr_001062,merch_0131,feed_banner_top
clk_0000103,imp_00000917,2026-09-10 04:08:42,usr_001068,merch_0161,feed_banner_top
clk_0003520,imp_00033465,2026-09-10 04:24:21,usr_002279,merch_0037,post_order_carousel
clk_0000990,imp_00009117,2026-09-10 04:38:49,usr_002338,merch_0188,feed_banner_top
clk_0001635,imp_00015117,2026-09-10 04:55:44,usr_000027,merch_0040,feed_banner_top
clk_0003512,imp_00033398,2026-09-10 04:56:28,usr_002603,merch_0169,post_order_carousel
clk_0003792,imp_00036028,2026-09-10 05:10:37,usr_003791,merch_0092,category_highlight
clk_0004420,imp_00041809,2026-09-10 05:10:43,usr_001261,merch_0052,search_sponsored_item
clk_0000526,imp_00004754,2026-09-10 05:12:22,usr_002480,merch_0052,search_sponsored_item
clk_0004406,imp_00041683,2026-09-10 05:24:24,usr_002263,merch_0036,search_sponsored_item
clk_0004207,imp_00039628,2026-09-10 05:27:40,usr_001001,merch_0162,search_sponsored_item
clk_0001363,imp_00012624,2026-09-10 05:30:20,usr_001235,merch_0083,search_sponsored_item
clk_0003101,imp_00029482,2026-09-10 05:35:40,usr_001622,merch_0142,search_sponsored_item
clk_0005483,imp_00051741,2026-09-10 05:55:20,usr_002159,merch_0044,search_sponsored_item
clk_0003475,imp_00033074,2026-09-10 06:07:18,usr_002427,merch_0060,search_sponsored_item
clk_0000541,imp_00004898,2026-09-10 06:07:47,usr_003246,merch_0092,search_sponsored_item
clk_0003381,imp_00032164,2026-09-10 06:16:23,usr_002310,merch_0183,search_sponsored_item
clk_0005417,imp_00051076,2026-09-10 06:31:53,usr_001006,merch_0036,post_order_carousel
clk_0005091,imp_00047903,2026-09-10 06:47:08,usr_000002,merch_0138,feed_banner_top
clk_0004690,imp_00044252,2026-09-10 06:56:25,usr_004226,merch_0004,search_sponsored_item
clk_0002716,imp_00025705,2026-09-10 07:12:24,usr_003573,merch_0016,search_sponsored_item
clk_0004157,imp_00039155,2026-09-10 07:22:51,usr_002239,merch_0117,feed_banner_top
clk_0000464,imp_00004307,2026-09-10 07:31:53,usr_001846,merch_0077,post_order_carousel
clk_0004339,imp_00040995,2026-09-10 07:32:58,usr_001418,merch_0034,search_sponsored_item
clk_0000583,imp_00005357,2026-09-10 07:33:46,usr_004733,merch_0071,search_sponsored_item
clk_0004961,imp_00046606,2026-09-10 07:41:30,usr_000162,merch_0058,search_sponsored_item
clk_0003249,imp_00030928,2026-09-10 07:45:53,usr_002731,merch_0086,post_order_carousel
clk_0003149,imp_00029936,2026-09-10 07:51:31,usr_001548,merch_0131,search_sponsored_item
clk_0000834,imp_00007815,2026-09-10 07:56:08,usr_003218,merch_0069,search_sponsored_item
clk_0001224,imp_00011410,2026-09-10 08:02:23,usr_003347,merch_0077,category_highlight
clk_0005675,imp_00053531,2026-09-10 08:06:15,usr_000652,merch_0110,search_sponsored_item
clk_0000454,imp_00004144,2026-09-10 08:25:21,usr_003247,merch_0161,search_sponsored_item
clk_0001893,imp_00017452,2026-09-10 09:04:14,usr_002479,merch_0138,search_sponsored_item
clk_0004546,imp_00042929,2026-09-10 09:07:17,usr_004140,merch_0103,feed_banner_top
clk_0006016,imp_00056767,2026-09-10 09:29:14,usr_001041,merch_0154,search_sponsored_item
clk_0005559,imp_00052435,2026-09-10 09:36:17,usr_001108,merch_0094,category_highlight
clk_0002651,imp_00024961,2026-09-10 09:51:57,usr_002282,merch_0165,search_sponsored_item
clk_0003476,imp_00033077,2026-09-10 09:53:10,usr_001859,merch_0138,category_highlight
clk_0004322,imp_00040785,2026-09-10 09:55:17,usr_000422,merch_0037,search_sponsored_item
clk_0000182,imp_00001690,2026-09-10 09:57:34,usr_000884,merch_0056,feed_banner_top
clk_0005942,imp_00056049,2026-09-10 10:48:36,usr_004611,merch_0103,feed_banner_top
clk_0002239,imp_00021010,2026-09-10 10:55:14,usr_001516,merch_0079,feed_banner_top
clk_0005930,imp_00055892,2026-09-10 11:24:33,usr_000191,merch_0147,search_sponsored_item
clk_0001975,imp_00018268,2026-09-10 11:44:56,usr_001086,merch_0188,search_sponsored_item
clk_0004919,imp_00046268,2026-09-10 12:12:10,usr_002272,merch_0147,search_sponsored_item
clk_0005882,imp_00055360,2026-09-10 12:22:12,usr_001002,merch_0015,category_highlight
clk_0000625,imp_00005702,2026-09-10 12:34:51,usr_000765,merch_0015,feed_banner_top
clk_0003988,imp_00037659,2026-09-10 13:00:33,usr_000299,merch_0092,post_order_carousel
clk_0003956,imp_00037409,2026-09-10 13:05:38,usr_000905,merch_0045,post_order_carousel
clk_0002133,imp_00019885,2026-09-10 13:08:40,usr_002742,merch_0138,search_sponsored_item
clk_0004957,imp_00046555,2026-09-10 13:17:41,usr_000325,merch_0039,feed_banner_top
clk_0004257,imp_00040132,2026-09-10 13:30:59,usr_003700,merch_0017,search_sponsored_item
clk_0001523,imp_00014100,2026-09-10 13:38:22,usr_004541,merch_0125,search_sponsored_item
clk_0004464,imp_00042202,2026-09-10 13:51:42,usr_002893,merch_0178,search_sponsored_item
clk_0000006,imp_00000045,2026-09-10 14:02:40,usr_000415,merch_0161,search_sponsored_item
clk_0000083,imp_00000778,2026-09-10 14:09:10,usr_000393,merch_0199,search_sponsored_item
clk_0006043,imp_00057020,2026-09-10 14:09:12,usr_002404,merch_0165,feed_banner_top
clk_0001186,imp_00011152,2026-09-10 14:24:21,usr_003072,merch_0130,feed_banner_top
clk_0005568,imp_00052539,2026-09-10 14:31:32,usr_001153,merch_0036,category_highlight
clk_0000674,imp_00006260,2026-09-10 14:36:44,usr_003249,merch_0148,search_sponsored_item
clk_0000287,imp_00002703,2026-09-10 14:38:43,usr_000820,merch_0135,search_sponsored_item
clk_0002296,imp_00021560,2026-09-10 14:42:48,usr_003721,merch_0060,post_order_carousel
clk_0001449,imp_00013367,2026-09-10 14:46:01,usr_001570,merch_0016,feed_banner_top
clk_0003373,imp_00032072,2026-09-10 15:04:54,usr_000996,merch_0142,feed_banner_top
clk_0003827,imp_00036321,2026-09-10 15:26:58,usr_001713,merch_0131,search_sponsored_item
clk_0005089,imp_00047894,2026-09-10 15:40:44,usr_003916,merch_0162,feed_banner_top
clk_0004055,imp_00038255,2026-09-10 15:44:20,usr_003925,merch_0056,search_sponsored_item
clk_0006312,imp_00059945,2026-09-10 16:21:54,usr_004560,merch_0092,search_sponsored_item
clk_0003629,imp_00034563,2026-09-10 16:38:09,usr_003524,merch_0147,feed_banner_top
clk_0003196,imp_00030437,2026-09-10 16:41:35,usr_004609,merch_0031,post_order_carousel
clk_0004975,imp_00046744,2026-09-10 16:49:02,usr_004375,merch_0041,post_order_carousel
clk_0006096,imp_00057678,2026-09-10 16:53:36,usr_004042,merch_0183,search_sponsored_item
clk_0001691,imp_00015592,2026-09-10 16:54:59,usr_004680,merch_0165,search_sponsored_item
clk_0002470,imp_00023175,2026-09-10 17:18:10,usr_003242,merch_0138,search_sponsored_item
clk_0002301,imp_00021641,2026-09-10 17:32:11,usr_004510,merch_0162,post_order_carousel
clk_0005701,imp_00053758,2026-09-10 17:47:32,usr_002881,merch_0178,post_order_carousel
clk_0001138,imp_00010600,2026-09-10 17:49:21,usr_002453,merch_0124,post_order_carousel
clk_0004417,imp_00041788,2026-09-10 17:52:06,usr_000582,merch_0131,search_sponsored_item
clk_0002477,imp_00023218,2026-09-10 17:58:50,usr_000939,merch_0036,feed_banner_top
clk_0001466,imp_00013525,2026-09-10 18:07:37,usr_001225,merch_0036,search_sponsored_item
clk_0005139,imp_00048295,2026-09-10 18:26:21,usr_001298,merch_0004,category_highlight
clk_0002315,imp_00021765,2026-09-10 18:42:25,usr_000814,merch_0085,search_sponsored_item
clk_0002019,imp_00018702,2026-09-10 18:51:26,usr_003111,merch_0071,search_sponsored_item
clk_0003545,imp_00033756,2026-09-10 19:04:39,usr_002060,merch_0178,feed_banner_top
clk_0003472,imp_00033049,2026-09-10 19:05:22,usr_000869,merch_0181,post_order_carousel
clk_0005711,imp_00053845,2026-09-10 19:07:49,usr_002930,merch_0062,search_sponsored_item
clk_0003663,imp_00034965,2026-09-10 19:12:38,usr_004543,merch_0148,search_sponsored_item
clk_0003465,imp_00032993,2026-09-10 19:20:50,usr_001309,merch_0147,feed_banner_top
clk_0006038,imp_00056988,2026-09-10 19:43:33,usr_000227,merch_0111,post_order_carousel
clk_0003401,imp_00032346,2026-09-10 19:45:46,usr_003932,merch_0103,feed_banner_top
clk_0005934,imp_00055908,2026-09-10 20:25:12,usr_000074,merch_0079,category_highlight
clk_0002330,imp_00021920,2026-09-10 20:39:36,usr_000662,merch_0181,search_sponsored_item
clk_0005465,imp_00051571,2026-09-10 20:47:04,usr_003388,merch_0032,feed_banner_top
clk_0004880,imp_00045823,2026-09-10 21:13:26,usr_001565,merch_0168,search_sponsored_item
clk_0002353,imp_00022118,2026-09-10 21:18:56,usr_000657,merch_0092,post_order_carousel
clk_0000591,imp_00005422,2026-09-10 21:26:27,usr_003866,merch_0124,search_sponsored_item
clk_0002106,imp_00019599,2026-09-10 21:36:14,usr_001309,merch_0148,search_sponsored_item
clk_0004022,imp_00037945,2026-09-10 21:45:18,usr_004071,merch_0130,category_highlight
clk_0004848,imp_00045554,2026-09-10 22:02:24,usr_000007,merch_0025,feed_banner_top
clk_0002002,imp_00018571,2026-09-10 22:05:56,usr_002125,merch_0089,feed_banner_top
clk_0004147,imp_00039069,2026-09-10 22:09:31,usr_003082,merch_0001,search_sponsored_item
clk_0003412,imp_00032491,2026-09-10 22:12:01,usr_001506,merch_0140,feed_banner_top
clk_0001408,imp_00013035,2026-09-10 22:28:34,usr_001948,merch_0058,search_sponsored_item
clk_0005371,imp_00050642,2026-09-10 22:40:38,usr_000037,merch_0044,feed_banner_top
clk_0001492,imp_00013753,2026-09-10 22:45:39,usr_001802,merch_0086,feed_banner_top
clk_0001533,imp_00014135,2026-09-10 22:49:19,usr_003090,merch_0077,search_sponsored_item
clk_0002946,imp_00028000,2026-09-10 22:58:38,usr_003394,merch_0024,post_order_carousel
clk_0003168,imp_00030076,2026-09-10 23:10:51,usr_001934,merch_0154,feed_banner_top
clk_0003005,imp_00028520,2026-09-10 23:22:52,usr_001398,merch_0024,search_sponsored_item
clk_0006211,imp_00058953,2026-09-10 23:39:22,usr_001822,merch_0199,post_order_carousel
clk_0004735,imp_00044666,2026-09-11 00:07:36,usr_001853,merch_0025,feed_banner_top
clk_0004118,imp_00038721,2026-09-11 00:10:43,usr_001761,merch_0125,search_sponsored_item
clk_0002271,imp_00021289,2026-09-11 00:11:30,usr_002686,merch_0135,search_sponsored_item
clk_0003072,imp_00029175,2026-09-11 00:16:33,usr_003284,merch_0097,search_sponsored_item
clk_0004231,imp_00039807,2026-09-11 00:20:11,usr_000087,merch_0058,post_order_carousel
clk_0004057,imp_00038263,2026-09-11 00:30:29,usr_001459,merch_0083,feed_banner_top
clk_0006159,imp_00058310,2026-09-11 00:34:29,usr_000231,merch_0147,feed_banner_top
clk_0002475,imp_00023190,2026-09-11 00:40:35,usr_001059,merch_0174,feed_banner_top
clk_0000606,imp_00005554,2026-09-11 00:44:21,usr_001112,merch_0085,feed_banner_top
clk_0003518,imp_00033440,2026-09-11 00:49:20,usr_000846,merch_0138,search_sponsored_item
clk_0004107,imp_00038598,2026-09-11 00:54:03,usr_004028,merch_0186,feed_banner_top
clk_0002723,imp_00025755,2026-09-11 01:07:29,usr_004429,merch_0161,feed_banner_top
clk_0001038,imp_00009616,2026-09-11 01:12:21,usr_001192,merch_0178,search_sponsored_item
clk_0000741,imp_00006906,2026-09-11 01:27:38,usr_004959,merch_0033,search_sponsored_item
clk_0000607,imp_00005555,2026-09-11 01:29:59,usr_000783,merch_0039,search_sponsored_item
clk_0005343,imp_00050276,2026-09-11 01:52:44,usr_004844,merch_0163,post_order_carousel
clk_0004356,imp_00041121,2026-09-11 01:53:07,usr_004282,merch_0097,category_highlight
clk_0005713,imp_00053856,2026-09-11 02:20:23,usr_000603,merch_0161,search_sponsored_item
clk_0004280,imp_00040317,2026-09-11 02:25:07,usr_002808,merch_0125,search_sponsored_item
clk_0002309,imp_00021743,2026-09-11 02:33:25,usr_000961,merch_0142,feed_banner_top
clk_0001170,imp_00010988,2026-09-11 02:43:03,usr_003990,merch_0135,search_sponsored_item
clk_0005683,imp_00053595,2026-09-11 02:55:40,usr_001837,merch_0200,search_sponsored_item
clk_0000038,imp_00000388,2026-09-11 03:01:48,usr_003856,merch_0023,post_order_carousel
clk_0003245,imp_00030862,2026-09-11 03:28:55,usr_004573,merch_0124,post_order_carousel
clk_0005006,imp_00047033,2026-09-11 03:51:05,usr_001405,merch_0112,feed_banner_top
clk_0002585,imp_00024242,2026-09-11 04:01:04,usr_004784,merch_0033,search_sponsored_item
clk_0004614,imp_00043585,2026-09-11 04:10:11,usr_002237,merch_0069,feed_banner_top
clk_0004321,imp_00040771,2026-09-11 04:11:00,usr_003710,merch_0089,feed_banner_top
clk_0003604,imp_00034343,2026-09-11 04:11:06,usr_003143,merch_0186,search_sponsored_item
clk_0003197,imp_00030457,2026-09-11 04:20:48,usr_000070,merch_0183,search_sponsored_item
clk_0005947,imp_00056118,2026-09-11 04:42:34,usr_003671,merch_0085,feed_banner_top
clk_0003707,imp_00035297,2026-09-11 04:51:40,usr_003483,merch_0188,search_sponsored_item
clk_0003735,imp_00035446,2026-09-11 05:12:05,usr_001609,merch_0052,category_highlight
clk_0003300,imp_00031345,2026-09-11 05:12:46,usr_000999,merch_0036,search_sponsored_item
clk_0002616,imp_00024574,2026-09-11 05:24:59,usr_000655,merch_0036,feed_banner_top
clk_0004852,imp_00045606,2026-09-11 05:31:30,usr_001514,merch_0049,search_sponsored_item
clk_0000892,imp_00008345,2026-09-11 05:35:10,usr_000186,merch_0152,category_highlight
clk_0006023,imp_00056857,2026-09-11 05:37:06,usr_002913,merch_0138,category_highlight
clk_0006140,imp_00058180,2026-09-11 05:53:55,usr_003810,merch_0092,feed_banner_top
clk_0001302,imp_00012112,2026-09-11 05:55:44,usr_001133,merch_0100,post_order_carousel
clk_0004924,imp_00046338,2026-09-11 06:05:47,usr_002631,merch_0052,search_sponsored_item
clk_0002571,imp_00024135,2026-09-11 06:14:21,usr_002341,merch_0040,search_sponsored_item
clk_0003974,imp_00037522,2026-09-11 06:17:49,usr_004056,merch_0128,feed_banner_top
clk_0005048,imp_00047490,2026-09-11 06:28:56,usr_002555,merch_0138,search_sponsored_item
clk_0002051,imp_00019058,2026-09-11 06:34:13,usr_003232,merch_0154,feed_banner_top
clk_0004908,imp_00046137,2026-09-11 06:47:36,usr_003283,merch_0125,search_sponsored_item
clk_0000750,imp_00007000,2026-09-11 06:53:44,usr_001766,merch_0033,search_sponsored_item
clk_0004678,imp_00044158,2026-09-11 07:00:51,usr_001158,merch_0062,post_order_carousel
clk_0005995,imp_00056577,2026-09-11 07:01:32,usr_003827,merch_0161,search_sponsored_item
clk_0002049,imp_00019045,2026-09-11 07:03:31,usr_003295,merch_0039,feed_banner_top
clk_0005544,imp_00052340,2026-09-11 07:08:33,usr_000443,merch_0154,feed_banner_top
clk_0001683,imp_00015521,2026-09-11 07:15:40,usr_001877,merch_0071,post_order_carousel
clk_0004753,imp_00044781,2026-09-11 07:16:33,usr_001733,merch_0056,feed_banner_top
clk_0005077,imp_00047753,2026-09-11 07:16:51,usr_002017,merch_0036,search_sponsored_item
clk_0004561,imp_00043094,2026-09-11 07:21:19,usr_000367,merch_0015,feed_banner_top
clk_0000723,imp_00006720,2026-09-11 07:45:44,usr_000073,merch_0004,search_sponsored_item
clk_0006305,imp_00059894,2026-09-11 07:47:14,usr_000416,merch_0079,feed_banner_top
clk_0005591,imp_00052789,2026-09-11 07:55:55,usr_002912,merch_0144,feed_banner_top
clk_0002332,imp_00021929,2026-09-11 08:19:42,usr_000214,merch_0069,search_sponsored_item
clk_0004200,imp_00039549,2026-09-11 08:30:09,usr_004161,merch_0077,search_sponsored_item
clk_0005385,imp_00050819,2026-09-11 08:38:47,usr_003316,merch_0032,feed_banner_top
clk_0000913,imp_00008538,2026-09-11 08:43:39,usr_000197,merch_0094,post_order_carousel
clk_0002424,imp_00022869,2026-09-11 08:47:12,usr_004155,merch_0097,search_sponsored_item
clk_0006282,imp_00059629,2026-09-11 08:59:46,usr_001954,merch_0030,search_sponsored_item
clk_0006315,imp_00060000,2026-09-11 09:09:30,usr_004209,merch_0031,category_highlight
clk_0000033,imp_00000357,2026-09-11 09:37:05,usr_004024,merch_0052,feed_banner_top
clk_0002944,imp_00027985,2026-09-11 09:48:39,usr_002109,merch_0112,category_highlight
clk_0005290,imp_00049778,2026-09-11 09:53:48,usr_001105,merch_0097,search_sponsored_item
clk_0002700,imp_00025536,2026-09-11 10:37:03,usr_003069,merch_0045,feed_banner_top
clk_0000632,imp_00005812,2026-09-11 10:46:13,usr_001457,merch_0033,feed_banner_top
clk_0003269,imp_00031131,2026-09-11 10:54:22,usr_004681,merch_0163,search_sponsored_item
clk_0002326,imp_00021866,2026-09-11 10:57:56,usr_002350,merch_0183,post_order_carousel
clk_0005862,imp_00055218,2026-09-11 11:00:34,usr_001109,merch_0165,feed_banner_top
clk_0001123,imp_00010485,2026-09-11 11:02:22,usr_003492,merch_0059,search_sponsored_item
clk_0006041,imp_00057011,2026-09-11 11:16:37,usr_003263,merch_0094,feed_banner_top
clk_0004964,imp_00046656,2026-09-11 11:19:48,usr_001191,merch_0039,feed_banner_top
clk_0000787,imp_00007387,2026-09-11 11:32:46,usr_001792,merch_0110,search_sponsored_item
clk_0000371,imp_00003477,2026-09-11 11:43:39,usr_002228,merch_0017,search_sponsored_item
clk_0002032,imp_00018826,2026-09-11 11:56:13,usr_004666,merch_0072,search_sponsored_item
clk_0004576,imp_00043252,2026-09-11 11:56:40,usr_004000,merch_0183,search_sponsored_item
clk_0004802,imp_00045214,2026-09-11 12:02:54,usr_002236,merch_0076,post_order_carousel
clk_0006098,imp_00057686,2026-09-11 12:16:26,usr_001688,merch_0062,post_order_carousel
clk_0001276,imp_00011832,2026-09-11 12:32:21,usr_000421,merch_0163,feed_banner_top
clk_0000631,imp_00005791,2026-09-11 12:34:41,usr_004067,merch_0058,search_sponsored_item
clk_0004900,imp_00046049,2026-09-11 13:09:42,usr_003306,merch_0004,search_sponsored_item
clk_0003265,imp_00031094,2026-09-11 13:11:53,usr_002985,merch_0092,search_sponsored_item
clk_0004048,imp_00038165,2026-09-11 14:14:22,usr_001448,merch_0023,feed_banner_top
clk_0002281,imp_00021367,2026-09-11 14:22:30,usr_003398,merch_0025,search_sponsored_item
clk_0005284,imp_00049735,2026-09-11 14:31:53,usr_003999,merch_0036,search_sponsored_item
clk_0002001,imp_00018566,2026-09-11 14:32:45,usr_002966,merch_0030,post_order_carousel
clk_0000937,imp_00008708,2026-09-11 14:35:11,usr_001030,merch_0103,search_sponsored_item
clk_0002204,imp_00020713,2026-09-11 14:59:30,usr_001377,merch_0041,search_sponsored_item
clk_0000650,imp_00006028,2026-09-11 15:18:36,usr_003748,merch_0168,category_highlight
clk_0003094,imp_00029434,2026-09-11 15:19:57,usr_002811,merch_0186,feed_banner_top
clk_0005320,imp_00050018,2026-09-11 15:20:44,usr_000089,merch_0056,search_sponsored_item
clk_0004646,imp_00043839,2026-09-11 15:24:47,usr_000871,merch_0140,search_sponsored_item
clk_0001612,imp_00014930,2026-09-11 15:37:44,usr_001294,merch_0135,category_highlight
clk_0001871,imp_00017272,2026-09-11 15:47:40,usr_001567,merch_0077,search_sponsored_item
clk_0000688,imp_00006372,2026-09-11 15:47:54,usr_002504,merch_0045,feed_banner_top
clk_0004314,imp_00040663,2026-09-11 15:57:55,usr_002063,merch_0161,search_sponsored_item
clk_0004263,imp_00040175,2026-09-11 16:06:19,usr_003314,merch_0079,post_order_carousel
clk_0003947,imp_00037335,2026-09-11 16:18:19,usr_003197,merch_0056,search_sponsored_item
clk_0003882,imp_00036811,2026-09-11 16:21:00,usr_003490,merch_0196,feed_banner_top
clk_0002671,imp_00025239,2026-09-11 16:22:29,usr_004470,merch_0183,post_order_carousel
clk_0000585,imp_00005359,2026-09-11 16:31:36,usr_003139,merch_0149,search_sponsored_item
clk_0001910,imp_00017596,2026-09-11 16:40:21,usr_004505,merch_0058,search_sponsored_item
clk_0005738,imp_00054084,2026-09-11 17:02:31,usr_000171,merch_0154,search_sponsored_item
clk_0005949,imp_00056127,2026-09-11 17:03:46,usr_001342,merch_0196,post_order_carousel
clk_0005410,imp_00051021,2026-09-11 17:21:40,usr_002782,merch_0052,feed_banner_top
clk_0004670,imp_00044080,2026-09-11 17:28:09,usr_004155,merch_0174,search_sponsored_item
clk_0004237,imp_00039866,2026-09-11 17:38:24,usr_001403,merch_0135,search_sponsored_item
clk_0000386,imp_00003650,2026-09-11 17:48:10,usr_004300,merch_0083,post_order_carousel
clk_0003782,imp_00035896,2026-09-11 18:03:20,usr_001589,merch_0147,post_order_carousel
clk_0004824,imp_00045383,2026-09-11 18:05:23,usr_000124,merch_0044,feed_banner_top
clk_0001626,imp_00015059,2026-09-11 18:18:51,usr_002622,merch_0147,search_sponsored_item
clk_0001121,imp_00010441,2026-09-11 18:24:35,usr_003274,merch_0039,feed_banner_top
clk_0001778,imp_00016415,2026-09-11 18:25:52,usr_000099,merch_0032,feed_banner_top
clk_0005287,imp_00049760,2026-09-11 18:26:13,usr_002185,merch_0039,feed_banner_top
clk_0005272,imp_00049600,2026-09-11 18:30:16,usr_002740,merch_0135,category_highlight
clk_0002818,imp_00026753,2026-09-11 18:44:57,usr_000500,merch_0174,search_sponsored_item
clk_0006108,imp_00057787,2026-09-11 18:48:56,usr_003070,merch_0023,feed_banner_top
clk_0003570,imp_00033964,2026-09-11 19:03:42,usr_001586,merch_0163,feed_banner_top
clk_0003791,imp_00036014,2026-09-11 19:12:51,usr_003912,merch_0045,search_sponsored_item
clk_0004742,imp_00044732,2026-09-11 19:15:45,usr_001264,merch_0058,feed_banner_top
clk_0001877,imp_00017305,2026-09-11 19:38:46,usr_004041,merch_0178,feed_banner_top
clk_0003709,imp_00035308,2026-09-11 19:39:45,usr_000245,merch_0165,search_sponsored_item
clk_0004256,imp_00040122,2026-09-11 19:48:36,usr_002786,merch_0097,search_sponsored_item
clk_0000711,imp_00006534,2026-09-11 19:50:57,usr_004245,merch_0154,feed_banner_top
clk_0004452,imp_00042127,2026-09-11 20:07:49,usr_004874,merch_0040,search_sponsored_item
clk_0003058,imp_00029089,2026-09-11 20:12:19,usr_001355,merch_0142,search_sponsored_item
clk_0002379,imp_00022355,2026-09-11 20:13:02,usr_000254,merch_0148,post_order_carousel
clk_0000544,imp_00004949,2026-09-11 20:19:43,usr_003959,merch_0149,feed_banner_top
clk_0001252,imp_00011631,2026-09-11 20:21:42,usr_001411,merch_0040,search_sponsored_item
clk_0004340,imp_00041006,2026-09-11 20:42:59,usr_000429,merch_0170,category_highlight
clk_0004213,imp_00039705,2026-09-11 20:49:44,usr_003520,merch_0161,post_order_carousel
clk_0005780,imp_00054534,2026-09-11 21:07:26,usr_002661,merch_0060,feed_banner_top
clk_0004641,imp_00043808,2026-09-11 21:35:41,usr_000042,merch_0181,post_order_carousel
clk_0001913,imp_00017631,2026-09-11 21:44:11,usr_004314,merch_0017,post_order_carousel
clk_0005281,imp_00049709,2026-09-11 21:49:30,usr_001557,merch_0058,category_highlight
clk_0004581,imp_00043306,2026-09-11 21:57:36,usr_003325,merch_0039,search_sponsored_item
clk_0004202,imp_00039581,2026-09-11 22:05:32,usr_002585,merch_0147,search_sponsored_item
clk_0004709,imp_00044429,2026-09-11 22:13:57,usr_004657,merch_0147,post_order_carousel
clk_0001974,imp_00018265,2026-09-11 22:14:10,usr_003221,merch_0094,search_sponsored_item
clk_0005640,imp_00053185,2026-09-11 22:14:29,usr_001441,merch_0030,post_order_carousel
clk_0006102,imp_00057724,2026-09-11 22:25:00,usr_004183,merch_0103,search_sponsored_item
clk_0001768,imp_00016307,2026-09-11 22:47:03,usr_001238,merch_0044,feed_banner_top
clk_0005784,imp_00054555,2026-09-11 22:48:44,usr_000720,merch_0097,search_sponsored_item
clk_0006185,imp_00058597,2026-09-11 22:51:40,usr_003429,merch_0165,feed_banner_top
clk_0004847,imp_00045547,2026-09-11 22:56:11,usr_000991,merch_0041,feed_banner_top
clk_0000240,imp_00002260,2026-09-11 23:00:35,usr_002381,merch_0150,search_sponsored_item
clk_0005959,imp_00056221,2026-09-11 23:02:45,usr_000479,merch_0056,search_sponsored_item
clk_0002680,imp_00025314,2026-09-11 23:05:05,usr_004180,merch_0037,search_sponsored_item
clk_0001372,imp_00012706,2026-09-11 23:05:55,usr_000813,merch_0092,search_sponsored_item
clk_0003630,imp_00034566,2026-09-11 23:16:23,usr_000303,merch_0200,search_sponsored_item
clk_0003844,imp_00036487,2026-09-11 23:20:52,usr_002581,merch_0112,feed_banner_top
clk_0004607,imp_00043537,2026-09-11 23:26:23,usr_000930,merch_0071,feed_banner_top
clk_0005906,imp_00055565,2026-09-11 23:42:53,usr_002431,merch_0030,search_sponsored_item
clk_0002897,imp_00027504,2026-09-11 23:43:00,usr_004160,merch_0037,feed_banner_top
clk_0003820,imp_00036231,2026-09-11 23:53:14,usr_000491,merch_0025,feed_banner_top
clk_0004437,imp_00041958,2026-09-11 23:59:35,usr_004649,merch_0092,search_sponsored_item
clk_0005507,imp_00052003,2026-09-12 00:10:56,usr_000555,merch_0077,feed_banner_top
clk_0005993,imp_00056539,2026-09-12 00:12:59,usr_003379,merch_0085,search_sponsored_item
clk_0001513,imp_00013971,2026-09-12 00:16:43,usr_000231,merch_0044,feed_banner_top
clk_0001218,imp_00011360,2026-09-12 00:34:15,usr_004679,merch_0047,feed_banner_top
clk_0000129,imp_00001212,2026-09-12 00:35:52,usr_002943,merch_0069,feed_banner_top
clk_0002524,imp_00023668,2026-09-12 00:37:13,usr_002711,merch_0023,search_sponsored_item
clk_0004345,imp_00041037,2026-09-12 00:47:19,usr_002489,merch_0117,category_highlight
clk_0002285,imp_00021397,2026-09-12 00:56:12,usr_004286,merch_0174,search_sponsored_item
clk_0004415,imp_00041780,2026-09-12 01:01:01,usr_000672,merch_0152,category_highlight
clk_0003048,imp_00028948,2026-09-12 01:07:05,usr_000103,merch_0131,search_sponsored_item
clk_0001739,imp_00016050,2026-09-12 01:13:06,usr_003758,merch_0147,search_sponsored_item
clk_0000487,imp_00004463,2026-09-12 01:13:32,usr_004028,merch_0040,feed_banner_top
clk_0000430,imp_00003967,2026-09-12 01:14:11,usr_004171,merch_0058,category_highlight
clk_0001619,imp_00015001,2026-09-12 01:24:52,usr_001939,merch_0162,search_sponsored_item
clk_0002240,imp_00021024,2026-09-12 01:45:35,usr_002595,merch_0016,feed_banner_top
clk_0005997,imp_00056586,2026-09-12 01:48:50,usr_004889,merch_0186,feed_banner_top
clk_0002314,imp_00021761,2026-09-12 01:53:53,usr_001614,merch_0165,feed_banner_top
clk_0001116,imp_00010388,2026-09-12 01:59:28,usr_002173,merch_0097,feed_banner_top
clk_0002497,imp_00023428,2026-09-12 02:00:58,usr_004449,merch_0056,post_order_carousel
clk_0004328,imp_00040869,2026-09-12 02:48:40,usr_001622,merch_0086,search_sponsored_item
clk_0002764,imp_00026140,2026-09-12 03:09:02,usr_002913,merch_0150,category_highlight
clk_0000222,imp_00002103,2026-09-12 03:19:47,usr_003879,merch_0094,search_sponsored_item
clk_0005276,imp_00049657,2026-09-12 03:25:43,usr_000359,merch_0079,feed_banner_top
clk_0006165,imp_00058396,2026-09-12 03:32:52,usr_004914,merch_0103,feed_banner_top
clk_0003918,imp_00037121,2026-09-12 03:42:06,usr_004516,merch_0069,category_highlight
clk_0004625,imp_00043702,2026-09-12 03:46:03,usr_000736,merch_0001,feed_banner_top
clk_0001633,imp_00015110,2026-09-12 04:02:02,usr_003157,merch_0117,feed_banner_top
clk_0004254,imp_00040087,2026-09-12 04:03:23,usr_004312,merch_0001,search_sponsored_item
clk_0006151,imp_00058233,2026-09-12 04:07:59,usr_000558,merch_0058,search_sponsored_item
clk_0003154,imp_00029958,2026-09-12 04:51:15,usr_001721,merch_0150,category_highlight
clk_0003077,imp_00029246,2026-09-12 05:12:58,usr_003800,merch_0017,search_sponsored_item
clk_0000590,imp_00005405,2026-09-12 05:22:45,usr_001310,merch_0112,search_sponsored_item
clk_0006243,imp_00059284,2026-09-12 05:34:10,usr_004442,merch_0178,search_sponsored_item
clk_0005480,imp_00051686,2026-09-12 05:48:01,usr_003640,merch_0047,search_sponsored_item
clk_0001139,imp_00010620,2026-09-12 06:04:06,usr_000209,merch_0041,search_sponsored_item
clk_0001628,imp_00015069,2026-09-12 06:13:02,usr_002126,merch_0112,search_sponsored_item
clk_0001043,imp_00009667,2026-09-12 06:25:26,usr_000438,merch_0162,feed_banner_top
clk_0004353,imp_00041084,2026-09-12 06:30:06,usr_000712,merch_0058,search_sponsored_item
clk_0002887,imp_00027445,2026-09-12 06:39:10,usr_004955,merch_0186,feed_banner_top
clk_0003185,imp_00030312,2026-09-12 06:43:44,usr_000739,merch_0031,search_sponsored_item
clk_0004034,imp_00038053,2026-09-12 06:56:21,usr_001508,merch_0086,feed_banner_top
clk_0001931,imp_00017787,2026-09-12 07:15:16,usr_003836,merch_0111,post_order_carousel
clk_0000891,imp_00008343,2026-09-12 07:36:55,usr_002900,merch_0199,search_sponsored_item
clk_0005153,imp_00048412,2026-09-12 07:58:11,usr_003279,merch_0186,feed_banner_top
clk_0005028,imp_00047282,2026-09-12 07:59:12,usr_004322,merch_0140,feed_banner_top
clk_0000049,imp_00000457,2026-09-12 08:12:08,usr_003658,merch_0124,search_sponsored_item
clk_0002368,imp_00022232,2026-09-12 08:14:30,usr_002662,merch_0036,feed_banner_top
clk_0004354,imp_00041090,2026-09-12 08:23:43,usr_002784,merch_0100,feed_banner_top
clk_0001052,imp_00009771,2026-09-12 08:42:59,usr_004433,merch_0092,search_sponsored_item
clk_0002140,imp_00019969,2026-09-12 09:02:14,usr_003560,merch_0196,post_order_carousel
clk_0002026,imp_00018807,2026-09-12 09:05:33,usr_003477,merch_0077,search_sponsored_item
clk_0006120,imp_00057984,2026-09-12 09:07:07,usr_004768,merch_0033,feed_banner_top
clk_0003976,imp_00037560,2026-09-12 09:11:25,usr_004868,merch_0100,search_sponsored_item
clk_0002796,imp_00026491,2026-09-12 09:15:57,usr_002419,merch_0149,feed_banner_top
clk_0003489,imp_00033183,2026-09-12 09:32:35,usr_004872,merch_0154,search_sponsored_item
clk_0000311,imp_00002954,2026-09-12 09:32:46,usr_003159,merch_0036,search_sponsored_item
clk_0005797,imp_00054700,2026-09-12 09:33:23,usr_001402,merch_0023,search_sponsored_item
clk_0000194,imp_00001864,2026-09-12 09:37:51,usr_002640,merch_0071,category_highlight
clk_0004579,imp_00043291,2026-09-12 10:04:35,usr_001267,merch_0186,search_sponsored_item
clk_0004468,imp_00042209,2026-09-12 10:37:41,usr_001739,merch_0037,category_highlight
clk_0005776,imp_00054488,2026-09-12 10:48:49,usr_001552,merch_0016,search_sponsored_item
clk_0006061,imp_00057279,2026-09-12 11:27:00,usr_000737,merch_0112,feed_banner_top
clk_0005510,imp_00052023,2026-09-12 11:31:19,usr_003721,merch_0128,feed_banner_top
clk_0002578,imp_00024186,2026-09-12 11:36:43,usr_003219,merch_0168,search_sponsored_item
clk_0004086,imp_00038450,2026-09-12 11:41:10,usr_000729,merch_0032,search_sponsored_item
clk_0001829,imp_00016914,2026-09-12 11:53:26,usr_000740,merch_0148,search_sponsored_item
clk_0004488,imp_00042392,2026-09-12 11:57:26,usr_000911,merch_0083,search_sponsored_item
clk_0002167,imp_00020322,2026-09-12 12:09:53,usr_003323,merch_0128,search_sponsored_item
clk_0006143,imp_00058203,2026-09-12 12:10:50,usr_000285,merch_0025,search_sponsored_item
clk_0003438,imp_00032729,2026-09-12 12:54:46,usr_001033,merch_0094,post_order_carousel
clk_0001671,imp_00015447,2026-09-12 13:03:57,usr_001702,merch_0077,post_order_carousel
clk_0003939,imp_00037280,2026-09-12 13:10:27,usr_001284,merch_0045,feed_banner_top
clk_0005311,imp_00049910,2026-09-12 13:34:54,usr_003392,merch_0092,post_order_carousel
clk_0003589,imp_00034207,2026-09-12 13:42:27,usr_001755,merch_0024,feed_banner_top
clk_0002670,imp_00025231,2026-09-12 13:45:06,usr_002321,merch_0056,feed_banner_top
clk_0000575,imp_00005236,2026-09-12 13:45:31,usr_001244,merch_0135,search_sponsored_item
clk_0004019,imp_00037908,2026-09-12 13:56:25,usr_004282,merch_0147,category_highlight
clk_0004843,imp_00045522,2026-09-12 13:59:55,usr_002744,merch_0178,feed_banner_top
clk_0005746,imp_00054143,2026-09-12 14:15:04,usr_000459,merch_0131,feed_banner_top
clk_0002725,imp_00025774,2026-09-12 14:35:30,usr_003687,merch_0178,feed_banner_top
clk_0003413,imp_00032493,2026-09-12 15:07:26,usr_000213,merch_0089,feed_banner_top
clk_0005200,imp_00048867,2026-09-12 15:14:30,usr_002266,merch_0128,post_order_carousel
clk_0001283,imp_00011886,2026-09-12 15:27:01,usr_000405,merch_0147,feed_banner_top
clk_0002222,imp_00020822,2026-09-12 15:27:31,usr_004125,merch_0112,search_sponsored_item
clk_0004015,imp_00037895,2026-09-12 15:27:43,usr_002644,merch_0083,search_sponsored_item
clk_0003968,imp_00037487,2026-09-12 15:46:36,usr_002166,merch_0186,post_order_carousel
clk_0002438,imp_00022991,2026-09-12 15:57:23,usr_000716,merch_0041,feed_banner_top
clk_0006115,imp_00057899,2026-09-12 16:24:22,usr_001041,merch_0148,post_order_carousel
clk_0003920,imp_00037138,2026-09-12 16:25:48,usr_002624,merch_0071,search_sponsored_item
clk_0005278,imp_00049696,2026-09-12 16:49:48,usr_004254,merch_0076,search_sponsored_item
clk_0004474,imp_00042284,2026-09-12 16:50:22,usr_004521,merch_0097,category_highlight
clk_0000967,imp_00008963,2026-09-12 17:03:45,usr_004031,merch_0069,search_sponsored_item
clk_0002107,imp_00019603,2026-09-12 17:12:05,usr_001600,merch_0032,search_sponsored_item
clk_0005649,imp_00053276,2026-09-12 17:14:17,usr_003630,merch_0039,search_sponsored_item
clk_0004482,imp_00042378,2026-09-12 17:29:22,usr_004821,merch_0071,post_order_carousel
clk_0000972,imp_00008982,2026-09-12 17:57:20,usr_000909,merch_0154,post_order_carousel
clk_0006277,imp_00059608,2026-09-12 18:01:38,usr_003191,merch_0154,feed_banner_top
clk_0003796,imp_00036055,2026-09-12 18:05:45,usr_000416,merch_0056,feed_banner_top
clk_0000642,imp_00005902,2026-09-12 18:09:15,usr_002674,merch_0049,post_order_carousel
clk_0005235,imp_00049239,2026-09-12 18:17:26,usr_004628,merch_0138,feed_banner_top
clk_0001022,imp_00009440,2026-09-12 18:37:24,usr_002691,merch_0097,search_sponsored_item
clk_0002004,imp_00018576,2026-09-12 18:40:20,usr_003975,merch_0128,search_sponsored_item
clk_0001828,imp_00016896,2026-09-12 18:46:50,usr_002576,merch_0077,search_sponsored_item
clk_0001477,imp_00013597,2026-09-12 18:49:52,usr_003343,merch_0140,search_sponsored_item
clk_0000101,imp_00000895,2026-09-12 19:05:40,usr_002960,merch_0112,feed_banner_top
clk_0003913,imp_00037065,2026-09-12 19:12:42,usr_002130,merch_0152,search_sponsored_item
clk_0005313,imp_00049940,2026-09-12 19:17:12,usr_004555,merch_0178,search_sponsored_item
clk_0004912,imp_00046190,2026-09-12 19:31:44,usr_003053,merch_0170,search_sponsored_item
clk_0004536,imp_00042806,2026-09-12 19:40:49,usr_003571,merch_0183,search_sponsored_item
clk_0000963,imp_00008939,2026-09-12 19:54:45,usr_000517,merch_0015,feed_banner_top
clk_0003505,imp_00033328,2026-09-12 19:56:13,usr_003510,merch_0131,feed_banner_top
clk_0005521,imp_00052116,2026-09-12 19:56:19,usr_000593,merch_0092,feed_banner_top
clk_0001198,imp_00011243,2026-09-12 20:10:35,usr_003756,merch_0069,post_order_carousel
clk_0001385,imp_00012797,2026-09-12 20:35:20,usr_002856,merch_0044,search_sponsored_item
clk_0000113,imp_00001033,2026-09-12 20:41:51,usr_004145,merch_0017,search_sponsored_item
clk_0004232,imp_00039814,2026-09-12 20:48:24,usr_003043,merch_0142,post_order_carousel
clk_0006266,imp_00059525,2026-09-12 20:49:31,usr_001685,merch_0056,feed_banner_top
clk_0005378,imp_00050696,2026-09-12 20:56:48,usr_003419,merch_0047,post_order_carousel
clk_0000745,imp_00006945,2026-09-12 21:00:12,usr_001013,merch_0015,search_sponsored_item
clk_0004475,imp_00042294,2026-09-12 21:00:38,usr_000611,merch_0071,search_sponsored_item
clk_0002011,imp_00018648,2026-09-12 21:02:30,usr_002328,merch_0119,feed_banner_top
clk_0002838,imp_00026994,2026-09-12 21:06:27,usr_000836,merch_0017,feed_banner_top
clk_0004204,imp_00039609,2026-09-12 21:09:45,usr_004127,merch_0025,search_sponsored_item
clk_0004199,imp_00039545,2026-09-12 21:12:05,usr_000689,merch_0086,feed_banner_top
clk_0003951,imp_00037366,2026-09-12 21:15:26,usr_003470,merch_0161,feed_banner_top
clk_0002084,imp_00019397,2026-09-12 21:17:52,usr_002708,merch_0069,feed_banner_top
clk_0002575,imp_00024155,2026-09-12 21:31:41,usr_002100,merch_0154,feed_banner_top
clk_0005992,imp_00056520,2026-09-12 21:48:05,usr_001100,merch_0125,feed_banner_top
clk_0002593,imp_00024332,2026-09-12 21:50:57,usr_003701,merch_0089,post_order_carousel
clk_0004337,imp_00040990,2026-09-12 22:07:49,usr_003231,merch_0056,feed_banner_top
clk_0003880,imp_00036807,2026-09-12 22:11:21,usr_002103,merch_0077,search_sponsored_item
clk_0000527,imp_00004765,2026-09-12 22:15:41,usr_004845,merch_0103,search_sponsored_item
clk_0005226,imp_00049179,2026-09-12 22:17:14,usr_001287,merch_0128,search_sponsored_item
clk_0001642,imp_00015155,2026-09-12 22:18:12,usr_000040,merch_0131,feed_banner_top
clk_0000320,imp_00003019,2026-09-12 22:24:57,usr_002036,merch_0047,post_order_carousel
clk_0004655,imp_00043890,2026-09-12 22:46:01,usr_001432,merch_0161,search_sponsored_item
clk_0000686,imp_00006361,2026-09-12 23:06:40,usr_000160,merch_0150,search_sponsored_item
clk_0005849,imp_00055137,2026-09-12 23:06:51,usr_003434,merch_0169,search_sponsored_item
clk_0001221,imp_00011379,2026-09-12 23:07:39,usr_004483,merch_0186,search_sponsored_item
clk_0003865,imp_00036677,2026-09-13 00:20:38,usr_002892,merch_0062,search_sponsored_item
clk_0005935,imp_00055917,2026-09-13 00:25:23,usr_002766,merch_0138,search_sponsored_item
clk_0003829,imp_00036330,2026-09-13 00:34:53,usr_002605,merch_0144,post_order_carousel
clk_0001142,imp_00010639,2026-09-13 00:45:40,usr_002063,merch_0168,post_order_carousel
clk_0000602,imp_00005509,2026-09-13 00:46:53,usr_004595,merch_0044,post_order_carousel
clk_0005804,imp_00054760,2026-09-13 00:57:53,usr_000720,merch_0142,post_order_carousel
clk_0000769,imp_00007163,2026-09-13 01:38:08,usr_001828,merch_0092,search_sponsored_item
clk_0004144,imp_00039040,2026-09-13 01:53:22,usr_004294,merch_0200,feed_banner_top
clk_0000968,imp_00008968,2026-09-13 02:07:02,usr_004493,merch_0083,feed_banner_top
clk_0006107,imp_00057778,2026-09-13 02:25:40,usr_000544,merch_0168,feed_banner_top
clk_0003423,imp_00032606,2026-09-13 02:47:51,usr_001466,merch_0196,feed_banner_top
clk_0002437,imp_00022984,2026-09-13 02:54:14,usr_001618,merch_0147,feed_banner_top
clk_0005814,imp_00054826,2026-09-13 02:56:50,usr_000516,merch_0086,search_sponsored_item
clk_0003895,imp_00036907,2026-09-13 03:04:36,usr_002914,merch_0141,search_sponsored_item
clk_0003634,imp_00034598,2026-09-13 03:07:18,usr_004059,merch_0004,search_sponsored_item
clk_0000843,imp_00007890,2026-09-13 03:15:48,usr_001415,merch_0049,search_sponsored_item
clk_0002615,imp_00024573,2026-09-13 03:24:11,usr_003242,merch_0150,feed_banner_top
clk_0003577,imp_00034023,2026-09-13 03:33:52,usr_001219,merch_0150,search_sponsored_item
clk_0006071,imp_00057422,2026-09-13 03:34:00,usr_004148,merch_0019,search_sponsored_item
clk_0000825,imp_00007768,2026-09-13 04:20:24,usr_002053,merch_0072,feed_banner_top
clk_0001267,imp_00011714,2026-09-13 04:20:25,usr_002542,merch_0111,feed_banner_top
clk_0002583,imp_00024232,2026-09-13 04:25:19,usr_004091,merch_0131,feed_banner_top
clk_0001018,imp_00009398,2026-09-13 04:39:26,usr_004553,merch_0030,post_order_carousel
clk_0001416,imp_00013109,2026-09-13 04:55:42,usr_000760,merch_0062,feed_banner_top
clk_0004931,imp_00046368,2026-09-13 05:06:01,usr_003651,merch_0103,search_sponsored_item
clk_0002793,imp_00026487,2026-09-13 05:08:31,usr_003218,merch_0015,search_sponsored_item
clk_0000314,imp_00002972,2026-09-13 05:35:01,usr_002041,merch_0183,feed_banner_top
clk_0004402,imp_00041654,2026-09-13 06:03:05,usr_004044,merch_0092,category_highlight
clk_0000370,imp_00003463,2026-09-13 06:48:22,usr_000965,merch_0168,search_sponsored_item
clk_0000363,imp_00003419,2026-09-13 07:03:13,usr_004527,merch_0152,category_highlight
clk_0003847,imp_00036521,2026-09-13 07:08:53,usr_000471,merch_0142,search_sponsored_item
clk_0002307,imp_00021702,2026-09-13 07:42:13,usr_001946,merch_0071,search_sponsored_item
clk_0005659,imp_00053350,2026-09-13 07:45:26,usr_000232,merch_0045,search_sponsored_item
clk_0000786,imp_00007373,2026-09-13 07:45:38,usr_000932,merch_0032,search_sponsored_item
clk_0004485,imp_00042384,2026-09-13 07:50:50,usr_003582,merch_0154,feed_banner_top
clk_0003266,imp_00031124,2026-09-13 07:55:50,usr_003620,merch_0183,search_sponsored_item
clk_0005379,imp_00050734,2026-09-13 08:07:16,usr_004821,merch_0200,post_order_carousel
clk_0000935,imp_00008706,2026-09-13 08:10:01,usr_000041,merch_0019,feed_banner_top
clk_0005983,imp_00056441,2026-09-13 08:14:27,usr_001962,merch_0034,search_sponsored_item
clk_0001585,imp_00014661,2026-09-13 08:35:13,usr_000747,merch_0024,search_sponsored_item
clk_0004484,imp_00042381,2026-09-13 08:49:39,usr_003174,merch_0044,feed_banner_top
clk_0004945,imp_00046451,2026-09-13 08:56:06,usr_001528,merch_0069,feed_banner_top
clk_0005259,imp_00049497,2026-09-13 08:59:22,usr_000923,merch_0047,search_sponsored_item
clk_0001988,imp_00018420,2026-09-13 09:00:39,usr_004399,merch_0089,post_order_carousel
clk_0002877,imp_00027349,2026-09-13 09:09:39,usr_004832,merch_0015,category_highlight
clk_0000461,imp_00004214,2026-09-13 09:09:52,usr_004092,merch_0085,search_sponsored_item
clk_0004331,imp_00040899,2026-09-13 09:09:55,usr_001459,merch_0147,feed_banner_top
clk_0006314,imp_00059986,2026-09-13 09:30:48,usr_002989,merch_0165,feed_banner_top
clk_0002141,imp_00019972,2026-09-13 09:43:14,usr_000699,merch_0100,feed_banner_top
clk_0003767,imp_00035746,2026-09-13 09:45:17,usr_001165,merch_0025,category_highlight
clk_0003615,imp_00034428,2026-09-13 09:48:13,usr_003751,merch_0119,search_sponsored_item
clk_0000047,imp_00000447,2026-09-13 09:50:56,usr_000523,merch_0016,feed_banner_top
clk_0000402,imp_00003738,2026-09-13 10:06:16,usr_001906,merch_0100,search_sponsored_item
clk_0005158,imp_00048466,2026-09-13 10:14:57,usr_001536,merch_0036,feed_banner_top
clk_0001061,imp_00009905,2026-09-13 10:36:04,usr_001943,merch_0086,feed_banner_top
clk_0000839,imp_00007852,2026-09-13 10:42:15,usr_001850,merch_0086,feed_banner_top
clk_0001162,imp_00010928,2026-09-13 10:47:04,usr_003269,merch_0163,feed_banner_top
clk_0005406,imp_00050988,2026-09-13 11:26:06,usr_004454,merch_0097,feed_banner_top
clk_0002354,imp_00022127,2026-09-13 11:26:41,usr_004878,merch_0036,feed_banner_top
clk_0004636,imp_00043776,2026-09-13 11:29:18,usr_002809,merch_0148,feed_banner_top
clk_0002765,imp_00026151,2026-09-13 12:01:37,usr_001893,merch_0085,post_order_carousel
clk_0004644,imp_00043825,2026-09-13 12:05:38,usr_004451,merch_0131,feed_banner_top
clk_0000948,imp_00008808,2026-09-13 12:06:16,usr_004758,merch_0032,search_sponsored_item
clk_0005954,imp_00056177,2026-09-13 12:16:16,usr_000110,merch_0149,search_sponsored_item
clk_0005606,imp_00052906,2026-09-13 12:19:02,usr_000776,merch_0178,post_order_carousel
clk_0002974,imp_00028216,2026-09-13 12:20:30,usr_002699,merch_0030,search_sponsored_item
clk_0000340,imp_00003213,2026-09-13 12:36:17,usr_001230,merch_0077,feed_banner_top
clk_0001076,imp_00010012,2026-09-13 12:43:16,usr_000296,merch_0110,category_highlight
clk_0001192,imp_00011193,2026-09-13 12:44:08,usr_000932,merch_0131,search_sponsored_item
clk_0006021,imp_00056831,2026-09-13 12:50:52,usr_004948,merch_0141,feed_banner_top
clk_0000817,imp_00007653,2026-09-13 12:53:39,usr_001959,merch_0004,search_sponsored_item
clk_0001025,imp_00009473,2026-09-13 13:10:05,usr_000387,merch_0076,search_sponsored_item
clk_0000323,imp_00003030,2026-09-13 13:33:28,usr_001434,merch_0168,feed_banner_top
clk_0000718,imp_00006631,2026-09-13 13:44:59,usr_002461,merch_0058,search_sponsored_item
clk_0004787,imp_00045089,2026-09-13 13:48:35,usr_003211,merch_0015,post_order_carousel
clk_0001983,imp_00018326,2026-09-13 13:49:19,usr_001903,merch_0130,post_order_carousel
clk_0000790,imp_00007427,2026-09-13 13:51:58,usr_001687,merch_0037,search_sponsored_item
clk_0001953,imp_00018045,2026-09-13 13:52:17,usr_001852,merch_0004,search_sponsored_item
clk_0005269,imp_00049567,2026-09-13 14:06:20,usr_000271,merch_0119,category_highlight
clk_0003538,imp_00033641,2026-09-13 14:13:36,usr_000101,merch_0085,search_sponsored_item
clk_0000141,imp_00001317,2026-09-13 14:32:25,usr_004848,merch_0168,search_sponsored_item
clk_0001177,imp_00011086,2026-09-13 14:33:27,usr_003555,merch_0023,post_order_carousel
clk_0004483,imp_00042380,2026-09-13 14:48:38,usr_000915,merch_0085,search_sponsored_item
clk_0005460,imp_00051523,2026-09-13 14:50:38,usr_000575,merch_0056,category_highlight
clk_0003334,imp_00031640,2026-09-13 15:08:04,usr_003307,merch_0119,feed_banner_top
clk_0003732,imp_00035440,2026-09-13 15:09:59,usr_001874,merch_0141,post_order_carousel
clk_0000647,imp_00005988,2026-09-13 15:52:50,usr_002652,merch_0023,search_sponsored_item
clk_0004688,imp_00044233,2026-09-13 16:07:36,usr_002893,merch_0041,category_highlight
clk_0004427,imp_00041879,2026-09-13 16:40:02,usr_004268,merch_0183,search_sponsored_item
clk_0002453,imp_00023089,2026-09-13 16:42:43,usr_001925,merch_0161,search_sponsored_item
clk_0002672,imp_00025247,2026-09-13 16:46:49,usr_004892,merch_0079,feed_banner_top
clk_0004241,imp_00039924,2026-09-13 17:13:34,usr_002402,merch_0032,feed_banner_top
clk_0003519,imp_00033457,2026-09-13 17:40:05,usr_001914,merch_0188,search_sponsored_item
clk_0006187,imp_00058601,2026-09-13 17:42:56,usr_004537,merch_0186,feed_banner_top
clk_0000476,imp_00004405,2026-09-13 17:55:12,usr_001707,merch_0200,search_sponsored_item
clk_0002338,imp_00021974,2026-09-13 17:55:41,usr_004985,merch_0131,post_order_carousel
clk_0004896,imp_00045991,2026-09-13 18:01:27,usr_003273,merch_0186,search_sponsored_item
clk_0000179,imp_00001665,2026-09-13 18:15:47,usr_000017,merch_0001,search_sponsored_item
clk_0001305,imp_00012136,2026-09-13 18:18:49,usr_004297,merch_0188,search_sponsored_item
clk_0005283,imp_00049731,2026-09-13 18:26:17,usr_002960,merch_0112,feed_banner_top
clk_0004287,imp_00040389,2026-09-13 18:43:16,usr_003899,merch_0062,post_order_carousel
clk_0003822,imp_00036237,2026-09-13 18:48:20,usr_004866,merch_0100,feed_banner_top
clk_0005808,imp_00054801,2026-09-13 19:02:07,usr_000320,merch_0019,search_sponsored_item
clk_0001171,imp_00010990,2026-09-13 19:02:35,usr_000918,merch_0016,feed_banner_top
clk_0000801,imp_00007543,2026-09-13 19:11:02,usr_001189,merch_0078,search_sponsored_item
clk_0001318,imp_00012245,2026-09-13 19:40:14,usr_004861,merch_0152,category_highlight
clk_0001141,imp_00010631,2026-09-13 19:43:40,usr_004746,merch_0200,category_highlight
clk_0002082,imp_00019383,2026-09-13 19:46:30,usr_001721,merch_0117,search_sponsored_item
clk_0003135,imp_00029815,2026-09-13 19:49:56,usr_000444,merch_0149,post_order_carousel
clk_0005291,imp_00049783,2026-09-13 19:52:17,usr_002717,merch_0186,search_sponsored_item
clk_0001544,imp_00014243,2026-09-13 20:04:47,usr_001423,merch_0036,feed_banner_top
clk_0005395,imp_00050904,2026-09-13 20:33:39,usr_003833,merch_0044,search_sponsored_item
clk_0001350,imp_00012520,2026-09-13 20:55:42,usr_004676,merch_0044,category_highlight
clk_0005815,imp_00054828,2026-09-13 20:59:29,usr_001113,merch_0168,post_order_carousel
clk_0002355,imp_00022136,2026-09-13 21:25:00,usr_000027,merch_0060,search_sponsored_item
clk_0003427,imp_00032637,2026-09-13 21:41:33,usr_003950,merch_0149,feed_banner_top
clk_0001405,imp_00013011,2026-09-13 22:39:15,usr_003277,merch_0199,feed_banner_top
clk_0003749,imp_00035632,2026-09-13 23:42:11,usr_001178,merch_0094,category_highlight
clk_0002234,imp_00020951,2026-09-13 23:49:25,usr_003619,merch_0150,search_sponsored_item
clk_0005454,imp_00051464,2026-09-13 23:52:52,usr_004074,merch_0161,search_sponsored_item
clk_0000099,imp_00000886,2026-09-13 23:55:30,usr_004743,merch_0094,feed_banner_top
clk_0000942,imp_00008777,2026-09-13 23:58:54,usr_001034,merch_0044,search_sponsored_item
clk_0001806,imp_00016698,2026-09-14 00:24:54,usr_001905,merch_0017,category_highlight
clk_0003297,imp_00031327,2026-09-14 00:27:40,usr_000770,merch_0200,feed_banner_top
clk_0001690,imp_00015576,2026-09-14 00:34:57,usr_004613,merch_0079,search_sponsored_item
clk_0001303,imp_00012118,2026-09-14 00:45:12,usr_001613,merch_0199,search_sponsored_item
clk_0000596,imp_00005463,2026-09-14 00:49:10,usr_001645,merch_0031,search_sponsored_item
clk_0005931,imp_00055893,2026-09-14 01:09:57,usr_000125,merch_0174,search_sponsored_item
clk_0003246,imp_00030895,2026-09-14 01:11:43,usr_001487,merch_0188,search_sponsored_item
clk_0000441,imp_00004056,2026-09-14 01:12:14,usr_000285,merch_0040,feed_banner_top
clk_0001308,imp_00012164,2026-09-14 01:39:55,usr_004603,merch_0045,search_sponsored_item
clk_0002409,imp_00022752,2026-09-14 02:19:32,usr_000265,merch_0181,search_sponsored_item
clk_0004382,imp_00041456,2026-09-14 02:27:49,usr_004515,merch_0059,search_sponsored_item
clk_0002878,imp_00027356,2026-09-14 02:31:17,usr_003257,merch_0036,category_highlight
clk_0004186,imp_00039416,2026-09-14 02:48:47,usr_000450,merch_0049,feed_banner_top
clk_0000059,imp_00000589,2026-09-14 03:32:53,usr_003505,merch_0163,search_sponsored_item
clk_0001447,imp_00013363,2026-09-14 03:41:39,usr_000846,merch_0138,search_sponsored_item
clk_0003371,imp_00032065,2026-09-14 03:45:47,usr_004521,merch_0199,search_sponsored_item
clk_0001203,imp_00011271,2026-09-14 04:14:10,usr_000141,merch_0162,post_order_carousel
clk_0002328,imp_00021881,2026-09-14 04:34:54,usr_001040,merch_0033,search_sponsored_item
clk_0002610,imp_00024506,2026-09-14 04:50:49,usr_001207,merch_0150,post_order_carousel
clk_0004289,imp_00040411,2026-09-14 04:51:56,usr_000062,merch_0152,category_highlight
clk_0003165,imp_00030061,2026-09-14 05:02:01,usr_003161,merch_0069,post_order_carousel
clk_0006283,imp_00059631,2026-09-14 05:12:16,usr_000830,merch_0040,search_sponsored_item
clk_0001027,imp_00009478,2026-09-14 05:16:37,usr_004230,merch_0060,search_sponsored_item
clk_0001715,imp_00015833,2026-09-14 05:27:43,usr_004260,merch_0004,search_sponsored_item
clk_0002513,imp_00023524,2026-09-14 05:48:32,usr_002528,merch_0125,search_sponsored_item
clk_0005206,imp_00048958,2026-09-14 05:48:40,usr_002089,merch_0062,feed_banner_top
clk_0005299,imp_00049856,2026-09-14 06:01:28,usr_001095,merch_0086,post_order_carousel
clk_0000250,imp_00002329,2026-09-14 06:37:26,usr_003984,merch_0025,search_sponsored_item
clk_0005011,imp_00047073,2026-09-14 06:42:05,usr_004460,merch_0086,search_sponsored_item
clk_0002927,imp_00027776,2026-09-14 06:45:46,usr_001667,merch_0170,category_highlight
clk_0004113,imp_00038666,2026-09-14 06:51:54,usr_001377,merch_0196,post_order_carousel
clk_0000262,imp_00002421,2026-09-14 06:59:44,usr_003621,merch_0058,category_highlight
clk_0003950,imp_00037355,2026-09-14 07:04:33,usr_003532,merch_0058,category_highlight
clk_0004492,imp_00042435,2026-09-14 07:11:21,usr_001402,merch_0032,search_sponsored_item
clk_0003255,imp_00030992,2026-09-14 07:17:48,usr_004186,merch_0161,feed_banner_top
clk_0005565,imp_00052510,2026-09-14 07:55:39,usr_004766,merch_0017,feed_banner_top
clk_0001727,imp_00015938,2026-09-14 08:00:48,usr_000994,merch_0130,search_sponsored_item
clk_0000807,imp_00007587,2026-09-14 08:04:54,usr_004534,merch_0149,post_order_carousel
clk_0000614,imp_00005607,2026-09-14 08:06:10,usr_000817,merch_0141,post_order_carousel
clk_0001694,imp_00015607,2026-09-14 08:10:21,usr_001711,merch_0037,feed_banner_top
clk_0005681,imp_00053567,2026-09-14 08:36:40,usr_004335,merch_0052,search_sponsored_item
clk_0005525,imp_00052144,2026-09-14 08:40:13,usr_004775,merch_0072,feed_banner_top
clk_0002103,imp_00019581,2026-09-14 08:42:38,usr_000679,merch_0033,category_highlight
clk_0002547,imp_00023910,2026-09-14 08:51:49,usr_001410,merch_0016,feed_banner_top
clk_0004110,imp_00038617,2026-09-14 08:55:32,usr_004465,merch_0150,post_order_carousel
clk_0003267,imp_00031125,2026-09-14 09:00:34,usr_003351,merch_0178,search_sponsored_item
clk_0001849,imp_00017062,2026-09-14 09:04:09,usr_003935,merch_0039,feed_banner_top
clk_0000802,imp_00007544,2026-09-14 09:09:28,usr_001710,merch_0162,search_sponsored_item
clk_0001803,imp_00016683,2026-09-14 09:10:57,usr_001112,merch_0049,search_sponsored_item
clk_0002468,imp_00023153,2026-09-14 09:12:06,usr_004836,merch_0186,search_sponsored_item
clk_0003941,imp_00037288,2026-09-14 09:15:19,usr_001885,merch_0085,feed_banner_top
clk_0001410,imp_00013052,2026-09-14 09:20:26,usr_004148,merch_0094,search_sponsored_item
clk_0003205,imp_00030494,2026-09-14 09:48:39,usr_001927,merch_0045,feed_banner_top
clk_0003690,imp_00035179,2026-09-14 09:55:10,usr_002238,merch_0100,feed_banner_top
clk_0000663,imp_00006154,2026-09-14 11:02:57,usr_001886,merch_0083,feed_banner_top
clk_0002374,imp_00022322,2026-09-14 11:09:10,usr_004009,merch_0056,category_highlight
clk_0005154,imp_00048420,2026-09-14 11:34:35,usr_002954,merch_0148,search_sponsored_item
clk_0004362,imp_00041225,2026-09-14 11:36:49,usr_000784,merch_0076,search_sponsored_item
clk_0000364,imp_00003424,2026-09-14 12:00:42,usr_000981,merch_0125,feed_banner_top
clk_0005443,imp_00051352,2026-09-14 12:06:00,usr_003074,merch_0148,search_sponsored_item
clk_0005087,imp_00047881,2026-09-14 12:06:11,usr_003380,merch_0040,search_sponsored_item
clk_0003482,imp_00033133,2026-09-14 12:15:29,usr_004773,merch_0162,post_order_carousel
clk_0004478,imp_00042341,2026-09-14 12:17:11,usr_004670,merch_0117,category_highlight
clk_0001430,imp_00013184,2026-09-14 12:26:35,usr_003301,merch_0112,feed_banner_top
clk_0001526,imp_00014112,2026-09-14 12:46:47,usr_000877,merch_0071,post_order_carousel
clk_0000722,imp_00006711,2026-09-14 12:53:26,usr_000969,merch_0161,post_order_carousel
clk_0000791,imp_00007432,2026-09-14 13:11:38,usr_003050,merch_0016,search_sponsored_item
clk_0001420,imp_00013132,2026-09-14 13:21:31,usr_004729,merch_0199,feed_banner_top
clk_0006288,imp_00059659,2026-09-14 13:24:08,usr_000807,merch_0199,search_sponsored_item
clk_0002633,imp_00024789,2026-09-14 13:29:51,usr_001380,merch_0033,search_sponsored_item
clk_0005350,imp_00050407,2026-09-14 13:30:57,usr_003778,merch_0130,post_order_carousel
clk_0002416,imp_00022786,2026-09-14 13:32:41,usr_004085,merch_0092,feed_banner_top
clk_0006054,imp_00057171,2026-09-14 13:33:52,usr_001156,merch_0112,search_sponsored_item
clk_0005633,imp_00053125,2026-09-14 13:37:21,usr_002539,merch_0060,search_sponsored_item
clk_0005794,imp_00054647,2026-09-14 13:48:23,usr_004569,merch_0200,feed_banner_top
clk_0004277,imp_00040276,2026-09-14 13:54:21,usr_002754,merch_0041,search_sponsored_item
clk_0003678,imp_00035118,2026-09-14 13:55:18,usr_000607,merch_0039,search_sponsored_item
clk_0005502,imp_00051935,2026-09-14 14:04:56,usr_003049,merch_0025,search_sponsored_item
clk_0002657,imp_00025041,2026-09-14 14:07:34,usr_000918,merch_0149,feed_banner_top
clk_0005198,imp_00048858,2026-09-14 14:09:15,usr_000767,merch_0135,feed_banner_top
clk_0002514,imp_00023528,2026-09-14 14:18:01,usr_000487,merch_0174,search_sponsored_item
clk_0005038,imp_00047373,2026-09-14 14:18:29,usr_001013,merch_0142,feed_banner_top
clk_0004708,imp_00044426,2026-09-14 14:32:01,usr_000058,merch_0004,search_sponsored_item
clk_0005948,imp_00056126,2026-09-14 14:44:41,usr_003680,merch_0154,category_highlight
clk_0004969,imp_00046689,2026-09-14 15:02:19,usr_001862,merch_0150,feed_banner_top
clk_0004909,imp_00046138,2026-09-14 15:17:05,usr_001793,merch_0034,search_sponsored_item
clk_0001592,imp_00014766,2026-09-14 15:25:57,usr_001702,merch_0181,feed_banner_top
clk_0001036,imp_00009562,2026-09-14 15:31:35,usr_004970,merch_0015,search_sponsored_item
clk_0001737,imp_00016032,2026-09-14 15:39:18,usr_000223,merch_0058,post_order_carousel
clk_0000582,imp_00005326,2026-09-14 15:52:55,usr_002890,merch_0041,search_sponsored_item
clk_0005274,imp_00049637,2026-09-14 16:04:31,usr_004012,merch_0058,post_order_carousel
clk_0004100,imp_00038558,2026-09-14 16:28:02,usr_002046,merch_0062,feed_banner_top
clk_0004997,imp_00046890,2026-09-14 16:28:20,usr_002493,merch_0200,search_sponsored_item
clk_0005178,imp_00048670,2026-09-14 16:29:19,usr_003812,merch_0019,search_sponsored_item
clk_0003702,imp_00035252,2026-09-14 16:55:21,usr_001341,merch_0183,search_sponsored_item
clk_0002421,imp_00022843,2026-09-14 16:56:07,usr_004378,merch_0019,feed_banner_top
clk_0005751,imp_00054176,2026-09-14 17:07:12,usr_001361,merch_0077,search_sponsored_item
clk_0002643,imp_00024878,2026-09-14 17:15:49,usr_004391,merch_0104,search_sponsored_item
clk_0005694,imp_00053728,2026-09-14 17:18:36,usr_003794,merch_0041,search_sponsored_item
clk_0002164,imp_00020295,2026-09-14 17:19:27,usr_001369,merch_0138,search_sponsored_item
clk_0004691,imp_00044253,2026-09-14 17:29:27,usr_000017,merch_0165,post_order_carousel
clk_0002382,imp_00022390,2026-09-14 17:32:57,usr_000669,merch_0030,feed_banner_top
clk_0004234,imp_00039830,2026-09-14 17:38:51,usr_004761,merch_0037,feed_banner_top
clk_0000192,imp_00001832,2026-09-14 17:45:22,usr_000584,merch_0008,feed_banner_top
clk_0000672,imp_00006245,2026-09-14 17:46:51,usr_000080,merch_0097,search_sponsored_item
clk_0004007,imp_00037841,2026-09-14 17:50:28,usr_001591,merch_0097,search_sponsored_item
clk_0001650,imp_00015207,2026-09-14 17:54:36,usr_002470,merch_0162,search_sponsored_item
clk_0002299,imp_00021617,2026-09-14 17:59:44,usr_003761,merch_0161,category_highlight
clk_0000729,imp_00006810,2026-09-14 18:07:25,usr_003989,merch_0186,search_sponsored_item
clk_0003262,imp_00031058,2026-09-14 18:16:30,usr_001432,merch_0149,feed_banner_top
clk_0005904,imp_00055550,2026-09-14 18:18:13,usr_003356,merch_0162,search_sponsored_item
clk_0003687,imp_00035154,2026-09-14 18:19:14,usr_000851,merch_0199,post_order_carousel
clk_0000755,imp_00007030,2026-09-14 18:22:36,usr_003943,merch_0148,feed_banner_top
clk_0002882,imp_00027393,2026-09-14 18:29:00,usr_001411,merch_0168,search_sponsored_item
clk_0004069,imp_00038359,2026-09-14 18:36:37,usr_000145,merch_0131,feed_banner_top
clk_0000244,imp_00002289,2026-09-14 18:39:25,usr_003147,merch_0125,search_sponsored_item
clk_0003212,imp_00030549,2026-09-14 18:41:49,usr_001992,merch_0154,category_highlight
clk_0005254,imp_00049384,2026-09-14 18:51:13,usr_003049,merch_0165,feed_banner_top
clk_0000062,imp_00000611,2026-09-14 18:53:25,usr_000113,merch_0032,feed_banner_top
clk_0005893,imp_00055442,2026-09-14 18:55:52,usr_002542,merch_0077,search_sponsored_item
clk_0003186,imp_00030330,2026-09-14 18:57:26,usr_004970,merch_0071,search_sponsored_item
clk_0004993,imp_00046859,2026-09-14 19:08:46,usr_001224,merch_0150,search_sponsored_item
clk_0005253,imp_00049382,2026-09-14 19:14:58,usr_001346,merch_0199,search_sponsored_item
clk_0003253,imp_00030972,2026-09-14 19:17:06,usr_000827,merch_0083,search_sponsored_item
clk_0005155,imp_00048448,2026-09-14 19:19:28,usr_000817,merch_0135,search_sponsored_item
clk_0004705,imp_00044420,2026-09-14 19:36:44,usr_001663,merch_0183,feed_banner_top
clk_0004998,imp_00046900,2026-09-14 20:16:22,usr_004512,merch_0199,feed_banner_top
clk_0000051,imp_00000500,2026-09-14 20:43:43,usr_004644,merch_0023,search_sponsored_item
clk_0005813,imp_00054825,2026-09-14 20:46:00,usr_002160,merch_0044,category_highlight
clk_0002576,imp_00024165,2026-09-14 20:53:21,usr_000479,merch_0044,post_order_carousel
clk_0005961,imp_00056230,2026-09-14 20:54:23,usr_000452,merch_0124,feed_banner_top
clk_0001105,imp_00010279,2026-09-14 20:55:13,usr_004018,merch_0058,search_sponsored_item
clk_0001391,imp_00012833,2026-09-14 20:55:42,usr_002445,merch_0058,category_highlight
clk_0001463,imp_00013494,2026-09-14 21:15:38,usr_004526,merch_0125,search_sponsored_item
clk_0001952,imp_00018014,2026-09-14 21:16:49,usr_004390,merch_0079,feed_banner_top
clk_0003359,imp_00031887,2026-09-14 21:21:03,usr_004341,merch_0037,search_sponsored_item
clk_0002910,imp_00027596,2026-09-14 21:28:19,usr_003083,merch_0049,search_sponsored_item
clk_0000233,imp_00002191,2026-09-14 21:32:48,usr_003110,merch_0104,search_sponsored_item
clk_0000076,imp_00000719,2026-09-14 21:37:17,usr_001215,merch_0041,post_order_carousel
clk_0004550,imp_00043006,2026-09-14 21:45:43,usr_001131,merch_0019,feed_banner_top
clk_0000706,imp_00006510,2026-09-14 21:53:41,usr_000751,merch_0147,feed_banner_top
clk_0002499,imp_00023449,2026-09-14 22:03:06,usr_002579,merch_0200,feed_banner_top
clk_0002787,imp_00026416,2026-09-14 22:07:03,usr_001620,merch_0163,feed_banner_top
clk_0002131,imp_00019877,2026-09-14 22:15:25,usr_002366,merch_0165,category_highlight
clk_0000210,imp_00001991,2026-09-14 22:17:47,usr_001561,merch_0077,search_sponsored_item
clk_0005388,imp_00050849,2026-09-14 22:21:19,usr_001772,merch_0058,feed_banner_top
clk_0005289,imp_00049771,2026-09-14 22:25:07,usr_003339,merch_0037,search_sponsored_item
clk_0001896,imp_00017467,2026-09-14 22:31:17,usr_004981,merch_0085,post_order_carousel
clk_0000624,imp_00005677,2026-09-14 22:33:37,usr_001542,merch_0170,post_order_carousel
clk_0001766,imp_00016299,2026-09-14 22:35:17,usr_003824,merch_0069,search_sponsored_item
clk_0003693,imp_00035189,2026-09-14 22:35:31,usr_000519,merch_0004,feed_banner_top
clk_0000200,imp_00001899,2026-09-14 22:51:28,usr_003499,merch_0045,search_sponsored_item
clk_0002587,imp_00024265,2026-09-14 22:54:53,usr_002531,merch_0152,feed_banner_top
clk_0000988,imp_00009114,2026-09-14 22:56:18,usr_002558,merch_0162,feed_banner_top
clk_0003095,imp_00029443,2026-09-14 23:20:22,usr_004656,merch_0056,feed_banner_top
clk_0005742,imp_00054108,2026-09-14 23:21:08,usr_004102,merch_0124,category_highlight
clk_0000307,imp_00002935,2026-09-14 23:31:29,usr_001137,merch_0154,post_order_carousel
